timestamp,open,high,low,close,volume,spread
2008-11-08 08:00:00+00:00,10.04,10.05,9.98,10.02,49,0
2008-11-11 08:00:00+00:00,10.2,10.55,10.09,10.18,3565,0
2008-11-12 08:00:00+00:00,10.19,10.24,9.56,9.75,3525,0
2008-11-13 08:00:00+00:00,9.79,9.89,9.28,9.35,4462,0
2008-11-14 08:00:00+00:00,9.31,9.52,8.8,9.43,4769,0
2008-11-15 08:00:00+00:00,9.43,9.7,9.21,9.51,4503,0
2008-11-18 08:00:00+00:00,9.46,9.67,9.23,9.29,3822,0
2008-11-19 08:00:00+00:00,9.29,9.75,9.14,9.62,4142,0
2008-11-20 08:00:00+00:00,9.61,9.85,9.23,9.23,4072,0
2008-11-21 08:00:00+00:00,9.26,9.46,8.83,8.95,4476,0
2008-11-22 08:00:00+00:00,8.99,9.66,8.92,9.64,5300,0
2008-11-25 08:00:00+00:00,9.64,10.66,9.49,10.53,4629,0
2008-11-26 08:00:00+00:00,10.54,10.57,10.04,10.31,4651,0
2008-11-27 08:00:00+00:00,10.27,10.46,10.16,10.31,3179,0
2008-11-28 08:00:00+00:00,10.31,10.36,10.19,10.33,895,0
2008-11-29 08:00:00+00:00,10.32,10.36,10.1,10.28,1764,0
2008-12-02 08:00:00+00:00,10.26,10.28,9.2,9.29,3459,0
2008-12-03 08:00:00+00:00,9.2,9.71,9.14,9.52,3817,0
2008-12-04 08:00:00+00:00,9.55,9.72,9.27,9.64,3079,0
2008-12-05 08:00:00+00:00,9.63,9.69,9.32,9.48,3893,0
2008-12-06 08:00:00+00:00,9.47,9.55,9.14,9.51,4194,0
2008-12-09 08:00:00+00:00,9.5,10.35,9.47,9.96,3921,0
2008-12-10 08:00:00+00:00,9.93,10.07,9.64,9.82,3788,0
2008-12-11 08:00:00+00:00,9.83,10.26,9.8,10.22,3591,0
2008-12-12 08:00:00+00:00,10.19,10.51,10.12,10.31,3537,0
2008-12-13 08:00:00+00:00,10.31,10.37,10.0,10.27,3444,0
2008-12-16 08:00:00+00:00,10.32,10.72,10.25,10.65,3177,0
2008-12-17 08:00:00+00:00,10.63,11.27,10.47,11.22,3587,0
2008-12-18 08:00:00+00:00,11.24,11.6,10.82,11.38,4707,0
2008-12-19 08:00:00+00:00,11.38,11.45,10.92,10.95,3819,0
2008-12-20 08:00:00+00:00,10.98,11.01,10.55,10.82,3005,0
2008-12-23 08:00:00+00:00,10.88,11.05,10.75,10.85,2190,0
2008-12-24 08:00:00+00:00,10.84,10.86,10.1,10.24,2237,0
2008-12-25 08:00:00+00:00,10.28,10.43,10.21,10.37,2024,0
2008-12-27 08:00:00+00:00,10.4,10.74,10.29,10.72,1453,0
2008-12-30 08:00:00+00:00,10.77,11.25,10.7,10.88,2869,0
2008-12-31 08:00:00+00:00,10.88,11.13,10.66,10.94,2816,0
2009-01-01 08:00:00+00:00,10.99,11.22,10.75,11.19,1951,0
2009-01-03 08:00:00+00:00,11.11,11.56,11.02,11.55,2747,0
2009-01-06 08:00:00+00:00,11.67,11.73,10.55,11.23,4211,0
2009-01-07 08:00:00+00:00,11.2,11.51,10.79,11.43,3958,0
2009-01-08 08:00:00+00:00,11.42,11.58,10.87,11.03,4736,0
2009-01-09 08:00:00+00:00,11.03,11.33,10.78,11.12,4500,0
2009-01-10 08:00:00+00:00,11.11,11.6,10.96,11.25,4236,0
2009-01-13 08:00:00+00:00,11.24,11.26,10.55,10.65,4392,0
2009-01-14 08:00:00+00:00,10.64,10.84,10.43,10.73,4074,0
2009-01-15 08:00:00+00:00,10.74,10.87,10.35,10.56,4078,0
2009-01-16 08:00:00+00:00,10.59,10.66,10.33,10.61,4202,0
2009-01-17 08:00:00+00:00,10.61,11.28,10.58,11.25,4086,0
2009-01-20 08:00:00+00:00,11.26,11.3,11.07,11.16,1355,0
2009-01-21 08:00:00+00:00,11.16,11.38,10.91,11.16,3366,0
2009-01-22 08:00:00+00:00,11.17,11.5,11.05,11.3,3401,0
2009-01-23 08:00:00+00:00,11.31,11.49,11.22,11.4,2983,0
2009-01-24 08:00:00+00:00,11.39,12.07,11.26,11.93,4444,0
2009-01-27 08:00:00+00:00,11.9,12.27,11.81,12.04,4059,0
2009-01-28 08:00:00+00:00,12.04,12.21,11.87,12.08,3786,0
2009-01-29 08:00:00+00:00,12.07,12.17,11.83,11.99,3993,0
2009-01-30 08:00:00+00:00,11.96,12.41,11.65,12.35,3836,0
2009-01-31 08:00:00+00:00,12.32,12.65,12.23,12.64,4872,0
2009-02-03 08:00:00+00:00,12.64,12.67,12.2,12.42,3656,0
2009-02-04 08:00:00+00:00,12.4,12.47,12.16,12.44,4174,0
2009-02-05 08:00:00+00:00,12.43,12.59,12.32,12.52,3251,0
2009-02-06 08:00:00+00:00,12.51,12.93,12.3,12.86,4757,0
2009-02-07 08:00:00+00:00,12.84,13.19,12.76,13.09,4408,0
2009-02-10 08:00:00+00:00,13.06,13.11,12.81,12.83,3595,0
2009-02-11 08:00:00+00:00,12.82,13.22,12.75,13.12,3782,0
2009-02-12 08:00:00+00:00,13.09,13.67,13.09,13.51,4334,0
2009-02-13 08:00:00+00:00,13.52,13.74,13.33,13.47,4269,0
2009-02-14 08:00:00+00:00,13.44,13.71,13.25,13.68,3288,0
2009-02-17 08:00:00+00:00,13.62,13.68,13.5,13.6,1374,0
2009-02-18 08:00:00+00:00,13.59,14.21,13.56,14.11,4017,0
2009-02-19 08:00:00+00:00,14.09,14.39,13.99,14.34,4097,0
2009-02-20 08:00:00+00:00,14.34,14.39,13.88,14.02,3940,0
2009-02-21 08:00:00+00:00,14.03,14.6,14.0,14.42,3842,0
2009-02-24 08:00:00+00:00,14.44,14.61,14.1,14.44,3234,0
2009-02-25 08:00:00+00:00,14.42,14.59,13.72,13.76,4434,0
2009-02-26 08:00:00+00:00,13.78,14.14,13.58,13.7,4473,0
2009-02-27 08:00:00+00:00,13.69,13.75,12.93,13.14,4971,0
2009-02-28 08:00:00+00:00,13.15,13.36,12.7,13.1,4804,0
2009-03-03 08:00:00+00:00,13.15,13.34,12.71,12.92,10103,0
2009-03-04 08:00:00+00:00,12.93,12.95,12.42,12.81,29762,0
2009-03-05 08:00:00+00:00,12.78,13.15,12.68,12.9,29967,0
2009-03-06 08:00:00+00:00,13.02,13.31,12.89,13.23,14435,0
2009-03-07 08:00:00+00:00,13.25,13.53,13.23,13.36,30795,0
2009-03-10 08:00:00+00:00,13.25,13.41,12.78,12.96,15157,0
2009-03-11 08:00:00+00:00,12.98,13.01,12.43,12.57,25879,0
2009-03-12 08:00:00+00:00,12.56,12.89,12.48,12.8,14613,0
2009-03-13 08:00:00+00:00,12.8,13.08,12.63,12.9,25047,0
2009-03-14 08:00:00+00:00,12.91,13.29,12.87,13.19,27066,0
2009-03-17 08:00:00+00:00,12.94,13.19,12.79,12.91,34257,0
2009-03-18 08:00:00+00:00,12.9,12.99,12.65,12.71,26867,0
2009-03-19 08:00:00+00:00,12.67,13.0,11.91,12.89,40270,0
2009-03-20 08:00:00+00:00,12.86,13.69,12.64,13.54,43725,0
2009-03-21 08:00:00+00:00,13.52,13.82,13.39,13.7,39719,0
2009-03-24 08:00:00+00:00,13.71,13.89,13.57,13.61,42182,0
2009-03-25 08:00:00+00:00,13.7,13.74,13.27,13.45,44816,0
2009-03-26 08:00:00+00:00,13.41,13.58,12.98,13.43,37337,0
2009-03-27 08:00:00+00:00,13.45,13.75,13.39,13.47,16633,0
2009-03-28 08:00:00+00:00,13.48,13.58,13.1,13.27,1312,0
2009-03-31 08:00:00+00:00,13.31,13.35,12.92,13.05,30268,0
2009-04-01 08:00:00+00:00,13.0,13.27,12.6,12.94,43258,0
2009-04-02 08:00:00+00:00,12.92,13.17,12.83,13.01,36935,0
2009-04-03 08:00:00+00:00,13.02,13.12,12.57,12.9,40949,0
2009-04-07 08:00:00+00:00,12.71,12.71,12.06,12.1,43275,0
2009-04-08 08:00:00+00:00,12.11,12.36,12.04,12.2,35437,0
2009-04-09 08:00:00+00:00,12.27,12.47,12.18,12.24,38824,0
2009-04-10 08:00:00+00:00,12.27,12.4,12.13,12.32,32979,0
2009-04-11 08:00:00+00:00,12.31,12.43,12.3,12.34,242,0
2009-04-14 08:00:00+00:00,12.4,12.86,12.36,12.7,14412,0
2009-04-15 08:00:00+00:00,12.75,12.81,12.56,12.72,34763,0
2009-04-16 08:00:00+00:00,12.7,12.94,12.66,12.76,35746,0
2009-04-17 08:00:00+00:00,12.72,12.81,12.11,12.21,33977,0
2009-04-18 08:00:00+00:00,12.2,12.25,11.8,11.84,35307,0
2009-04-21 08:00:00+00:00,11.86,12.18,11.79,12.04,31474,0
2009-04-22 08:00:00+00:00,12.09,12.25,11.87,11.99,21425,0
2009-04-23 08:00:00+00:00,12.03,12.34,11.97,12.27,6989,0
2009-04-24 08:00:00+00:00,12.29,12.87,12.28,12.74,9442,0
2009-04-25 08:00:00+00:00,12.76,12.95,12.66,12.84,9931,0
2009-04-28 08:00:00+00:00,13.11,13.2,12.76,12.87,7266,0
2009-04-29 08:00:00+00:00,12.84,12.92,12.35,12.44,8160,0
2009-04-30 08:00:00+00:00,12.42,12.81,12.37,12.76,7232,0
2009-05-01 08:00:00+00:00,12.69,12.81,12.19,12.33,7899,0
2009-05-02 08:00:00+00:00,12.32,12.63,12.04,12.48,8000,0
2009-05-05 08:00:00+00:00,12.47,13.15,12.42,13.0,7191,0
2009-05-06 08:00:00+00:00,13.05,13.61,12.99,13.31,8900,0
2009-05-07 08:00:00+00:00,13.27,13.83,13.23,13.69,8984,0
2009-05-08 08:00:00+00:00,13.69,14.15,13.64,13.76,9018,0
2009-05-09 08:00:00+00:00,13.79,14.05,13.76,13.96,7948,0
2009-05-12 08:00:00+00:00,13.96,14.04,13.68,13.91,6714,0
2009-05-13 08:00:00+00:00,13.89,14.33,13.84,14.18,4305,0
2009-05-14 08:00:00+00:00,14.23,14.34,13.88,13.93,1687,0
2009-05-15 08:00:00+00:00,13.94,14.07,13.72,14.0,4768,0
2009-05-16 08:00:00+00:00,14.01,14.17,13.85,13.94,6454,0
2009-05-19 08:00:00+00:00,13.91,14.08,13.62,13.72,8394,0
2009-05-20 08:00:00+00:00,13.71,14.25,13.7,14.13,6833,0
2009-05-21 08:00:00+00:00,14.12,14.38,14.05,14.23,8723,0
2009-05-22 08:00:00+00:00,14.22,14.52,14.07,14.5,6037,0
2009-05-23 08:00:00+00:00,14.48,14.82,14.41,14.64,5963,0
2009-05-26 08:00:00+00:00,14.7,14.75,14.56,14.75,624,0
2009-05-27 08:00:00+00:00,14.65,14.67,14.3,14.55,4438,0
2009-05-28 08:00:00+00:00,14.56,14.99,14.38,14.71,6492,0
2009-05-29 08:00:00+00:00,14.68,15.26,14.61,15.09,6578,0
2009-05-30 08:00:00+00:00,15.17,15.71,15.11,15.69,5361,0
2009-06-02 08:00:00+00:00,15.72,15.96,15.52,15.56,6318,0
2009-06-03 08:00:00+00:00,15.48,15.99,15.45,15.93,5745,0
2009-06-04 08:00:00+00:00,15.93,16.23,15.21,15.29,7767,0
2009-06-05 08:00:00+00:00,15.32,15.91,15.05,15.84,7656,0
2009-06-06 08:00:00+00:00,15.89,15.91,15.15,15.23,7657,0
2009-06-09 08:00:00+00:00,15.29,15.42,14.72,14.93,8319,0
2009-06-10 08:00:00+00:00,14.92,15.34,14.75,15.18,8741,0
2009-06-11 08:00:00+00:00,15.19,15.49,15.02,15.14,7819,0
2009-06-12 08:00:00+00:00,15.19,15.5,14.92,15.35,4820,0
2009-06-13 08:00:00+00:00,15.34,15.39,14.77,14.79,2133,0
2009-06-16 08:00:00+00:00,14.6,14.72,14.01,14.02,1465,0
2009-06-17 08:00:00+00:00,14.06,14.39,14.05,14.14,1313,0
2009-06-18 08:00:00+00:00,14.12,14.35,13.93,14.3,6069,0
2009-06-19 08:00:00+00:00,14.34,14.39,14.1,14.17,7365,0
2009-06-20 08:00:00+00:00,14.16,14.37,14.1,14.18,5430,0
2009-06-23 08:00:00+00:00,14.04,14.08,13.68,13.69,6466,0
2009-06-24 08:00:00+00:00,13.74,13.9,13.59,13.8,6330,0
2009-06-25 08:00:00+00:00,13.89,14.11,13.75,13.81,6742,0
2009-06-26 08:00:00+00:00,13.8,14.05,13.77,13.98,6761,0
2009-06-27 08:00:00+00:00,14.01,14.31,14.01,14.04,5115,0
2009-06-30 08:00:00+00:00,13.92,14.12,13.8,13.83,4358,0
2009-07-01 08:00:00+00:00,13.85,14.13,13.47,13.55,5476,0
2009-07-02 08:00:00+00:00,13.61,13.86,13.58,13.71,4979,0
2009-07-03 08:00:00+00:00,13.77,13.79,13.28,13.36,5295,0
2009-07-04 08:00:00+00:00,13.35,13.47,13.33,13.34,2592,0
2009-07-07 08:00:00+00:00,13.3,13.4,13.0,13.23,2079,0
2009-07-08 08:00:00+00:00,13.27,13.37,13.05,13.08,5242,0
2009-07-09 08:00:00+00:00,13.05,13.15,12.74,12.83,5472,0
2009-07-10 08:00:00+00:00,12.81,12.97,12.76,12.8,2365,0
2009-07-11 08:00:00+00:00,12.82,12.9,12.51,12.64,981,0
2009-07-14 08:00:00+00:00,12.64,12.82,12.44,12.8,919,0
2009-07-15 08:00:00+00:00,12.81,12.99,12.76,12.86,1975,0
2009-07-16 08:00:00+00:00,12.9,13.37,12.87,13.24,5172,0
2009-07-17 08:00:00+00:00,13.26,13.34,13.14,13.27,6381,0
2009-07-18 08:00:00+00:00,13.25,13.46,13.07,13.38,3456,0
2009-07-21 08:00:00+00:00,13.38,13.75,13.38,13.6,4191,0
2009-07-22 08:00:00+00:00,13.63,13.7,13.44,13.51,5038,0
2009-07-23 08:00:00+00:00,13.5,13.75,13.37,13.67,5508,0
2009-07-24 08:00:00+00:00,13.66,13.86,13.62,13.68,4593,0
2009-07-25 08:00:00+00:00,13.68,13.9,13.62,13.86,4553,0
2009-07-28 08:00:00+00:00,13.81,14.1,13.73,14.0,4330,0
2009-07-29 08:00:00+00:00,13.99,14.1,13.59,13.67,6237,0
2009-07-30 08:00:00+00:00,13.69,13.72,13.17,13.26,20698,0
2009-07-31 08:00:00+00:00,13.29,13.59,13.26,13.44,29883,0
2009-08-01 08:00:00+00:00,13.45,13.97,13.38,13.88,27709,0
2009-08-04 08:00:00+00:00,13.92,14.47,13.92,14.2,29140,0
2009-08-05 08:00:00+00:00,14.25,14.76,14.02,14.6,27303,0
2009-08-06 08:00:00+00:00,14.57,14.84,14.53,14.64,27979,0
2009-08-07 08:00:00+00:00,14.64,15.03,14.39,14.53,26459,0
2009-08-08 08:00:00+00:00,14.55,14.89,14.47,14.58,26519,0
2009-08-11 08:00:00+00:00,14.51,14.7,14.28,14.32,25921,0
2009-08-12 08:00:00+00:00,14.33,14.49,14.24,14.26,25614,0
2009-08-13 08:00:00+00:00,14.3,14.6,14.12,14.51,25259,0
2009-08-14 08:00:00+00:00,14.5,15.12,14.49,15.0,24449,0
2009-08-15 08:00:00+00:00,15.05,15.16,14.59,14.68,23676,0
2009-08-18 08:00:00+00:00,14.63,14.64,13.82,13.96,23931,0
2009-08-19 08:00:00+00:00,14.0,14.19,13.84,13.96,20747,0
2009-08-20 08:00:00+00:00,14.02,14.11,13.5,13.77,27623,0
2009-08-21 08:00:00+00:00,13.93,14.08,13.79,13.9,29283,0
2009-08-22 08:00:00+00:00,13.89,14.29,13.72,14.14,28605,0
2009-08-25 08:00:00+00:00,14.21,14.48,14.08,14.13,27247,0
2009-08-26 08:00:00+00:00,14.12,14.43,14.04,14.25,28334,0
2009-08-27 08:00:00+00:00,14.27,14.47,14.17,14.31,28092,0
2009-08-28 08:00:00+00:00,14.29,14.35,14.06,14.25,29533,0
2009-08-29 08:00:00+00:00,14.28,14.86,14.27,14.73,28849,0
2009-09-01 08:00:00+00:00,14.75,14.9,14.53,14.85,23661,0
2009-09-02 08:00:00+00:00,14.84,15.06,14.64,15.03,33197,0
2009-09-03 08:00:00+00:00,14.96,15.46,14.84,15.34,32827,0
2009-09-04 08:00:00+00:00,15.37,16.27,15.3,16.08,31879,0
2009-09-05 08:00:00+00:00,16.21,16.33,15.81,16.19,29332,0
2009-09-08 08:00:00+00:00,16.22,16.36,16.1,16.28,25268,0
2009-09-09 08:00:00+00:00,16.31,16.82,16.27,16.41,29234,0
2009-09-10 08:00:00+00:00,16.55,16.69,16.21,16.28,30808,0
2009-09-11 08:00:00+00:00,16.33,16.69,16.03,16.64,28124,0
2009-09-12 08:00:00+00:00,16.64,16.98,16.57,16.71,29049,0
2009-09-15 08:00:00+00:00,16.7,16.78,16.3,16.51,24281,0
2009-09-16 08:00:00+00:00,16.5,17.04,16.41,16.97,25938,0
2009-09-17 08:00:00+00:00,16.99,17.46,16.96,17.36,30735,0
2009-09-18 08:00:00+00:00,17.36,17.65,17.17,17.2,30994,0
2009-09-19 08:00:00+00:00,17.26,17.3,16.91,16.97,25957,0
2009-09-22 08:00:00+00:00,16.76,16.93,16.46,16.82,37948,0
2009-09-23 08:00:00+00:00,16.79,17.29,16.79,17.1,33432,0
2009-09-24 08:00:00+00:00,17.12,17.23,16.69,16.73,40170,0
2009-09-25 08:00:00+00:00,16.75,17.0,16.14,16.19,17963,0
2009-09-26 08:00:00+00:00,16.12,16.36,15.91,16.02,35667,0
2009-09-29 08:00:00+00:00,16.12,16.28,15.72,16.16,27910,0
2009-09-30 08:00:00+00:00,16.2,16.26,15.97,16.12,17153,0
2009-10-01 08:00:00+00:00,16.17,16.67,16.12,16.61,34205,0
2009-10-03 08:00:00+00:00,16.36,16.44,15.89,16.15,22784,0
2009-10-06 08:00:00+00:00,16.09,16.64,16.08,16.61,31096,0
2009-10-07 08:00:00+00:00,16.61,17.38,16.58,17.33,18778,0
2009-10-08 08:00:00+00:00,17.32,17.58,17.27,17.57,5138,0
2009-10-09 08:00:00+00:00,17.66,17.9,17.48,17.73,5504,0
2009-10-10 08:00:00+00:00,17.68,17.78,17.51,17.69,3823,0
2009-10-13 08:00:00+00:00,17.88,17.91,17.69,17.7,26299,0
2009-10-14 08:00:00+00:00,17.76,18.02,17.52,17.78,15036,0
2009-10-15 08:00:00+00:00,17.83,18.08,17.69,17.87,33323,0
2009-10-16 08:00:00+00:00,17.89,17.96,17.29,17.35,33959,0
2009-10-17 08:00:00+00:00,17.38,17.53,17.18,17.44,21348,0
2009-10-20 08:00:00+00:00,17.47,17.84,17.24,17.8,31513,0
2009-10-21 08:00:00+00:00,17.79,17.91,17.39,17.46,33783,0
2009-10-22 08:00:00+00:00,17.49,17.79,17.27,17.67,33263,0
2009-10-23 08:00:00+00:00,17.68,17.75,17.33,17.67,38514,0
2009-10-24 08:00:00+00:00,17.72,17.93,17.46,17.66,33335,0
2009-10-27 08:00:00+00:00,17.56,17.76,17.0,17.04,18063,0
2009-10-28 08:00:00+00:00,17.03,17.21,16.46,16.72,34864,0
2009-10-29 08:00:00+00:00,16.72,16.76,16.09,16.18,37287,0
2009-10-30 08:00:00+00:00,16.16,16.69,16.14,16.67,37398,0
2009-10-31 08:00:00+00:00,16.63,16.73,16.13,16.3,27518,0
2009-11-03 08:00:00+00:00,16.35,16.69,16.3,16.42,33514,0
2009-11-04 08:00:00+00:00,16.55,17.31,16.22,17.19,30503,0
2009-11-05 08:00:00+00:00,17.16,17.6,17.07,17.42,26815,0
2009-11-06 08:00:00+00:00,17.4,17.5,17.19,17.36,37613,0
2009-11-07 08:00:00+00:00,17.38,17.6,17.24,17.36,28374,0
2009-11-10 08:00:00+00:00,17.42,17.75,17.4,17.55,28332,0
2009-11-11 08:00:00+00:00,17.59,17.63,17.14,17.31,31148,0
2009-11-12 08:00:00+00:00,17.35,17.7,17.31,17.57,33200,0
2009-11-13 08:00:00+00:00,17.57,17.75,17.17,17.2,29982,0
2009-11-14 08:00:00+00:00,17.24,17.43,17.02,17.42,24781,0
2009-11-17 08:00:00+00:00,17.61,18.43,17.57,18.36,25201,0
2009-11-18 08:00:00+00:00,18.34,18.42,18.06,18.4,27335,0
2009-11-19 08:00:00+00:00,18.45,18.82,18.3,18.57,28507,0
2009-11-20 08:00:00+00:00,18.54,18.58,18.13,18.5,29790,0
2009-11-21 08:00:00+00:00,18.48,18.57,18.02,18.48,26170,0
2009-11-24 08:00:00+00:00,18.65,18.91,18.52,18.56,27231,0
2009-11-25 08:00:00+00:00,18.52,18.66,18.31,18.47,15824,0
2009-11-26 08:00:00+00:00,18.51,18.85,18.5,18.84,5705,0
2009-11-27 08:00:00+00:00,18.8,18.87,18.41,18.63,2093,0
2009-11-28 08:00:00+00:00,18.48,18.52,17.66,18.29,4634,0
2009-12-01 08:00:00+00:00,18.2,18.48,18.09,18.46,5381,0
2009-12-02 08:00:00+00:00,18.51,19.24,18.37,19.05,4414,0
2009-12-03 08:00:00+00:00,19.1,19.42,19.08,19.2,4986,0
2009-12-04 08:00:00+00:00,19.37,19.44,18.78,18.81,5396,0
2009-12-05 08:00:00+00:00,18.71,18.92,18.26,18.5,6797,0
2009-12-08 08:00:00+00:00,18.45,18.45,17.85,18.17,6260,0
2009-12-09 08:00:00+00:00,18.17,18.33,17.52,17.55,5873,0
2009-12-10 08:00:00+00:00,17.6,17.86,17.11,17.37,6271,0
2009-12-11 08:00:00+00:00,17.43,17.51,17.11,17.39,5042,0
2009-12-12 08:00:00+00:00,17.39,17.58,16.88,17.14,5105,0
2009-12-15 08:00:00+00:00,17.1,17.4,17.1,17.39,18076,0
2009-12-16 08:00:00+00:00,17.37,17.46,17.09,17.38,32833,0
2009-12-17 08:00:00+00:00,17.33,17.75,17.29,17.7,32170,0
2009-12-18 08:00:00+00:00,17.75,17.77,17.06,17.13,34647,0
2009-12-19 08:00:00+00:00,17.22,17.35,17.07,17.25,25102,0
2009-12-22 08:00:00+00:00,17.35,17.46,16.94,16.98,4254,0
2009-12-23 08:00:00+00:00,17.02,17.14,16.73,16.96,4415,0
2009-12-24 08:00:00+00:00,16.95,17.21,16.83,17.11,21510,0
2009-12-25 08:00:00+00:00,17.15,17.47,17.12,17.47,27216,0
2009-12-29 08:00:00+00:00,17.44,17.61,17.37,17.46,29706,0
2009-12-30 08:00:00+00:00,17.45,17.5,17.03,17.07,35824,0
2009-12-31 08:00:00+00:00,17.03,17.06,16.72,16.75,37373,0
2010-01-01 08:00:00+00:00,16.83,17.07,16.8,16.93,31499,0
2010-01-05 08:00:00+00:00,16.86,17.59,16.81,17.08,14318,0
2010-01-06 08:00:00+00:00,17.63,17.87,17.46,17.72,5160,0
2010-01-07 08:00:00+00:00,17.71,18.23,17.7,18.2,5239,0
2010-01-08 08:00:00+00:00,18.13,18.37,18.04,18.25,5224,0
2010-01-09 08:00:00+00:00,18.08,18.51,18.0,18.49,5456,0
2010-01-12 08:00:00+00:00,18.68,18.87,18.53,18.54,18519,0
2010-01-13 08:00:00+00:00,18.52,18.79,18.14,18.16,27519,0
2010-01-14 08:00:00+00:00,18.28,18.62,18.18,18.6,28667,0
2010-01-15 08:00:00+00:00,18.59,18.71,18.4,18.54,31310,0
2010-01-16 08:00:00+00:00,18.62,18.66,18.37,18.39,21651,0
2010-01-19 08:00:00+00:00,18.4,18.68,18.36,18.62,22165,0
2010-01-20 08:00:00+00:00,18.65,18.83,18.43,18.74,24648,0
2010-01-21 08:00:00+00:00,18.73,18.83,17.78,17.85,26016,0
2010-01-22 08:00:00+00:00,17.95,18.05,17.31,17.31,27598,0
2010-01-23 08:00:00+00:00,17.39,17.49,16.86,17.02,25820,0
2010-01-26 08:00:00+00:00,17.03,17.24,16.97,17.11,25624,0
2010-01-27 08:00:00+00:00,17.18,17.25,16.33,16.76,28733,0
2010-01-28 08:00:00+00:00,16.86,16.95,16.41,16.43,30193,0
2010-01-29 08:00:00+00:00,16.57,16.74,16.01,16.11,26451,0
2010-01-30 08:00:00+00:00,16.2,16.33,16.01,16.2,24238,0
2010-02-02 08:00:00+00:00,16.22,16.69,16.08,16.67,26909,0
2010-02-03 08:00:00+00:00,16.61,16.79,16.53,16.7,25605,0
2010-02-04 08:00:00+00:00,16.7,16.93,16.26,16.38,26193,0
2010-02-05 08:00:00+00:00,16.32,16.41,15.16,15.26,26510,0
2010-02-06 08:00:00+00:00,15.28,15.36,14.65,15.14,27789,0
2010-02-09 08:00:00+00:00,15.07,15.29,14.93,14.97,28376,0
2010-02-10 08:00:00+00:00,15.03,15.57,15.01,15.42,26341,0
2010-02-11 08:00:00+00:00,15.49,15.62,15.07,15.2,23619,0
2010-02-12 08:00:00+00:00,15.26,15.71,15.17,15.64,26948,0
2010-02-13 08:00:00+00:00,15.65,15.69,15.2,15.51,26483,0
2010-02-16 08:00:00+00:00,15.57,15.62,15.43,15.55,19216,0
2010-02-17 08:00:00+00:00,15.49,16.2,15.48,16.12,24552,0
2010-02-18 08:00:00+00:00,16.08,16.32,15.82,15.86,23836,0
2010-02-19 08:00:00+00:00,15.86,16.25,15.66,15.84,29543,0
2010-02-20 08:00:00+00:00,15.76,16.5,15.75,16.3,20314,0
2010-02-23 08:00:00+00:00,16.43,16.57,16.14,16.26,5211,0
2010-02-24 08:00:00+00:00,16.24,16.44,15.78,15.83,5641,0
2010-02-25 08:00:00+00:00,15.87,16.03,15.62,15.96,7321,0
2010-02-26 08:00:00+00:00,16.07,16.14,15.61,16.07,6261,0
2010-02-27 08:00:00+00:00,16.03,16.52,16.03,16.46,7791,0
2010-03-02 08:00:00+00:00,16.66,16.78,16.4,16.47,6041,0
2010-03-03 08:00:00+00:00,16.44,17.06,16.32,16.9,5433,0
2010-03-04 08:00:00+00:00,16.94,17.36,16.86,17.2,5727,0
2010-03-05 08:00:00+00:00,17.17,17.37,17.05,17.1,6214,0
2010-03-06 08:00:00+00:00,17.18,17.47,17.11,17.34,4873,0
2010-03-09 08:00:00+00:00,17.3,17.51,17.12,17.22,2516,0
2010-03-10 08:00:00+00:00,17.19,17.38,16.87,17.24,2833,0
2010-03-11 08:00:00+00:00,17.27,17.62,16.94,17.02,3319,0
2010-03-12 08:00:00+00:00,17.09,17.19,16.81,17.18,4272,0
2010-03-13 08:00:00+00:00,17.21,17.35,16.95,17.06,4844,0
2010-03-16 08:00:00+00:00,17.15,17.17,16.95,17.1,4267,0
2010-03-17 08:00:00+00:00,17.16,17.46,17.14,17.41,3776,0
2010-03-18 08:00:00+00:00,17.43,17.58,17.34,17.47,4070,0
2010-03-19 08:00:00+00:00,17.51,17.53,17.11,17.37,3767,0
2010-03-20 08:00:00+00:00,17.37,17.4,16.95,16.98,3849,0
2010-03-24 08:00:00+00:00,16.99,17.12,16.71,17.0,4647,0
2010-03-25 08:00:00+00:00,16.94,16.97,16.54,16.54,5589,0
2010-03-26 08:00:00+00:00,16.57,16.83,16.54,16.56,3569,0
2010-03-27 08:00:00+00:00,16.61,16.95,16.56,16.89,3774,0
2010-03-30 08:00:00+00:00,17.05,17.42,16.91,17.38,3269,0
2010-03-31 08:00:00+00:00,17.34,17.46,17.18,17.27,3986,0
2010-04-01 08:00:00+00:00,17.25,17.6,17.18,17.47,4074,0
2010-04-02 08:00:00+00:00,17.49,17.98,17.45,17.91,4228,0
2010-04-03 08:00:00+00:00,17.94,18.0,17.79,17.89,2123,0
2010-04-06 08:00:00+00:00,17.88,18.12,17.84,18.07,2518,0
2010-04-07 08:00:00+00:00,18.03,18.07,17.84,17.92,3019,0
2010-04-08 08:00:00+00:00,17.95,18.24,17.89,18.15,3436,0
2010-04-09 08:00:00+00:00,18.13,18.18,17.9,18.09,4008,0
2010-04-10 08:00:00+00:00,18.06,18.41,18.03,18.38,3224,0
2010-04-13 08:00:00+00:00,18.5,18.6,18.14,18.24,4353,0
2010-04-14 08:00:00+00:00,18.17,18.29,17.94,18.2,4764,0
2010-04-15 08:00:00+00:00,18.18,18.47,18.18,18.41,6591,0
2010-04-16 08:00:00+00:00,18.45,18.49,18.19,18.4,5927,0
2010-04-17 08:00:00+00:00,18.39,18.4,17.6,17.73,5488,0
2010-04-20 08:00:00+00:00,17.68,17.76,17.47,17.72,5126,0
2010-04-21 08:00:00+00:00,17.75,18.01,17.71,17.83,3374,0
2010-04-22 08:00:00+00:00,17.85,18.12,17.7,18.08,3169,0
2010-04-23 08:00:00+00:00,18.05,18.15,17.76,17.96,4687,0
2010-04-24 08:00:00+00:00,17.96,18.3,17.83,18.29,4349,0
2010-04-27 08:00:00+00:00,18.36,18.41,18.22,18.28,4212,0
2010-04-28 08:00:00+00:00,18.28,18.38,18.03,18.15,4553,0
2010-04-29 08:00:00+00:00,18.18,18.23,17.8,18.07,4302,0
2010-04-30 08:00:00+00:00,18.07,18.53,18.01,18.42,3783,0
2010-05-01 08:00:00+00:00,18.53,18.74,18.4,18.63,4218,0
2010-05-04 08:00:00+00:00,18.59,18.85,18.48,18.78,2896,0
2010-05-05 08:00:00+00:00,18.76,18.79,17.79,17.85,5072,0
2010-05-06 08:00:00+00:00,17.83,17.85,17.06,17.46,5438,0
2010-05-07 08:00:00+00:00,17.54,17.71,17.23,17.68,6173,0
2010-05-08 08:00:00+00:00,17.56,18.61,17.47,18.33,6012,0
2010-05-11 08:00:00+00:00,18.39,18.61,18.16,18.49,3489,0
2010-05-12 08:00:00+00:00,18.48,19.35,18.36,19.27,3521,0
2010-05-13 08:00:00+00:00,19.27,19.69,19.05,19.49,6185,0
2010-05-14 08:00:00+00:00,19.5,19.81,19.31,19.41,6341,0
2010-05-15 08:00:00+00:00,19.41,19.7,18.96,19.31,7494,0
2010-05-18 08:00:00+00:00,19.19,19.38,18.73,18.89,5557,0
2010-05-19 08:00:00+00:00,18.94,19.1,18.62,19.0,5744,0
2010-05-20 08:00:00+00:00,18.88,18.92,17.94,18.21,6878,0
2010-05-21 08:00:00+00:00,18.21,18.29,17.48,17.65,5826,0
2010-05-22 08:00:00+00:00,17.66,17.85,17.42,17.64,6359,0
2010-05-25 08:00:00+00:00,17.69,18.04,17.67,17.88,3630,0
2010-05-26 08:00:00+00:00,17.92,17.94,17.51,17.93,5213,0
2010-05-27 08:00:00+00:00,18.06,18.38,17.96,18.05,5032,0
2010-05-28 08:00:00+00:00,18.03,18.56,18.01,18.51,3400,0
2010-05-29 08:00:00+00:00,18.47,18.63,18.23,18.37,4035,0
2010-06-01 08:00:00+00:00,18.37,18.59,18.32,18.54,1500,0
2010-06-02 08:00:00+00:00,18.58,18.67,18.25,18.41,4925,0
2010-06-03 08:00:00+00:00,18.41,18.5,18.09,18.33,5451,0
2010-06-04 08:00:00+00:00,18.39,18.44,17.81,17.97,6700,0
2010-06-05 08:00:00+00:00,17.98,18.0,17.28,17.42,7212,0
2010-06-08 08:00:00+00:00,17.49,18.25,17.18,18.15,7810,0
2010-06-09 08:00:00+00:00,18.12,18.46,18.06,18.26,10537,0
2010-06-10 08:00:00+00:00,18.26,18.35,18.07,18.12,6119,0
2010-06-11 08:00:00+00:00,18.12,18.43,17.88,18.2,8383,0
2010-06-12 08:00:00+00:00,18.29,18.51,18.05,18.22,7199,0
2010-06-15 08:00:00+00:00,18.27,18.55,18.21,18.21,5754,0
2010-06-16 08:00:00+00:00,18.25,18.65,18.23,18.54,5210,0
2010-06-17 08:00:00+00:00,18.56,18.65,18.38,18.46,6234,0
2010-06-18 08:00:00+00:00,18.41,18.86,18.32,18.69,6737,0
2010-06-19 08:00:00+00:00,18.76,19.27,18.67,19.16,6764,0
2010-06-22 08:00:00+00:00,19.22,19.45,18.65,18.7,5952,0
2010-06-23 08:00:00+00:00,18.7,18.97,18.58,18.8,6106,0
2010-06-24 08:00:00+00:00,18.79,18.95,18.32,18.51,5698,0
2010-06-25 08:00:00+00:00,18.57,18.81,18.18,18.7,5812,0
2010-06-26 08:00:00+00:00,18.67,19.11,18.6,19.07,6648,0
2010-06-29 08:00:00+00:00,19.09,19.24,18.63,18.74,6128,0
2010-06-30 08:00:00+00:00,18.75,18.75,18.38,18.47,5801,0
2010-07-01 08:00:00+00:00,18.51,18.77,18.44,18.6,4529,0
2010-07-02 08:00:00+00:00,18.6,18.65,17.7,17.76,6339,0
2010-07-03 08:00:00+00:00,17.88,18.08,17.61,17.84,6078,0
2010-07-06 08:00:00+00:00,17.8,17.89,17.71,17.79,1738,0
2010-07-07 08:00:00+00:00,17.76,18.01,17.59,17.82,5345,0
2010-07-08 08:00:00+00:00,17.81,18.07,17.54,18.02,6801,0
2010-07-09 08:00:00+00:00,18.05,18.16,17.7,17.95,8206,0
2010-07-10 08:00:00+00:00,17.93,18.2,17.81,18.11,6430,0
2010-07-13 08:00:00+00:00,18.05,18.12,17.75,17.93,4698,0
2010-07-14 08:00:00+00:00,17.89,18.32,17.84,18.23,3038,0
2010-07-15 08:00:00+00:00,18.23,18.45,18.09,18.29,2888,0
2010-07-16 08:00:00+00:00,18.26,18.5,18.16,18.32,4646,0
2010-07-17 08:00:00+00:00,18.33,18.35,17.73,17.85,3962,0
2010-07-20 08:00:00+00:00,17.83,17.9,17.47,17.57,3561,0
2010-07-21 08:00:00+00:00,17.56,17.75,17.43,17.68,3861,0
2010-07-22 08:00:00+00:00,17.69,17.87,17.56,17.64,4420,0
2010-07-23 08:00:00+00:00,17.62,18.17,17.6,18.07,3699,0
2010-07-24 08:00:00+00:00,18.11,18.26,18.04,18.08,5056,0
2010-07-27 08:00:00+00:00,18.09,18.24,17.98,18.16,5120,0
2010-07-28 08:00:00+00:00,18.16,18.22,17.57,17.64,5262,0
2010-07-29 08:00:00+00:00,17.64,17.73,17.32,17.48,5021,0
2010-07-30 08:00:00+00:00,17.51,17.67,17.46,17.6,4392,0
2010-07-31 08:00:00+00:00,17.52,18.1,17.51,17.99,5540,0
2010-08-03 08:00:00+00:00,17.97,18.54,17.96,18.36,5014,0
2010-08-04 08:00:00+00:00,18.37,18.58,18.29,18.37,4333,0
2010-08-05 08:00:00+00:00,18.4,18.68,18.22,18.27,4641,0
2010-08-06 08:00:00+00:00,18.32,18.45,18.18,18.33,4107,0
2010-08-07 08:00:00+00:00,18.35,18.56,18.27,18.45,3952,0
2010-08-10 08:00:00+00:00,18.42,18.55,18.24,18.32,1398,0
2010-08-11 08:00:00+00:00,18.36,18.43,17.96,18.3,1667,0
2010-08-12 08:00:00+00:00,18.28,18.33,17.8,17.88,1773,0
2010-08-13 08:00:00+00:00,17.91,18.09,17.84,18.05,2117,0
2010-08-14 08:00:00+00:00,18.1,18.17,17.96,18.12,1814,0
2010-08-17 08:00:00+00:00,18.11,18.46,18.1,18.37,1977,0
2010-08-18 08:00:00+00:00,18.38,18.6,18.34,18.5,1997,0
2010-08-19 08:00:00+00:00,18.48,18.55,18.16,18.36,1938,0
2010-08-20 08:00:00+00:00,18.48,18.56,18.21,18.28,1935,0
2010-08-21 08:00:00+00:00,18.29,18.32,17.83,17.97,1779,0
2010-08-24 08:00:00+00:00,17.98,18.06,17.88,17.98,1832,0
2010-08-25 08:00:00+00:00,17.94,18.45,17.74,18.34,2351,0
2010-08-26 08:00:00+00:00,18.36,19.0,18.32,18.9,2058,0
2010-08-27 08:00:00+00:00,18.91,19.14,18.87,18.92,1968,0
2010-08-28 08:00:00+00:00,18.89,19.31,18.86,19.07,2870,0
2010-08-31 08:00:00+00:00,19.15,19.18,18.96,19.0,2580,0
2010-09-01 08:00:00+00:00,19.02,19.39,18.82,19.35,4355,0
2010-09-02 08:00:00+00:00,19.29,19.48,19.23,19.34,4265,0
2010-09-03 08:00:00+00:00,19.35,19.69,19.22,19.63,4149,0
2010-09-04 08:00:00+00:00,19.58,19.93,19.47,19.82,4275,0
2010-09-07 08:00:00+00:00,19.86,19.93,19.75,19.92,2170,0
2010-09-08 08:00:00+00:00,19.87,19.98,19.54,19.77,4114,0
2010-09-09 08:00:00+00:00,19.85,20.13,19.81,19.89,3667,0
2010-09-10 08:00:00+00:00,19.93,20.04,19.68,19.68,4427,0
2010-09-11 08:00:00+00:00,19.69,20.02,19.66,19.85,3819,0
2010-09-14 08:00:00+00:00,19.84,20.2,19.79,20.04,4058,0
2010-09-15 08:00:00+00:00,20.06,20.49,20.05,20.45,4744,0
2010-09-16 08:00:00+00:00,20.48,20.6,20.31,20.56,4291,0
2010-09-17 08:00:00+00:00,20.59,20.8,20.44,20.77,4458,0
2010-09-18 08:00:00+00:00,20.74,20.98,20.6,20.73,4648,0
2010-09-21 08:00:00+00:00,20.73,20.96,20.69,20.72,5260,0
2010-09-22 08:00:00+00:00,20.73,21.05,20.5,20.95,7362,0
2010-09-23 08:00:00+00:00,20.93,21.15,20.88,21.12,6357,0
2010-09-24 08:00:00+00:00,21.1,21.22,20.87,21.11,5036,0
2010-09-25 08:00:00+00:00,21.17,21.45,21.08,21.43,4835,0
2010-09-28 08:00:00+00:00,21.44,21.6,21.33,21.42,3493,0
2010-09-29 08:00:00+00:00,21.38,21.76,21.03,21.72,5282,0
2010-09-30 08:00:00+00:00,21.73,21.99,21.68,21.9,6675,0
2010-10-01 08:00:00+00:00,21.85,22.07,21.56,21.75,4568,0
2010-10-02 08:00:00+00:00,21.71,22.13,21.7,22.09,5761,0
2010-10-05 08:00:00+00:00,22.16,22.17,21.88,21.93,5154,0
2010-10-06 08:00:00+00:00,21.83,22.87,21.8,22.82,5730,0
2010-10-07 08:00:00+00:00,22.83,23.16,22.75,23.16,5929,0
2010-10-08 08:00:00+00:00,23.11,23.49,22.46,22.5,10170,0
2010-10-12 08:00:00+00:00,23.47,23.63,23.04,23.28,7670,0
2010-10-13 08:00:00+00:00,23.27,23.45,22.92,23.3,7028,0
2010-10-14 08:00:00+00:00,23.32,24.06,23.29,23.99,8136,0
2010-10-15 08:00:00+00:00,24.0,24.89,24.0,24.63,10674,0
2010-10-16 08:00:00+00:00,24.74,24.82,24.07,24.28,9255,0
2010-10-19 08:00:00+00:00,24.2,24.48,23.7,24.3,7198,0
2010-10-20 08:00:00+00:00,24.32,24.47,23.26,23.35,9963,0
2010-10-21 08:00:00+00:00,23.39,23.95,23.28,23.93,7906,0
2010-10-22 08:00:00+00:00,24.0,24.04,23.02,23.18,9516,0
2010-10-23 08:00:00+00:00,23.1,23.37,22.83,23.26,7029,0
2010-10-26 08:00:00+00:00,23.3,23.83,23.29,23.62,11056,0
2010-10-27 08:00:00+00:00,23.57,23.92,23.17,23.82,2692,30
2010-10-28 08:00:00+00:00,24.17,24.17,23.36,23.51,3341,40
2010-10-29 08:00:00+00:00,23.6,24.01,23.49,23.98,1280,30
2010-10-30 08:00:00+00:00,23.95,24.71,23.73,24.7,14485,30
2010-11-02 08:00:00+00:00,24.93,25.04,24.5,24.7,12471,10
2010-11-03 08:00:00+00:00,24.73,24.95,24.64,24.9,10102,20
2010-11-04 08:00:00+00:00,24.82,25.03,23.93,24.79,21753,20
2010-11-05 08:00:00+00:00,24.87,26.37,24.83,26.25,21959,20
2010-11-06 08:00:00+00:00,26.15,26.9,25.88,26.72,15537,20
2010-11-09 08:00:00+00:00,26.97,27.74,26.51,27.69,27120,20
2010-11-10 08:00:00+00:00,27.63,29.34,26.44,26.96,33655,20
2010-11-11 08:00:00+00:00,27.38,28.17,26.5,27.08,30755,10
2010-11-12 08:00:00+00:00,27.2,27.6,27.14,27.52,15134,30
2010-11-16 08:00:00+00:00,26.16,26.47,25.41,25.56,28876,0
2010-11-17 08:00:00+00:00,25.51,25.85,24.99,25.42,28363,20
2010-11-18 08:00:00+00:00,25.39,25.91,25.02,25.6,26131,20
2010-11-19 08:00:00+00:00,25.73,27.05,25.69,26.97,26881,20
2010-11-20 08:00:00+00:00,27.3,27.38,26.37,27.28,30055,20
2010-11-23 08:00:00+00:00,27.72,27.9,27.1,27.88,29487,20
2010-11-24 08:00:00+00:00,27.77,27.78,27.05,27.47,30536,20
2010-11-25 08:00:00+00:00,27.38,27.7,27.12,27.52,27705,20
2010-11-26 08:00:00+00:00,27.51,27.59,27.31,27.55,13496,20
2010-11-27 08:00:00+00:00,27.5,27.55,26.43,26.71,20871,10
2010-11-30 08:00:00+00:00,26.68,27.26,26.47,27.17,17486,20
2010-12-01 08:00:00+00:00,27.1,28.32,26.87,28.07,18643,20
2010-12-02 08:00:00+00:00,28.02,28.81,27.96,28.36,19979,20
2010-12-03 08:00:00+00:00,28.4,29.01,28.28,28.55,18533,20
2010-12-04 08:00:00+00:00,28.61,29.37,28.57,29.36,15472,20
2010-12-07 08:00:00+00:00,29.47,30.26,29.43,30.08,19856,0
2010-12-08 08:00:00+00:00,30.02,30.69,28.46,28.6,19393,20
2010-12-09 08:00:00+00:00,28.91,29.24,27.97,28.32,20981,20
2010-12-10 08:00:00+00:00,28.31,28.98,28.26,28.71,16932,20
2010-12-11 08:00:00+00:00,28.76,28.98,28.03,28.66,12549,20
2010-12-15 08:00:00+00:00,29.83,29.93,29.18,29.45,13840,20
2010-12-16 08:00:00+00:00,29.5,29.58,28.69,28.7,14632,20
2010-12-17 08:00:00+00:00,28.82,29.2,28.32,28.81,14348,30
2010-12-18 08:00:00+00:00,28.84,29.29,28.65,29.11,11820,30
2010-12-21 08:00:00+00:00,29.32,29.48,28.76,29.32,15670,0
2010-12-22 08:00:00+00:00,29.22,29.55,29.01,29.32,19418,0
2010-12-23 08:00:00+00:00,29.37,29.44,29.17,29.2,17741,0
2010-12-24 08:00:00+00:00,29.29,29.37,28.92,29.28,18462,0
2010-12-25 08:00:00+00:00,29.29,29.33,29.03,29.16,930,0
2010-12-28 08:00:00+00:00,28.91,29.25,28.91,29.22,13061,0
2010-12-29 08:00:00+00:00,29.33,30.28,29.2,30.23,15394,0
2010-12-30 08:00:00+00:00,30.1,30.64,30.06,30.54,11159,0
2010-12-31 08:00:00+00:00,30.53,30.86,30.27,30.4,10830,0
2011-01-01 08:00:00+00:00,30.54,30.86,30.49,30.85,7738,0
2011-01-04 08:00:00+00:00,30.74,31.23,30.46,30.68,11902,0
2011-01-05 08:00:00+00:00,30.67,30.85,29.33,29.72,13663,0
2011-01-06 08:00:00+00:00,29.75,29.75,28.56,29.22,13304,0
2011-01-07 08:00:00+00:00,29.38,29.47,28.79,29.07,19748,0
2011-01-08 08:00:00+00:00,28.99,29.33,28.33,28.67,33000,0
2011-01-11 08:00:00+00:00,28.83,29.09,28.62,29.07,28871,0
2011-01-12 08:00:00+00:00,29.12,29.67,29.04,29.5,23071,0
2011-01-13 08:00:00+00:00,29.59,29.82,29.38,29.66,16813,0
2011-01-14 08:00:00+00:00,29.71,29.78,28.5,28.66,29535,0
2011-01-15 08:00:00+00:00,28.72,28.97,28.1,28.46,33984,0
2011-01-18 08:00:00+00:00,28.63,28.63,28.02,28.26,20889,0
2011-01-19 08:00:00+00:00,28.33,29.03,28.2,28.84,30919,0
2011-01-20 08:00:00+00:00,28.85,29.47,28.64,28.77,32759,0
2011-01-21 08:00:00+00:00,28.78,28.79,27.39,27.46,35272,0
2011-01-22 08:00:00+00:00,27.57,27.64,27.1,27.47,34333,0
2011-01-25 08:00:00+00:00,27.64,27.97,26.84,26.91,31101,0
2011-01-26 08:00:00+00:00,27.02,27.03,26.56,26.81,33657,0
2011-01-27 08:00:00+00:00,26.84,27.64,26.67,27.59,29781,0
2011-01-28 08:00:00+00:00,27.67,27.8,26.75,26.9,31637,0
2011-01-29 08:00:00+00:00,26.98,28.0,26.39,27.92,38750,30
2011-02-01 08:00:00+00:00,28.35,28.42,27.53,28.05,35609,30
2011-02-02 08:00:00+00:00,28.13,28.65,27.88,28.52,34961,30
2011-02-03 08:00:00+00:00,28.54,28.71,28.1,28.32,32440,40
2011-02-04 08:00:00+00:00,28.28,28.98,27.98,28.89,35221,30
2011-02-05 08:00:00+00:00,28.86,29.29,28.67,29.1,30923,30
2011-02-08 08:00:00+00:00,29.11,29.46,29.07,29.36,30432,30
2011-02-09 08:00:00+00:00,29.37,30.34,29.25,30.29,28815,40
2011-02-10 08:00:00+00:00,30.19,30.5,30.04,30.2,29368,30
2011-02-11 08:00:00+00:00,30.17,30.27,29.66,30.19,29143,40
2011-02-12 08:00:00+00:00,30.16,30.28,29.69,29.89,27820,40
2011-02-15 08:00:00+00:00,29.85,30.69,29.8,30.57,19761,30
2011-02-16 08:00:00+00:00,30.49,30.9,30.47,30.75,16676,30
2011-02-17 08:00:00+00:00,30.69,30.93,30.29,30.62,14913,30
2011-02-18 08:00:00+00:00,30.64,31.76,30.54,31.72,23323,40
2011-02-19 08:00:00+00:00,31.69,32.85,31.54,32.62,19688,30
2011-02-22 08:00:00+00:00,32.73,33.99,32.71,33.88,20342,40
2011-02-23 08:00:00+00:00,34.06,34.3,32.37,33.05,47912,40
2011-02-24 08:00:00+00:00,33.05,33.75,32.59,33.51,37075,40
2011-02-25 08:00:00+00:00,33.59,33.75,31.74,32.15,36491,40
2011-02-26 08:00:00+00:00,32.41,33.39,32.37,33.34,36234,40
2011-03-01 08:00:00+00:00,33.53,33.98,33.25,33.88,34103,40
2011-03-02 08:00:00+00:00,33.88,34.68,33.77,34.64,33422,40
2011-03-03 08:00:00+00:00,34.62,34.95,34.22,34.64,28721,40
2011-03-04 08:00:00+00:00,34.58,34.94,34.02,34.2,38714,40
2011-03-05 08:00:00+00:00,34.25,35.59,34.24,35.57,31850,40
2011-03-08 08:00:00+00:00,35.89,36.72,35.83,35.89,39854,40
2011-03-09 08:00:00+00:00,35.85,36.51,35.5,36.02,41348,40
2011-03-10 08:00:00+00:00,36.07,36.4,35.63,36.1,37327,40
2011-03-11 08:00:00+00:00,35.93,36.17,34.67,35.26,39477,40
2011-03-12 08:00:00+00:00,35.36,36.12,34.04,35.89,43256,40
2011-03-15 08:00:00+00:00,36.27,36.4,35.48,35.9,34877,40
2011-03-16 08:00:00+00:00,35.83,35.85,33.54,34.3,47619,40
2011-03-17 08:00:00+00:00,34.2,35.03,33.84,34.17,43913,40
2011-03-18 08:00:00+00:00,33.73,34.64,33.66,34.16,39773,40
2011-03-19 08:00:00+00:00,34.45,35.37,34.42,35.24,35140,30
2011-03-22 08:00:00+00:00,35.62,36.17,35.61,36.06,5886,40
2011-03-23 08:00:00+00:00,36.06,36.41,35.74,36.34,8253,40
2011-03-24 08:00:00+00:00,36.26,37.4,36.14,37.4,6667,40
2011-03-25 08:00:00+00:00,37.27,38.12,36.84,37.12,9913,40
2011-03-26 08:00:00+00:00,37.29,37.75,36.86,37.29,10611,40
2011-03-29 08:00:00+00:00,37.07,37.3,36.41,37.13,8695,40
2011-03-30 08:00:00+00:00,37.12,37.17,36.51,37.04,9271,40
2011-03-31 08:00:00+00:00,36.99,37.72,36.87,37.42,9684,40
2011-04-01 08:00:00+00:00,37.39,37.92,37.33,37.64,7501,40
2011-04-02 08:00:00+00:00,37.62,37.82,37.06,37.78,7804,40
2011-04-05 08:00:00+00:00,37.8,38.58,37.77,38.57,9252,40
2011-04-06 08:00:00+00:00,38.71,39.28,38.05,39.28,12998,40
2011-04-07 08:00:00+00:00,39.16,39.75,39.08,39.53,12839,40
2011-04-08 08:00:00+00:00,39.48,39.67,39.19,39.62,11101,40
2011-04-09 08:00:00+00:00,39.56,40.92,39.48,40.91,10104,40
2011-04-12 08:00:00+00:00,41.02,41.93,39.74,40.23,13991,40
2011-04-13 08:00:00+00:00,40.23,40.84,39.71,40.07,14173,40
2011-04-14 08:00:00+00:00,40.07,40.73,40.01,40.6,14104,40
2011-04-15 08:00:00+00:00,40.54,42.16,40.43,42.08,12056,40
2011-04-16 08:00:00+00:00,42.26,42.96,41.8,42.94,16700,40
2011-04-19 08:00:00+00:00,43.05,43.5,42.18,43.38,13706,40
2011-04-20 08:00:00+00:00,43.31,44.15,42.74,43.95,12489,40
2011-04-21 08:00:00+00:00,43.85,45.25,43.84,45.19,11758,40
2011-04-22 08:00:00+00:00,45.08,46.66,45.02,46.57,16508,40
2011-04-23 08:00:00+00:00,45.84,47.64,45.84,47.64,93,0
2011-04-26 08:00:00+00:00,47.64,49.75,45.7,46.84,15819,40
2011-04-27 08:00:00+00:00,46.13,46.73,44.61,45.41,16991,40
2011-04-28 08:00:00+00:00,45.59,48.25,44.85,47.79,17553,40
2011-04-29 08:00:00+00:00,48.34,49.5,47.25,48.39,18465,40
2011-04-30 08:00:00+00:00,48.41,49.15,47.54,47.86,10820,40
2011-05-03 08:00:00+00:00,42.57,47.3,42.57,43.74,13110,40
2011-05-04 08:00:00+00:00,44.45,45.52,40.58,41.5,13860,50
2011-05-05 08:00:00+00:00,41.3,42.26,38.95,39.29,12924,40
2011-05-06 08:00:00+00:00,39.17,39.55,34.24,34.65,20933,40
2011-05-07 08:00:00+00:00,34.89,36.41,33.07,35.58,21722,50
2011-05-10 08:00:00+00:00,35.81,37.96,35.21,37.83,17088,40
2011-05-12 08:00:00+00:00,38.44,39.47,35.02,35.16,17294,40
2011-05-13 08:00:00+00:00,35.14,35.88,32.31,34.63,21448,40
2011-05-14 08:00:00+00:00,34.65,36.44,33.93,35.27,24879,40
2011-05-17 08:00:00+00:00,34.78,35.37,33.49,33.53,21782,40
2011-05-18 08:00:00+00:00,33.74,34.38,32.99,33.99,20432,40
2011-05-19 08:00:00+00:00,33.96,35.52,33.84,35.09,17344,40
2011-05-20 08:00:00+00:00,35.04,35.74,34.54,34.98,18934,40
2011-05-21 08:00:00+00:00,35.0,35.56,34.21,35.03,16336,40
2011-05-24 08:00:00+00:00,35.09,35.41,34.36,35.01,17161,40
2011-05-25 08:00:00+00:00,35.12,36.69,34.87,36.59,18411,40
2011-05-26 08:00:00+00:00,36.61,37.97,36.25,37.87,16824,40
2011-05-27 08:00:00+00:00,37.86,38.83,36.27,37.28,19300,40
2011-05-28 08:00:00+00:00,37.25,38.18,37.2,37.98,13910,40
2011-05-31 08:00:00+00:00,38.09,38.38,37.77,38.1,4812,40
2011-06-01 08:00:00+00:00,38.19,38.74,37.94,38.49,14909,40
2011-06-02 08:00:00+00:00,38.41,38.47,36.37,36.81,16591,40
2011-06-03 08:00:00+00:00,36.9,37.41,35.58,36.16,16437,40
2011-06-04 08:00:00+00:00,36.15,36.42,35.09,36.23,18008,40
2011-06-07 08:00:00+00:00,36.32,37.27,36.29,36.73,15154,40
2011-06-08 08:00:00+00:00,36.75,37.48,36.47,37.12,13252,40
2011-06-09 08:00:00+00:00,37.18,37.21,36.05,36.76,13648,40
2011-06-10 08:00:00+00:00,36.79,37.6,36.55,37.51,12401,40
2011-06-11 08:00:00+00:00,37.56,37.85,36.08,36.16,14498,40
2011-06-14 08:00:00+00:00,35.9,36.28,34.54,34.75,19531,40
2011-06-15 08:00:00+00:00,34.75,35.59,34.41,35.38,15499,40
2011-06-16 08:00:00+00:00,35.46,35.96,34.8,35.77,16453,40
2011-06-17 08:00:00+00:00,35.74,35.77,35.16,35.51,17967,30
2011-06-18 08:00:00+00:00,35.57,35.89,34.91,35.85,17807,30
2011-06-21 08:00:00+00:00,36.01,36.11,35.25,36.04,19515,30
2011-06-22 08:00:00+00:00,35.95,36.55,35.66,36.34,23522,30
2011-06-23 08:00:00+00:00,36.41,36.75,35.87,36.31,25579,30
2011-06-24 08:00:00+00:00,36.27,36.33,34.69,35.23,29044,30
2011-06-25 08:00:00+00:00,35.27,35.38,34.17,34.27,24840,30
2011-06-28 08:00:00+00:00,34.17,34.18,33.36,33.54,13978,40
2011-06-29 08:00:00+00:00,33.58,34.11,33.52,33.88,17480,40
2011-06-30 08:00:00+00:00,33.87,34.91,33.8,34.83,11392,40
2011-07-01 08:00:00+00:00,34.85,35.12,34.41,34.65,12840,40
2011-07-06 08:00:00+00:00,34.06,35.65,33.8,35.48,12682,40
2011-07-07 08:00:00+00:00,35.43,36.23,35.04,35.86,26818,0
2011-07-08 08:00:00+00:00,35.84,36.62,35.68,36.41,43062,0
2011-07-09 08:00:00+00:00,36.45,36.82,35.96,36.69,44319,0
2011-07-12 08:00:00+00:00,36.58,36.92,35.53,35.78,42749,0
2011-07-13 08:00:00+00:00,35.74,36.41,34.75,36.06,48875,0
2011-07-14 08:00:00+00:00,36.07,38.31,36.02,38.08,49140,0
2011-07-15 08:00:00+00:00,38.28,39.34,37.95,38.26,35634,0
2011-07-16 08:00:00+00:00,38.17,39.23,37.81,39.19,13156,0
2011-07-19 08:00:00+00:00,39.44,40.69,39.44,40.59,16750,30
2011-07-20 08:00:00+00:00,40.61,40.84,38.6,38.99,42222,30
2011-07-21 08:00:00+00:00,38.96,40.1,38.18,40.08,43860,30
2011-07-22 08:00:00+00:00,40.04,40.33,38.84,39.39,41863,40
2011-07-23 08:00:00+00:00,39.25,40.25,38.84,40.05,34849,40
2011-07-26 08:00:00+00:00,40.41,41.05,39.84,40.29,47975,30
2011-07-27 08:00:00+00:00,40.33,40.94,39.99,40.87,45219,40
2011-07-28 08:00:00+00:00,40.86,41.42,40.07,40.26,43870,50
2011-07-29 08:00:00+00:00,40.3,40.55,39.31,39.76,16149,50
2011-07-30 08:00:00+00:00,39.72,40.35,39.3,39.85,11306,40
2011-08-02 08:00:00+00:00,39.66,40.01,39.02,39.28,15902,40
2011-08-03 08:00:00+00:00,39.22,40.84,39.16,40.76,12204,40
2011-08-04 08:00:00+00:00,40.77,42.0,40.52,41.65,18426,50
2011-08-05 08:00:00+00:00,41.6,42.21,38.45,38.81,14976,0
2011-08-06 08:00:00+00:00,38.82,39.81,37.54,38.35,23838,40
2011-08-09 08:00:00+00:00,38.65,40.35,38.25,38.99,24394,40
2011-08-10 08:00:00+00:00,39.09,39.48,36.97,37.51,25890,40
2011-08-11 08:00:00+00:00,37.73,39.44,37.59,39.2,20541,50
2011-08-12 08:00:00+00:00,39.24,39.75,37.94,38.66,23972,40
2011-08-13 08:00:00+00:00,38.73,39.17,38.16,39.11,18118,40
2011-08-16 08:00:00+00:00,39.04,39.94,38.69,39.89,14080,40
2011-08-17 08:00:00+00:00,39.72,40.04,39.26,39.83,13810,40
2011-08-18 08:00:00+00:00,39.91,40.57,39.72,40.29,11167,50
2011-08-19 08:00:00+00:00,40.21,40.86,40.03,40.58,13312,40
2011-08-20 08:00:00+00:00,40.55,42.86,40.48,42.84,19134,50
2011-08-23 08:00:00+00:00,43.43,43.99,42.5,43.75,23381,50
2011-08-24 08:00:00+00:00,43.9,44.15,41.49,41.93,26473,50
2011-08-25 08:00:00+00:00,42.01,42.41,39.08,39.71,22622,50
2011-08-26 08:00:00+00:00,39.65,41.14,38.72,41.02,22304,60
2011-08-27 08:00:00+00:00,41.01,41.43,40.14,41.28,18174,60
2011-08-30 08:00:00+00:00,41.6,41.62,40.27,40.79,17870,60
2011-08-31 08:00:00+00:00,40.69,41.6,40.37,41.27,13604,50
2011-09-01 08:00:00+00:00,41.32,42.0,41.05,41.49,12056,60
2011-09-02 08:00:00+00:00,41.5,41.79,41.17,41.55,10207,60
2011-09-03 08:00:00+00:00,41.46,43.35,41.44,43.23,11171,60
2011-09-06 08:00:00+00:00,42.98,43.35,42.31,42.9,6559,60
2011-09-07 08:00:00+00:00,42.9,43.22,41.52,41.97,16367,60
2011-09-08 08:00:00+00:00,41.8,42.2,40.4,41.55,14558,50
2011-09-09 08:00:00+00:00,41.53,42.64,41.28,42.27,12153,50
2011-09-10 08:00:00+00:00,42.31,42.66,41.16,41.45,15427,50
2011-09-13 08:00:00+00:00,41.29,41.46,39.67,40.26,16833,50
2011-09-14 08:00:00+00:00,40.28,41.26,40.01,40.94,13660,50
2011-09-15 08:00:00+00:00,41.02,41.29,40.23,40.66,13918,50
2011-09-16 08:00:00+00:00,40.66,40.75,39.31,39.8,13105,50
2011-09-17 08:00:00+00:00,39.84,40.88,39.35,40.41,10454,50
2011-09-20 08:00:00+00:00,40.66,40.82,38.96,39.62,15787,0
2011-09-21 08:00:00+00:00,39.58,40.28,39.13,39.75,12781,50
2011-09-22 08:00:00+00:00,39.68,40.67,39.34,39.69,13232,50
2011-09-23 08:00:00+00:00,39.67,39.76,35.47,35.84,21305,50
2011-09-24 08:00:00+00:00,35.87,36.6,29.79,31.03,35163,50
2011-09-27 08:00:00+00:00,30.24,30.89,26.01,30.68,39806,50
2011-09-28 08:00:00+00:00,30.55,33.51,30.21,31.87,27567,50
2011-09-29 08:00:00+00:00,32.01,32.82,29.46,29.8,25807,50
2011-09-30 08:00:00+00:00,29.91,31.48,29.04,30.49,25655,50
2011-10-01 08:00:00+00:00,30.51,31.25,29.63,29.89,17204,50
2011-10-04 08:00:00+00:00,29.9,31.39,29.79,30.34,14009,50
2011-10-05 08:00:00+00:00,30.67,31.3,28.64,30.03,19914,50
2011-10-06 08:00:00+00:00,30.14,30.63,28.39,30.41,18094,50
2011-10-07 08:00:00+00:00,30.46,32.18,30.23,31.96,14201,50
2011-10-08 08:00:00+00:00,31.9,32.81,30.69,31.06,12267,50
2011-10-11 08:00:00+00:00,31.3,32.32,31.24,32.05,17327,50
2011-10-12 08:00:00+00:00,32.25,32.51,31.32,32.03,12169,50
2011-10-13 08:00:00+00:00,32.11,33.04,31.84,32.58,11246,0
2011-10-14 08:00:00+00:00,32.58,32.74,31.44,31.84,10700,0
2011-10-15 08:00:00+00:00,31.81,32.51,31.22,32.17,10407,0
2011-10-18 08:00:00+00:00,32.23,32.64,31.47,31.79,10707,0
2011-10-19 08:00:00+00:00,31.79,32.3,30.41,32.05,12824,50
2011-10-20 08:00:00+00:00,31.95,32.1,30.9,31.13,14863,50
2011-10-21 08:00:00+00:00,31.17,31.35,29.93,30.56,15887,50
2011-10-22 08:00:00+00:00,30.54,31.49,30.25,31.3,11382,50
2011-10-25 08:00:00+00:00,31.31,32.03,31.2,31.72,9136,0
2011-10-26 08:00:00+00:00,31.7,33.36,31.33,33.22,11139,50
2011-10-27 08:00:00+00:00,33.13,33.93,32.92,33.39,11156,50
2011-10-28 08:00:00+00:00,33.42,35.36,33.13,35.07,10699,50
2011-10-29 08:00:00+00:00,35.11,35.64,34.71,35.25,9800,50
2011-11-01 08:00:00+00:00,35.26,35.44,34.1,34.16,9974,50
2011-11-02 08:00:00+00:00,34.08,34.7,32.12,33.38,13968,50
2011-11-03 08:00:00+00:00,33.14,34.4,33.08,34.23,11421,50
2011-11-04 08:00:00+00:00,34.23,34.88,33.24,34.49,12675,50
2011-11-05 08:00:00+00:00,34.3,34.68,33.79,34.1,9707,50
2011-11-08 08:00:00+00:00,34.0,34.97,33.83,34.92,10571,50
2011-11-09 08:00:00+00:00,34.93,35.31,34.48,34.89,10097,50
2011-11-10 08:00:00+00:00,34.86,35.2,33.8,34.02,14899,50
2011-11-11 08:00:00+00:00,34.0,34.3,33.12,34.03,13553,50
2011-11-12 08:00:00+00:00,33.93,34.84,33.68,34.65,8848,50
2011-11-15 08:00:00+00:00,34.72,34.87,33.93,34.19,9312,50
2011-11-16 08:00:00+00:00,34.16,34.79,33.72,34.5,9360,50
2011-11-17 08:00:00+00:00,34.53,34.59,33.59,33.68,12445,50
2011-11-18 08:00:00+00:00,33.63,33.97,31.04,31.72,15472,50
2011-11-19 08:00:00+00:00,31.7,32.59,30.88,32.34,12798,50
2011-11-22 08:00:00+00:00,32.21,32.25,30.66,31.61,12456,50
2011-11-23 08:00:00+00:00,31.55,33.03,31.16,32.71,10079,50
2011-11-24 08:00:00+00:00,32.72,32.84,31.21,31.7,14764,50
2011-11-25 08:00:00+00:00,31.76,32.22,31.48,31.77,7997,50
2011-11-26 08:00:00+00:00,31.72,31.83,30.96,31.12,12098,50
2011-11-29 08:00:00+00:00,31.58,32.31,31.31,32.09,7948,50
2011-11-30 08:00:00+00:00,32.07,32.16,31.47,31.91,10874,50
2011-12-01 08:00:00+00:00,31.87,32.93,31.11,32.79,9683,50
2011-12-02 08:00:00+00:00,32.8,33.42,32.47,32.72,7277,50
2011-12-03 08:00:00+00:00,32.77,33.66,32.31,32.52,8128,50
2011-12-06 08:00:00+00:00,32.68,32.99,31.86,32.03,11567,50
2011-12-07 08:00:00+00:00,32.01,32.85,31.58,32.71,9454,50
2011-12-08 08:00:00+00:00,32.64,32.77,32.21,32.46,8065,50
2011-12-09 08:00:00+00:00,32.54,33.2,31.38,31.66,10410,80
2011-12-10 08:00:00+00:00,31.53,32.31,31.44,32.16,8758,80
2011-12-13 08:00:00+00:00,32.19,32.19,30.88,31.28,11287,50
2011-12-14 08:00:00+00:00,31.22,31.96,30.39,30.74,10396,60
2011-12-15 08:00:00+00:00,30.72,31.01,28.51,28.89,13782,50
2011-12-16 08:00:00+00:00,28.94,29.25,28.1,29.11,14495,50
2011-12-17 08:00:00+00:00,29.15,29.9,29.08,29.66,10635,50
2011-12-20 08:00:00+00:00,29.71,29.75,28.68,28.77,11394,50
2011-12-21 08:00:00+00:00,28.68,29.58,28.67,29.5,8478,50
2011-12-22 08:00:00+00:00,29.51,30.19,29.13,29.31,8755,50
2011-12-23 08:00:00+00:00,29.28,29.68,28.99,29.08,7831,50
2011-12-24 08:00:00+00:00,29.13,29.43,29.01,29.04,5159,50
2011-12-28 08:00:00+00:00,29.04,29.16,28.62,28.65,8457,50
2011-12-29 08:00:00+00:00,28.63,28.77,26.85,27.06,8650,50
2011-12-30 08:00:00+00:00,27.01,27.84,26.16,27.73,9854,50
2011-12-31 08:00:00+00:00,27.6,28.47,27.27,27.79,9255,50
2012-01-04 08:00:00+00:00,27.96,29.73,27.89,29.65,7321,50
2012-01-05 08:00:00+00:00,29.69,29.72,28.92,29.14,10711,50
2012-01-06 08:00:00+00:00,29.11,29.62,28.69,29.28,9539,50
2012-01-07 08:00:00+00:00,29.25,29.45,28.58,28.69,7390,50
2012-01-10 08:00:00+00:00,28.68,29.23,28.57,28.99,8151,50
2012-01-11 08:00:00+00:00,28.96,30.32,28.91,29.95,8396,50
2012-01-12 08:00:00+00:00,29.84,30.23,29.56,29.93,9074,50
2012-01-13 08:00:00+00:00,29.94,30.66,29.86,30.25,7278,50
2012-01-14 08:00:00+00:00,30.17,30.25,29.44,29.71,8838,50
2012-01-17 08:00:00+00:00,29.63,30.04,29.47,29.97,4096,50
2012-01-18 08:00:00+00:00,29.79,30.58,29.78,30.05,7041,50
2012-01-19 08:00:00+00:00,30.02,30.59,29.76,30.5,9732,50
2012-01-20 08:00:00+00:00,30.51,30.89,30.34,30.59,6900,50
2012-01-21 08:00:00+00:00,30.57,32.12,30.3,32.12,8249,50
2012-01-24 08:00:00+00:00,32.08,32.77,31.78,32.31,7789,50
2012-01-25 08:00:00+00:00,32.32,32.47,31.87,32.03,7859,50
2012-01-26 08:00:00+00:00,32.05,33.39,31.54,33.15,9517,50
2012-01-27 08:00:00+00:00,33.25,33.78,32.99,33.43,8619,50
2012-01-28 08:00:00+00:00,33.36,33.93,33.26,33.89,10846,50
2012-01-31 08:00:00+00:00,33.85,34.0,33.04,33.46,9528,50
2012-02-01 08:00:00+00:00,33.51,34.1,32.95,33.16,9575,50
2012-02-02 08:00:00+00:00,33.24,33.99,33.08,33.67,9155,50
2012-02-03 08:00:00+00:00,33.8,34.39,33.45,34.28,10316,50
2012-02-04 08:00:00+00:00,34.26,34.38,33.31,33.63,10655,50
2012-02-07 08:00:00+00:00,33.63,33.85,32.98,33.65,9762,50
2012-02-08 08:00:00+00:00,33.65,34.33,33.15,34.15,10700,50
2012-02-09 08:00:00+00:00,34.12,34.5,33.65,33.96,8796,50
2012-02-10 08:00:00+00:00,33.87,34.42,33.66,33.88,9484,50
2012-02-11 08:00:00+00:00,33.89,34.04,33.16,33.55,10980,50
2012-02-14 08:00:00+00:00,33.74,34.02,33.45,33.7,7229,50
2012-02-15 08:00:00+00:00,33.59,33.82,33.25,33.56,9389,50
2012-02-16 08:00:00+00:00,33.57,33.95,33.1,33.4,8627,50
2012-02-17 08:00:00+00:00,33.41,33.54,32.64,33.47,8709,50
2012-02-18 08:00:00+00:00,33.42,33.67,33.06,33.24,5982,50
2012-02-21 08:00:00+00:00,33.43,33.66,33.36,33.47,3007,50
2012-02-22 08:00:00+00:00,33.52,34.44,33.43,34.29,6265,50
2012-02-23 08:00:00+00:00,34.34,34.49,33.91,34.28,9114,50
2012-02-24 08:00:00+00:00,34.23,35.6,34.2,35.32,7691,50
2012-02-25 08:00:00+00:00,35.32,35.71,35.19,35.36,8665,50
2012-02-28 08:00:00+00:00,35.42,35.62,35.05,35.36,7404,50
2012-02-29 08:00:00+00:00,35.39,37.2,35.31,36.91,7621,50
2012-03-01 08:00:00+00:00,36.92,37.48,33.74,34.61,16849,50
2012-03-03 08:00:00+00:00,35.42,35.48,34.35,34.74,11692,50
2012-03-06 08:00:00+00:00,34.72,34.89,33.51,33.96,13946,50
2012-03-07 08:00:00+00:00,34.02,34.16,32.46,32.93,13223,0
2012-03-08 08:00:00+00:00,32.92,33.57,32.71,33.4,7918,0
2012-03-09 08:00:00+00:00,33.41,34.14,33.32,33.86,7447,0
2012-03-10 08:00:00+00:00,33.84,34.4,33.12,34.27,9829,0
2012-03-13 08:00:00+00:00,34.29,34.29,33.35,33.63,10690,0
2012-03-14 08:00:00+00:00,33.64,33.8,33.0,33.4,10803,0
2012-03-15 08:00:00+00:00,33.35,33.42,31.63,32.14,14819,0
2012-03-16 08:00:00+00:00,32.19,32.85,31.94,32.47,10281,0
2012-03-17 08:00:00+00:00,32.49,32.73,32.13,32.49,7383,0
2012-03-20 08:00:00+00:00,32.57,33.07,32.32,32.92,5972,0
2012-03-21 08:00:00+00:00,32.9,32.92,31.77,32.14,9273,0
2012-03-22 08:00:00+00:00,32.06,32.39,31.86,32.14,7179,0
2012-03-23 08:00:00+00:00,32.14,32.34,31.09,31.55,8966,0
2012-03-24 08:00:00+00:00,31.55,32.28,31.43,32.2,8044,0
2012-03-27 08:00:00+00:00,32.27,32.91,32.01,32.83,7683,0
2012-03-28 08:00:00+00:00,32.81,33.17,32.47,32.56,5911,0
2012-03-29 08:00:00+00:00,32.56,32.67,31.78,32.03,31597,0
2012-03-30 08:00:00+00:00,32.03,32.301,31.634,32.219,41055,0
2012-03-31 08:00:00+00:00,32.225,32.605,32.132,32.153,38589,0
2012-04-03 08:00:00+00:00,32.44,33.227,32.367,32.967,39382,15
2012-04-04 08:00:00+00:00,32.984,33.29,32.485,32.614,49565,20
2012-04-05 08:00:00+00:00,32.646,32.671,31.007,31.356,61955,20
2012-04-06 08:00:00+00:00,31.355,31.796,31.211,31.679,29536,14
2012-04-10 08:00:00+00:00,31.996,32.072,31.325,31.525,40402,20
2012-04-11 08:00:00+00:00,31.544,31.924,31.154,31.751,47797,15
2012-04-12 08:00:00+00:00,31.802,31.826999999999998,31.392,31.547,38167,15
2012-04-13 08:00:00+00:00,31.576999999999998,32.553,31.433,32.332,32025,14
2012-04-14 08:00:00+00:00,32.338,32.424,31.314,31.446,29577,33
2012-04-17 08:00:00+00:00,31.38,31.689,31.195,31.477,45660,20
2012-04-18 08:00:00+00:00,31.479,31.897,31.335,31.688,38394,15
2012-04-19 08:00:00+00:00,31.669,31.888,31.375,31.612,35332,20
2012-04-20 08:00:00+00:00,31.621,32.024,31.33,31.752,45465,17
2012-04-21 08:00:00+00:00,31.754,31.911,31.572,31.654,34682,15
2012-04-24 08:00:00+00:00,31.614,31.705,30.491,30.842,36171,17
2012-04-25 08:00:00+00:00,30.799,31.125,30.676,30.814,29687,17
2012-04-26 08:00:00+00:00,30.822,30.987,29.979,30.719,40458,17
2012-04-27 08:00:00+00:00,30.707,31.283,30.632,31.125,31035,15
2012-04-28 08:00:00+00:00,31.046,31.424,30.911,31.237,27438,14
2012-05-01 08:00:00+00:00,31.311,31.402,30.587,31.019,30183,14
2012-05-02 08:00:00+00:00,31.026,31.319,30.769,30.944,24746,17
2012-05-03 08:00:00+00:00,30.968,31.028,30.402,30.636,37388,17
2012-05-04 08:00:00+00:00,30.56,30.681,29.886,30.094,35852,15
2012-05-05 08:00:00+00:00,30.08,30.454,29.779,30.347,38105,14
2012-05-08 08:00:00+00:00,30.172,30.373,29.701,30.069,24126,20
2012-05-09 08:00:00+00:00,30.065,30.098,29.145,29.454,37825,17
2012-05-10 08:00:00+00:00,29.471,29.492,28.636,29.219,45949,17
2012-05-11 08:00:00+00:00,29.218,29.455,28.954,29.038,37143,15
2012-05-12 08:00:00+00:00,29.012,29.103,28.447,28.882,38605,20
2012-05-15 08:00:00+00:00,28.838,28.999,28.102,28.138,36474,17
2012-05-16 08:00:00+00:00,28.161,28.451,27.593,27.716,36823,20
2012-05-17 08:00:00+00:00,27.691,27.969,26.828,27.184,54011,15
2012-05-18 08:00:00+00:00,27.226,28.314,27.19,28.034,47466,20
2012-05-19 08:00:00+00:00,27.998,28.919,27.822,28.678,48093,18
2012-05-22 08:00:00+00:00,28.804,28.862,28.072,28.495,40418,20
2012-05-23 08:00:00+00:00,28.487,28.799,27.956,28.171,40513,15
2012-05-24 08:00:00+00:00,28.107,28.193,27.121,27.78,59794,17
2012-05-25 08:00:00+00:00,27.801,28.528,27.63,28.282,50600,15
2012-05-26 08:00:00+00:00,28.267,28.607,27.924,28.462,41133,20
2012-05-29 08:00:00+00:00,28.667,28.776,28.329,28.366,22894,20
2012-05-30 08:00:00+00:00,28.376,28.682,27.758,27.836,41461,10
2012-05-31 08:00:00+00:00,27.837,28.144,27.405,27.898,47410,15
2012-06-01 08:00:00+00:00,27.939,28.216,27.549,27.74,43183,10
2012-06-02 08:00:00+00:00,27.698,28.688,27.221,28.482,54666,20
2012-06-05 08:00:00+00:00,28.63,28.663,28.003,28.222,50145,20
2012-06-06 08:00:00+00:00,28.242,28.574,28.118,28.525,45558,20
2012-06-07 08:00:00+00:00,28.535,29.881,28.444,29.412,52650,20
2012-06-08 08:00:00+00:00,29.475,29.695,28.402,28.561,59719,20
2012-06-09 08:00:00+00:00,28.611,28.686,27.96,28.427,51843,16
2012-06-12 08:00:00+00:00,28.94,29.027,28.3,28.581,34558,17
2012-06-13 08:00:00+00:00,28.477,29.049,28.347,28.95,30274,15
2012-06-14 08:00:00+00:00,28.94,29.117,28.745,28.822,30208,17
2012-06-15 08:00:00+00:00,28.834,29.101,28.182,28.617,31453,17
2012-06-16 08:00:00+00:00,28.648,28.837,28.475,28.584,24054,17
2012-06-19 08:00:00+00:00,28.855,28.882,28.296,28.71,33125,10
2012-06-20 08:00:00+00:00,28.724,28.934,28.334,28.41,31159,20
2012-06-21 08:00:00+00:00,28.414,28.626,27.729,28.114,44986,20
2012-06-22 08:00:00+00:00,28.098,28.112,26.858,26.873,45780,14
2012-06-23 08:00:00+00:00,26.902,27.046,26.594,26.859,30599,17
2012-06-26 08:00:00+00:00,26.899,27.634,26.64,27.528,30636,17
2012-06-27 08:00:00+00:00,27.483,27.544,26.817,27.101,28830,10
2012-06-28 08:00:00+00:00,27.089,27.338,26.681,26.913,30772,14
2012-06-29 08:00:00+00:00,26.924,27.132,26.13,26.327,38691,14
2012-06-30 08:00:00+00:00,26.332,27.92,26.272,27.449,39346,20
2012-07-03 08:00:00+00:00,27.448,27.623,27.203,27.495,28499,14
2012-07-04 08:00:00+00:00,27.479,28.443,27.421,28.27,33185,20
2012-07-05 08:00:00+00:00,28.234,28.347,28.053,28.123,17170,20
2012-07-06 08:00:00+00:00,28.139,28.379,27.523,27.666,35017,20
2012-07-07 08:00:00+00:00,27.679,27.811,26.95,27.015,35678,20
2012-07-10 08:00:00+00:00,26.946,27.502,26.914,27.334,25323,20
2012-07-11 08:00:00+00:00,27.392,27.578,26.748,26.776,33560,20
2012-07-12 08:00:00+00:00,26.794,27.254,26.794,27.097,31670,14
2012-07-13 08:00:00+00:00,27.132,27.37,26.474,27.15,28508,0
2012-07-14 08:00:00+00:00,27.19,27.571,27.072,27.227,30038,0
2012-07-17 08:00:00+00:00,27.38,27.437,26.889,27.312,30796,20
2012-07-18 08:00:00+00:00,27.289,27.624,26.802,27.311,35932,20
2012-07-19 08:00:00+00:00,27.291,27.387,26.909,27.167,34080,15
2012-07-20 08:00:00+00:00,27.165,27.605,27.133,27.24,32158,20
2012-07-21 08:00:00+00:00,27.271,27.432,26.82,27.228,40500,15
2012-07-24 08:00:00+00:00,27.224,27.32,26.674,27.006,34669,20
2012-07-25 08:00:00+00:00,27.034,27.174,26.635,26.937,36861,20
2012-07-26 08:00:00+00:00,26.972,27.566,26.838,27.339,39020,20
2012-07-27 08:00:00+00:00,27.37,27.818,27.263,27.508,39105,20
2012-07-28 08:00:00+00:00,27.479,27.85,27.381,27.693,37200,10
2012-07-31 08:00:00+00:00,27.705,28.232,27.557,28.161,25726,0
2012-08-01 08:00:00+00:00,28.151,28.372,27.92,27.953,35005,20
2012-08-02 08:00:00+00:00,27.985,28.065,27.118,27.397,37840,20
2012-08-03 08:00:00+00:00,27.387,27.79,26.985,27.143,44726,20
2012-08-04 08:00:00+00:00,27.155,27.903,26.693,27.735,35699,10
2012-08-07 08:00:00+00:00,27.724,27.991,27.623,27.861,28405,20
2012-08-08 08:00:00+00:00,27.842,28.218,27.778,28.109,25060,20
2012-08-09 08:00:00+00:00,28.083,28.25,27.703,28.017,30527,14
2012-08-10 08:00:00+00:00,28.026,28.245,27.897,28.122,25552,20
2012-08-11 08:00:00+00:00,28.153,28.318,27.603,28.04,27024,10
2012-08-14 08:00:00+00:00,28.129,28.197,27.755,27.802,24485,20
2012-08-15 08:00:00+00:00,27.822,28.031,27.649,27.795,25222,20
2012-08-16 08:00:00+00:00,27.797,27.999,27.497,27.809,26766,20
2012-08-17 08:00:00+00:00,27.817,28.281,27.759,28.165,16343,20
2012-08-18 08:00:00+00:00,28.203,28.338,28.015,28.016,16009,20
2012-08-21 08:00:00+00:00,28.123,28.832,27.944,28.771,15797,20
2012-08-22 08:00:00+00:00,28.776,29.505,28.67,29.271,19116,20
2012-08-23 08:00:00+00:00,29.293,29.909,29.227,29.816,21906,10
2012-08-24 08:00:00+00:00,29.817,30.807,29.815,30.551,28142,20
2012-08-25 08:00:00+00:00,30.537,30.776,30.238,30.724,22089,20
2012-08-28 08:00:00+00:00,30.791,31.253,30.64,30.712,21422,20
2012-08-29 08:00:00+00:00,30.745,30.996,30.536,30.841,20937,10
2012-08-30 08:00:00+00:00,30.876,30.966,30.56,30.714,21898,14
2012-08-31 08:00:00+00:00,30.723,30.904,30.219,30.432,25894,14
2012-09-01 08:00:00+00:00,30.458,31.74,30.256,31.644,27564,20
2012-09-04 08:00:00+00:00,31.633,31.996,31.524,31.996,15077,20
2012-09-05 08:00:00+00:00,32.039,32.413,31.924,32.317,24481,17
2012-09-06 08:00:00+00:00,32.309,32.357,31.961,32.247,29395,10
2012-09-07 08:00:00+00:00,32.271,32.994,32.203,32.651,44122,5
2012-09-08 08:00:00+00:00,32.648,33.718,31.964,33.663,45690,9
2012-09-11 08:00:00+00:00,33.604,33.961,33.254,33.338,43685,3
2012-09-12 08:00:00+00:00,33.352,33.826,33.337,33.494,39086,2
2012-09-13 08:00:00+00:00,33.482,34.098,32.474,33.234,55361,2
2012-09-14 08:00:00+00:00,33.25,34.81,32.685,34.646,58267,9
2012-09-15 08:00:00+00:00,34.68,34.935,34.289,34.646,61724,7
2012-09-18 08:00:00+00:00,34.742,34.846,33.803,34.188,45241,9
2012-09-19 08:00:00+00:00,34.233,35.053,33.982,34.797,49894,2
2012-09-20 08:00:00+00:00,34.781,34.969,34.284,34.583,45199,9
2012-09-21 08:00:00+00:00,34.596,34.746,34.093,34.647,46236,9
2012-09-22 08:00:00+00:00,34.629,35.182,34.332,34.511,56354,10
2012-09-25 08:00:00+00:00,34.5,34.517,33.497,33.963,51265,7
2012-09-26 08:00:00+00:00,34.005,34.49,33.664,33.743,48753,3
2012-09-27 08:00:00+00:00,33.735,34.054,33.333,33.937,52765,10
2012-09-28 08:00:00+00:00,33.94,34.745,33.852,34.594,49811,1
2012-09-29 08:00:00+00:00,34.631,34.863,34.282,34.465,53347,10
2012-10-02 08:00:00+00:00,34.401,35.387,34.169,34.642,58017,8
2012-10-03 08:00:00+00:00,34.704,35.055,34.374,34.612,45341,4
2012-10-04 08:00:00+00:00,34.535,34.877,34.464,34.584,45359,9
2012-10-05 08:00:00+00:00,34.616,35.115,34.602,34.995,36918,4
2012-10-06 08:00:00+00:00,34.984,35.092,34.156,34.506,37268,11
2012-10-09 08:00:00+00:00,34.425,34.529,33.621,33.974,37277,9
2012-10-10 08:00:00+00:00,34.005,34.218,33.556,33.896,36618,10
2012-10-11 08:00:00+00:00,33.897,34.15,33.715,34.0,36102,8
2012-10-12 08:00:00+00:00,33.937,34.334,33.789,33.996,36671,9
2012-10-13 08:00:00+00:00,34.015,34.125,33.47,33.477,35492,0
2012-10-16 08:00:00+00:00,33.358,33.363,32.548,32.728,43202,10
2012-10-17 08:00:00+00:00,32.714,33.047,32.629,32.951,28784,6
2012-10-18 08:00:00+00:00,32.994,33.26,32.86,33.21,29035,11
2012-10-19 08:00:00+00:00,33.165,33.286,32.683,32.783,28558,11
2012-10-20 08:00:00+00:00,32.803,32.886,31.936,32.069,39050,9
2012-10-23 08:00:00+00:00,31.937,32.451,31.695,32.414,32237,6
2012-10-24 08:00:00+00:00,32.395,32.466,31.541,31.66,40524,2
2012-10-25 08:00:00+00:00,31.685,32.035,31.519,31.747,38415,12
2012-10-26 08:00:00+00:00,31.721,32.249,31.717,32.123,32770,3
2012-10-27 08:00:00+00:00,32.106,32.353,31.597,32.075,36917,0
2012-10-30 08:00:00+00:00,31.994,32.203,31.675,31.744,22347,4
2012-10-31 08:00:00+00:00,31.74,32.132,31.695,31.721,22475,10
2012-11-01 08:00:00+00:00,31.842,32.418,31.813,32.234,38672,6
2012-11-02 08:00:00+00:00,32.275,32.668,32.178,32.244,32758,10
2012-11-03 08:00:00+00:00,32.312,32.346,30.808,30.847,44739,0
2012-11-06 08:00:00+00:00,30.897,31.245,30.661,31.167,38055,3
2012-11-07 08:00:00+00:00,31.177,32.266,31.071,31.982,40593,4
2012-11-08 08:00:00+00:00,31.973,32.4,31.223,31.803,60771,2
2012-11-09 08:00:00+00:00,31.839,32.432,31.648,32.331,42034,6
2012-11-10 08:00:00+00:00,32.311,32.785,32.07,32.594,44425,2
2012-11-13 08:00:00+00:00,32.648,32.749,32.198,32.417,36147,0
2012-11-14 08:00:00+00:00,32.398,32.84,32.125,32.491,43875,2
2012-11-15 08:00:00+00:00,32.464,32.937,32.379,32.664,40837,8
2012-11-16 08:00:00+00:00,32.709,32.784,32.169,32.612,40488,10
2012-11-17 08:00:00+00:00,32.68,32.684,32.034,32.311,39794,9
2012-11-20 08:00:00+00:00,32.32,33.22,32.307,33.105,33793,0
2012-11-21 08:00:00+00:00,33.075,33.257,32.88,33.167,32784,9
2012-11-22 08:00:00+00:00,33.165,33.403,32.842,33.356,30149,6
2012-11-23 08:00:00+00:00,33.37,33.452,33.276,33.344,14174,7
2012-11-24 08:00:00+00:00,33.308,34.16,33.25,34.016,29253,6
2012-11-27 08:00:00+00:00,34.061,34.229,33.892,34.136,34770,10
2012-11-28 08:00:00+00:00,34.157,34.276,33.92,34.022,35070,0
2012-11-29 08:00:00+00:00,34.032,34.053,32.916,33.733,47547,6
2012-11-30 08:00:00+00:00,33.723,34.41,33.538,34.223,38925,9
2012-12-01 08:00:00+00:00,34.206,34.346,33.146,33.407,39869,0
2012-12-04 08:00:00+00:00,33.455,33.855,33.408,33.651,33338,1
2012-12-05 08:00:00+00:00,33.654,33.657,32.684,32.919,44767,4
2012-12-06 08:00:00+00:00,32.875,33.233,32.529,32.877,37612,6
2012-12-07 08:00:00+00:00,32.862,33.267,32.544,33.026,39761,2
2012-12-08 08:00:00+00:00,33.012,33.267,32.623,33.07,40257,6
2012-12-11 08:00:00+00:00,33.057,33.407,33.04,33.211,25578,12
2012-12-12 08:00:00+00:00,33.255,33.258,32.754,32.959,29776,41
2012-12-13 08:00:00+00:00,32.969,33.778,32.913,33.454,41657,41
2012-12-14 08:00:00+00:00,33.356,33.402,32.208,32.533,48817,41
2012-12-15 08:00:00+00:00,32.516,32.713,32.174,32.255,34118,41
2012-12-18 08:00:00+00:00,32.379,32.393,31.999,32.251,28187,41
2012-12-19 08:00:00+00:00,32.275,32.519,31.333,31.611,40248,41
2012-12-20 08:00:00+00:00,31.653,31.787,30.973,31.01,39380,41
2012-12-21 08:00:00+00:00,31.002,31.212,29.58,29.924,46940,41
2012-12-22 08:00:00+00:00,29.951,30.268,29.611,29.977,37463,41
2012-12-25 08:00:00+00:00,29.998,30.338,29.813,29.888,18936,41
2012-12-27 08:00:00+00:00,29.895,30.202,29.823,29.99,14780,41
2012-12-28 08:00:00+00:00,30.007,30.478,29.68,30.166,25503,41
2012-12-29 08:00:00+00:00,30.156,30.318,29.865,30.004,22869,41
2013-01-01 08:00:00+00:00,30.035,30.423,29.88,30.264,19203,41
2013-01-03 08:00:00+00:00,30.29,31.478,30.189,30.999,34067,40
2013-01-04 08:00:00+00:00,31.011,31.18,29.978,30.15,36106,40
2013-01-05 08:00:00+00:00,30.129,30.266,29.21,30.227,56283,40
2013-01-08 08:00:00+00:00,30.22,30.443,29.846,30.142,38676,40
2013-01-09 08:00:00+00:00,30.184,30.538,30.065,30.358,37298,40
2013-01-10 08:00:00+00:00,30.41,30.558,30.046,30.343,36313,40
2013-01-11 08:00:00+00:00,30.345,30.925,30.236,30.838,34806,40
2013-01-12 08:00:00+00:00,30.884,30.912,30.135,30.442,36218,40
2013-01-15 08:00:00+00:00,30.446,31.149,30.371,31.031,34284,40
2013-01-16 08:00:00+00:00,31.064,31.566,30.949,31.362,55918,40
2013-01-17 08:00:00+00:00,31.368,31.546,31.069,31.455,46499,40
2013-01-18 08:00:00+00:00,31.482,31.904,31.034,31.732,64064,40
2013-01-19 08:00:00+00:00,31.719,32.114,31.651,31.835,47685,40
2013-01-22 08:00:00+00:00,31.912,32.092,31.846,31.991,33518,40
2013-01-23 08:00:00+00:00,32.015,32.344,31.798000000000002,32.204,59519,40
2013-01-24 08:00:00+00:00,32.193,32.461,32.085,32.244,46843,40
2013-01-25 08:00:00+00:00,32.187,32.215,31.584,31.626,56905,40
2013-01-26 08:00:00+00:00,31.639,31.764,31.107,31.183,50773,40
2013-01-29 08:00:00+00:00,31.199,31.297,30.725,30.842,54679,40
2013-01-30 08:00:00+00:00,30.846,31.45,30.842,31.387,40582,40
2013-01-31 08:00:00+00:00,31.365,32.269,31.236,32.019,59086,40
2013-02-01 08:00:00+00:00,31.964,32.104,31.101,31.437,50740,40
2013-02-02 08:00:00+00:00,31.44,32.154,31.283,31.823,52468,0
2013-02-05 08:00:00+00:00,31.866,31.916,31.389,31.748,42792,7
2013-02-06 08:00:00+00:00,31.758,32.111,31.617,31.8,54286,4
2013-02-07 08:00:00+00:00,31.81,31.892,31.6,31.819,35430,10
2013-02-08 08:00:00+00:00,31.838,31.925,31.287,31.464,56160,5
2013-02-09 08:00:00+00:00,31.502,31.689,31.331,31.414,44730,10
2013-02-12 08:00:00+00:00,31.408,31.528,30.826,30.936,43606,7
2013-02-13 08:00:00+00:00,30.882,31.154,30.583,31.108,55754,3
2013-02-14 08:00:00+00:00,31.174,31.222,30.739,30.766,44693,10
2013-02-15 08:00:00+00:00,30.758,31.065,30.24,30.393,51592,3
2013-02-16 08:00:00+00:00,30.402,30.472,29.697,29.77,68647,2
2013-02-19 08:00:00+00:00,29.849,30.167,29.791,29.945,41307,3
2013-02-20 08:00:00+00:00,29.963,30.146,29.233,29.438,61353,3
2013-02-21 08:00:00+00:00,29.453,29.648,28.277,28.551,97614,1
2013-02-22 08:00:00+00:00,28.61,28.906,28.325,28.666,87721,3
2013-02-23 08:00:00+00:00,28.712,28.928,28.373,28.726,59479,3
2013-02-26 08:00:00+00:00,28.794,29.256,28.576999999999998,29.013,68696,6
2013-02-27 08:00:00+00:00,28.954,29.471,28.595,29.402,96702,8
2013-02-28 08:00:00+00:00,29.396,29.414,28.857,29.001,62683,5
2013-03-01 08:00:00+00:00,28.976,29.18,28.401,28.524,89849,5
2013-03-02 08:00:00+00:00,28.533,28.791,27.945,28.578,99798,2
2013-03-05 08:00:00+00:00,28.712,28.816,28.441,28.575,66655,5
2013-03-06 08:00:00+00:00,28.584,29.096,28.529,28.677,58441,1
2013-03-07 08:00:00+00:00,28.667,29.086,28.543,29.044,73450,1
2013-03-08 08:00:00+00:00,29.049,29.095,28.754,28.892,62653,4
2013-03-09 08:00:00+00:00,28.871,29.266,28.343,28.972,68927,4
2013-03-12 08:00:00+00:00,28.956,29.097,28.724,28.961,52146,6
2013-03-13 08:00:00+00:00,28.987,29.364,28.889,29.131,52665,5
2013-03-14 08:00:00+00:00,29.168,29.297,28.866,28.902,56279,2
2013-03-15 08:00:00+00:00,28.949,28.973,28.541,28.798000000000002,59150,5
2013-03-16 08:00:00+00:00,28.851,29.034,28.724,28.77,49427,9
2013-03-19 08:00:00+00:00,28.988,29.072,28.613,28.861,73560,10
2013-03-20 08:00:00+00:00,28.95,29.115,28.657,28.878,55257,6
2013-03-21 08:00:00+00:00,28.944,29.012,28.581,28.792,46141,1
2013-03-22 08:00:00+00:00,28.818,29.342,28.736,29.144,36204,2
2013-03-23 08:00:00+00:00,29.167,29.192,28.542,28.731,45350,4
2013-03-26 08:00:00+00:00,28.731,28.922,28.504,28.833,47211,1
2013-03-27 08:00:00+00:00,28.825,28.878,28.642,28.733,34234,4
2013-03-28 08:00:00+00:00,28.766,28.819,28.122,28.64,43869,5
2013-03-29 08:00:00+00:00,28.658,28.839,28.217,28.311,44742,2
2013-04-02 08:00:00+00:00,28.383,28.383,27.857,28.0,45550,6
2013-04-03 08:00:00+00:00,28.018,28.185,27.208,27.269,54906,6
2013-04-04 08:00:00+00:00,27.285,27.364,26.735,26.988,64846,0
2013-04-05 08:00:00+00:00,26.962,27.07,26.637,26.936,55667,10
2013-04-06 08:00:00+00:00,26.912,27.355,26.788,27.299,61931,3
2013-04-09 08:00:00+00:00,27.404,27.418,27.145,27.293,33866,5
2013-04-10 08:00:00+00:00,27.25,28.081,27.21,27.987,53154,1
2013-04-11 08:00:00+00:00,27.951,28.03,27.518,27.622,53229,8
2013-04-12 08:00:00+00:00,27.642,27.862,27.407,27.644,63696,3
2013-04-13 08:00:00+00:00,27.62,27.709,25.934,25.94,95942,10
2013-04-16 08:00:00+00:00,26.057,26.109,22.578,22.77,222121,13
2013-04-17 08:00:00+00:00,22.809,23.984,22.036,23.379,193645,6
2013-04-18 08:00:00+00:00,23.438,23.74,22.879,23.309,138313,5
2013-04-19 08:00:00+00:00,23.336,23.683,22.457,23.225,131209,4
2013-04-20 08:00:00+00:00,23.309,23.851,22.926,23.238,84490,5
2013-04-23 08:00:00+00:00,23.259,23.699,23.131,23.428,94402,9
2013-04-24 08:00:00+00:00,23.424,23.463,22.618,22.98,95826,9
2013-04-25 08:00:00+00:00,22.935,23.376,22.862,23.177,76408,4
2013-04-26 08:00:00+00:00,23.165,24.394,23.077,24.362,70300,8
2013-04-27 08:00:00+00:00,24.406,24.835,23.641,23.98,125000,7
2013-04-30 08:00:00+00:00,24.077,24.59,23.961,24.519,68737,4
2013-05-01 08:00:00+00:00,24.499,24.547,24.045,24.325,71091,11
2013-05-02 08:00:00+00:00,24.313,24.365,23.255,23.615,62139,10
2013-05-03 08:00:00+00:00,23.602,24.222,23.405,23.834,77149,7
2013-05-04 08:00:00+00:00,23.797,24.403,23.439,24.102,75918,6
2013-05-07 08:00:00+00:00,24.134,24.437,23.852,23.998,49395,0
2013-05-08 08:00:00+00:00,24.015,24.063,23.45,23.935,83468,5
2013-05-09 08:00:00+00:00,23.89,24.101,23.684,23.962,70637,2
2013-05-10 08:00:00+00:00,23.923000000000002,24.199,23.562,23.724,65393,0
2013-05-11 08:00:00+00:00,23.679,23.909,23.191,23.834,82584,4
2013-05-14 08:00:00+00:00,23.817,23.866,23.505,23.672,73334,2
2013-05-15 08:00:00+00:00,23.641,23.794,23.126,23.421,69236,2
2013-05-16 08:00:00+00:00,23.389,23.488,22.51,22.594,86427,0
2013-05-17 08:00:00+00:00,22.599,22.82,22.123,22.682,100447,7
2013-05-18 08:00:00+00:00,22.672,22.795,22.167,22.225,90763,8
2013-05-21 08:00:00+00:00,22.302,23.249,20.625,22.907,117991,4
2013-05-22 08:00:00+00:00,22.876,22.927,22.084,22.442,100244,8
2013-05-23 08:00:00+00:00,22.424,23.344,22.204,22.347,100802,6
2013-05-24 08:00:00+00:00,22.282,22.692,21.983,22.597,88931,10
2013-05-25 08:00:00+00:00,22.592,22.649,22.327,22.38,53041,7
2013-05-28 08:00:00+00:00,22.447,22.768,22.334,22.635,18781,8
2013-05-29 08:00:00+00:00,22.613,22.653,22.182,22.325,52035,4
2013-05-30 08:00:00+00:00,22.337,22.531,22.192,22.496,46385,10
2013-05-31 08:00:00+00:00,22.531,23.123,22.376,22.776,63161,0
2013-06-01 08:00:00+00:00,22.763,22.914,22.168,22.245,65201,2
2013-06-04 08:00:00+00:00,22.265,22.98,22.264,22.721,62816,2
2013-06-05 08:00:00+00:00,22.723,22.789,22.288,22.545,54248,11
2013-06-06 08:00:00+00:00,22.563,22.774,22.356,22.551,46701,9
2013-06-07 08:00:00+00:00,22.536,22.906,22.325,22.643,56869,11
2013-06-08 08:00:00+00:00,22.591,22.818,21.584,21.585,74268,9
2013-06-11 08:00:00+00:00,21.465,22.097,21.41,21.922,56775,0
2013-06-12 08:00:00+00:00,21.918,22.023,21.495,21.659,59962,7
2013-06-13 08:00:00+00:00,21.643,22.028,21.512,21.778,47415,8
2013-06-14 08:00:00+00:00,21.756,21.986,21.587,21.857,48856,4
2013-06-15 08:00:00+00:00,21.88,22.328,21.701,22.073,51774,8
2013-06-18 08:00:00+00:00,22.031,22.066,21.69,21.869,23873,7
2013-06-19 08:00:00+00:00,21.875,21.956,21.537,21.666,36860,6
2013-06-20 08:00:00+00:00,21.679,21.831,21.27,21.407,47488,6
2013-06-21 08:00:00+00:00,21.321,21.325,19.623,19.701999999999998,109766,6
2013-06-22 08:00:00+00:00,19.703,20.137,19.396,20.096,62499,12
2013-06-25 08:00:00+00:00,20.146,20.227,19.463,19.685,71839,7
2013-06-26 08:00:00+00:00,19.681,19.859,19.47,19.623,53167,8
2013-06-27 08:00:00+00:00,19.616,19.648,18.435,18.555,92945,5
2013-06-28 08:00:00+00:00,18.532,18.989,18.391,18.481,98446,9
2013-06-29 08:00:00+00:00,18.546,19.675,18.206,19.673000000000002,127467,10
2013-07-02 08:00:00+00:00,19.732,20.098,19.391,19.62,85452,8
2013-07-03 08:00:00+00:00,19.657,19.818,19.257,19.4,70791,10
2013-07-04 08:00:00+00:00,19.422,19.922,19.351,19.776,69181,9
2013-07-05 08:00:00+00:00,19.713,19.865,19.419,19.547,38344,13
2013-07-06 08:00:00+00:00,19.561,19.62,18.709,18.892,64205,11
2013-07-09 08:00:00+00:00,18.983,19.306,18.718,19.097,52067,7
2013-07-10 08:00:00+00:00,19.084,19.524,19.002,19.294,51802,8
2013-07-11 08:00:00+00:00,19.27,19.438,19.025,19.322,60177,14
2013-07-12 08:00:00+00:00,19.504,20.283,19.504,20.148,78744,9
2013-07-13 08:00:00+00:00,20.161,20.219,19.65,19.928,46558,12
2013-07-16 08:00:00+00:00,19.982,20.164,19.569,19.97,43721,9
2013-07-17 08:00:00+00:00,19.916,20.071,19.697,20.013,46694,8
2013-07-18 08:00:00+00:00,19.992,20.173,19.283,19.324,64156,11
2013-07-19 08:00:00+00:00,19.375,19.596,19.253,19.394,52003,11
2013-07-20 08:00:00+00:00,19.409,19.631,19.327,19.505,37710,8
2013-07-23 08:00:00+00:00,19.567,20.6,19.545,20.531,63293,6
2013-07-24 08:00:00+00:00,20.533,20.597,20.112,20.471,43528,3
2013-07-25 08:00:00+00:00,20.44,20.49,20.007,20.177,45047,0
2013-07-26 08:00:00+00:00,20.14,20.323,19.793,20.245,51234,11
2013-07-27 08:00:00+00:00,20.252,20.359,19.663,20.002,47344,11
2013-07-30 08:00:00+00:00,19.991,20.232,19.707,19.852,44458,7
2013-07-31 08:00:00+00:00,19.829,19.909,19.542,19.734,39439,2
2013-08-01 08:00:00+00:00,19.756,20.129,19.404,19.849,71481,6
2013-08-02 08:00:00+00:00,19.837,19.993,19.555,19.633,63944,10
2013-08-03 08:00:00+00:00,19.596,20.3,19.224,19.899,63978,12
2013-08-06 08:00:00+00:00,19.862,20.023,19.576999999999998,19.72,42224,6
2013-08-07 08:00:00+00:00,19.712,19.815,19.491,19.519,48962,6
2013-08-08 08:00:00+00:00,19.516,19.635,19.154,19.589,53768,7
2013-08-09 08:00:00+00:00,19.563,20.338,19.524,20.265,58406,5
2013-08-10 08:00:00+00:00,20.231,20.58,20.086,20.541,54605,3
2013-08-13 08:00:00+00:00,20.748,21.464,20.657,21.378,81115,5
2013-08-14 08:00:00+00:00,21.413,21.77,21.141,21.455,86884,3
2013-08-15 08:00:00+00:00,21.445,21.868,21.286,21.866,72038,4
2013-08-16 08:00:00+00:00,21.84,23.206,21.73,23.002,108216,11
2013-08-17 08:00:00+00:00,22.968,23.411,22.777,23.224,99895,7
2013-08-20 08:00:00+00:00,23.293,23.617,22.992,23.159,84361,7
2013-08-21 08:00:00+00:00,23.177,23.318,22.293,23.007,86060,7
2013-08-22 08:00:00+00:00,22.982,23.36,22.772,22.869,85921,1
2013-08-23 08:00:00+00:00,22.871,23.335,22.462,23.113,71805,8
2013-08-24 08:00:00+00:00,23.193,24.107,22.894,24.063,102224,11
2013-08-27 08:00:00+00:00,24.118,24.422,23.868,24.303,73741,10
2013-08-28 08:00:00+00:00,24.299,24.703,23.983,24.458,87276,9
2013-08-29 08:00:00+00:00,24.532,25.113,24.251,24.361,89901,6
2013-08-30 08:00:00+00:00,24.337,24.428,23.662,23.864,107552,12
2013-08-31 08:00:00+00:00,23.802,24.013,23.377,23.499,81332,7
2013-09-03 08:00:00+00:00,23.38,24.373,23.072,24.17,65313,8
2013-09-04 08:00:00+00:00,24.11,24.488,23.99,24.281,74776,8
2013-09-05 08:00:00+00:00,24.265,24.395,23.349,23.508,74774,5
2013-09-06 08:00:00+00:00,23.468,23.649,23.0,23.177,76144,0
2013-09-07 08:00:00+00:00,23.09,23.938,23.036,23.853,71335,6
2013-09-10 08:00:00+00:00,23.944,23.989,23.413,23.704,43286,13
2013-09-11 08:00:00+00:00,23.718,23.781,22.817,22.972,60834,3
2013-09-12 08:00:00+00:00,22.968,23.218,22.766,23.186,54718,7
2013-09-13 08:00:00+00:00,23.172,23.184,21.783,21.797,72625,9
2013-09-14 08:00:00+00:00,21.92,22.242,21.396,22.211,79583,7
2013-09-17 08:00:00+00:00,22.261,22.362,21.663,21.789,75664,9
2013-09-18 08:00:00+00:00,21.73,22.104,21.625,21.729,59090,9
2013-09-19 08:00:00+00:00,21.745,23.214,21.215,22.954,93759,4
2013-09-20 08:00:00+00:00,23.029,23.407,22.819,23.06,75781,8
2013-09-21 08:00:00+00:00,23.047,23.139,21.731,21.763,69337,9
2013-09-24 08:00:00+00:00,21.77,21.934,21.283,21.648,71942,7
2013-09-25 08:00:00+00:00,21.675,22.009,21.313,21.693,70165,6
2013-09-26 08:00:00+00:00,21.711,21.935,21.472,21.788,56911,9
2013-09-27 08:00:00+00:00,21.782,22.096,21.638,21.714,58986,8
2013-09-28 08:00:00+00:00,21.714,22.125,21.487,21.766,55102,6
2013-10-01 08:00:00+00:00,21.971,22.046,21.416,21.684,46266,10
2013-10-02 08:00:00+00:00,21.666,21.943,20.612,21.16,66123,4
2013-10-03 08:00:00+00:00,21.164,22.015,20.967,21.73,63683,12
2013-10-04 08:00:00+00:00,21.743,21.838,21.405,21.675,52648,6
2013-10-05 08:00:00+00:00,21.682,21.908,21.486,21.724,39982,10
2013-10-08 08:00:00+00:00,21.786,22.459,21.624,22.342,43239,7
2013-10-09 08:00:00+00:00,22.336,22.488,22.121,22.295,47129,11
2013-10-10 08:00:00+00:00,22.271,22.386,21.765,21.857,58283,12
2013-10-11 08:00:00+00:00,21.898,22.217,21.533,21.658,48857,9
2013-10-12 08:00:00+00:00,21.638,21.842,20.966,21.34,67319,11
2013-10-15 08:00:00+00:00,21.359,21.67,21.098,21.251,29875,3
2013-10-16 08:00:00+00:00,21.254,21.517,20.507,21.384,39566,0
2013-10-17 08:00:00+00:00,21.323,21.43,21.125,21.403,38822,7
2013-10-18 08:00:00+00:00,21.38,22.186,21.096,21.889,43430,2
2013-10-19 08:00:00+00:00,21.868,22.029,21.733,21.913,27511,4
2013-10-22 08:00:00+00:00,21.901,22.318,21.836,22.223,26518,1
2013-10-23 08:00:00+00:00,22.198,22.818,21.977,22.686,29844,1
2013-10-24 08:00:00+00:00,22.689,22.807,22.496,22.55,26125,1
2013-10-25 08:00:00+00:00,22.518,22.871,22.498,22.701,33047,2
2013-10-26 08:00:00+00:00,22.729,22.739,22.245,22.533,33774,3
2013-10-29 08:00:00+00:00,22.614,22.701999999999998,22.364,22.483,28818,5
2013-10-30 08:00:00+00:00,22.478,22.615,22.295,22.518,29925,6
2013-10-31 08:00:00+00:00,22.488,23.084,22.379,22.749,30170,1
2013-11-01 08:00:00+00:00,22.626,22.631,21.772,21.913,32143,2
2013-11-02 08:00:00+00:00,21.93,21.996,21.708,21.873,25823,2
2013-11-05 08:00:00+00:00,21.854,21.935,21.605,21.64,20834,3
2013-11-06 08:00:00+00:00,21.649,21.788,21.561,21.705,20579,3
2013-11-07 08:00:00+00:00,21.693,22.064,21.623,21.792,18855,1
2013-11-08 08:00:00+00:00,21.788,22.015,21.393,21.611,28458,2
2013-11-09 08:00:00+00:00,21.669,21.908,21.273,21.482,27734,4
2013-11-12 08:00:00+00:00,21.421,21.464,21.246,21.388,18700,3
2013-11-13 08:00:00+00:00,21.363,21.364,20.584,20.758,25967,1
2013-11-14 08:00:00+00:00,20.708,20.878,20.445,20.544,27749,2
2013-11-15 08:00:00+00:00,20.673000000000002,20.904,20.643,20.808,30824,2
2013-11-16 08:00:00+00:00,20.793,20.845,20.573,20.765,20461,2
2013-11-19 08:00:00+00:00,20.795,20.808,20.314,20.413,19442,3
2013-11-20 08:00:00+00:00,20.408,20.503,20.221,20.346,23815,1
2013-11-21 08:00:00+00:00,20.373,20.506,19.798000000000002,19.853,32266,2
2013-11-22 08:00:00+00:00,19.883,20.061,19.728,19.984,24900,2
2013-11-23 08:00:00+00:00,19.994,20.059,19.833,19.866,21422,3
2013-11-26 08:00:00+00:00,19.808,20.11,19.588,20.023,23698,0
2013-11-27 08:00:00+00:00,20.186,20.307,19.808,19.863,19928,1
2013-11-28 08:00:00+00:00,19.867,20.119,19.623,19.664,18729,0
2013-11-29 08:00:00+00:00,19.687,19.794,19.633,19.682,12084,0
2013-11-30 08:00:00+00:00,19.725,20.087,19.684,19.98,14164,2
2013-12-03 08:00:00+00:00,19.927,19.941,19.112,19.161,28315,5
2013-12-04 08:00:00+00:00,19.191,19.337,18.984,19.116,23335,1
2013-12-05 08:00:00+00:00,19.113,19.891,18.891,19.696,27556,3
2013-12-06 08:00:00+00:00,19.677,19.731,19.239,19.383,29057,3
2013-12-07 08:00:00+00:00,19.382,19.783,19.202,19.494,25981,3
2013-12-10 08:00:00+00:00,19.568,19.994,19.448,19.858,15798,2
2013-12-11 08:00:00+00:00,19.802,20.436,19.754,20.385,23440,4
2013-12-12 08:00:00+00:00,20.391,20.485,20.228,20.284,23353,3
2013-12-13 08:00:00+00:00,20.318,20.354,19.43,19.493,29567,3
2013-12-14 08:00:00+00:00,19.516,19.758,19.299,19.699,23396,2
2013-12-17 08:00:00+00:00,19.669,20.3,19.46,19.987,22295,3
2013-12-18 08:00:00+00:00,19.979,20.238,19.689,19.908,28246,3
2013-12-19 08:00:00+00:00,19.843,20.271,19.639,19.754,31282,1
2013-12-20 08:00:00+00:00,19.712,19.913,19.127,19.293,31337,3
2013-12-21 08:00:00+00:00,19.233,19.535,19.148,19.391,22757,3
2013-12-24 08:00:00+00:00,19.423,19.537,19.284,19.448,20258,2
2013-12-25 08:00:00+00:00,19.428,19.499,19.328,19.472,8795,6
2013-12-27 08:00:00+00:00,19.498,20.049,19.491,19.761,8476,1
2013-12-28 08:00:00+00:00,19.795,20.115,19.768,20.061,16099,1
2013-12-31 08:00:00+00:00,20.125,20.185,19.474,19.573,19146,1
2014-01-01 08:00:00+00:00,19.601,19.826999999999998,18.625,19.486,19375,4
2014-01-03 08:00:00+00:00,20.076,20.233,19.888,20.011,18454,3
2014-01-04 08:00:00+00:00,20.02,20.313,19.993,20.148,26174,6
2014-01-07 08:00:00+00:00,20.173,20.354,19.951999999999998,20.168,27651,7
2014-01-08 08:00:00+00:00,20.178,20.278,19.636,19.87,22916,2
2014-01-09 08:00:00+00:00,19.853,19.869,19.325,19.528,26896,6
2014-01-10 08:00:00+00:00,19.533,19.719,19.41,19.568,19078,1
2014-01-11 08:00:00+00:00,19.578,20.255,19.555,20.139,23098,3
2014-01-14 08:00:00+00:00,20.226,20.46,19.956,20.388,20940,3
2014-01-15 08:00:00+00:00,20.377,20.603,20.151,20.243,21356,2
2014-01-16 08:00:00+00:00,20.268,20.268,19.936,20.175,20051,5
2014-01-17 08:00:00+00:00,20.19,20.232,19.974,20.108,16901,3
2014-01-18 08:00:00+00:00,20.123,20.425,19.968,20.268,17379,4
2014-01-21 08:00:00+00:00,20.361,20.422,20.27,20.273,11090,1
2014-01-22 08:00:00+00:00,20.315,20.332,19.69,19.897,17905,2
2014-01-23 08:00:00+00:00,19.898,19.948,19.753,19.783,14337,5
2014-01-24 08:00:00+00:00,19.783,20.311,19.653,20.042,22272,4
2014-01-25 08:00:00+00:00,20.024,20.29,19.728,19.903,22702,4
2014-01-28 08:00:00+00:00,19.925,20.085,19.575,19.682,22391,4
2014-01-29 08:00:00+00:00,19.678,19.842,19.472,19.58,17748,1
2014-01-30 08:00:00+00:00,19.477,19.977,19.468,19.757,22691,2
2014-01-31 08:00:00+00:00,19.701,19.716,19.005,19.148,22464,0
2014-02-01 08:00:00+00:00,19.173,19.478,19.086,19.148,19018,9
2014-02-04 08:00:00+00:00,19.137,19.639,19.081,19.332,19696,3
2014-02-05 08:00:00+00:00,19.347,19.526,19.279,19.484,16380,2
2014-02-06 08:00:00+00:00,19.503,20.271,19.453,19.887,19591,1
2014-02-07 08:00:00+00:00,19.923000000000002,20.183,19.85,19.961,19350,3
2014-02-08 08:00:00+00:00,19.931,20.092,19.771,20.017,19726,3
2014-02-11 08:00:00+00:00,20.06,20.293,19.976,20.071,18290,4
2014-02-12 08:00:00+00:00,20.075,20.294,19.929,20.24,25117,0
2014-02-13 08:00:00+00:00,20.224,20.403,20.098,20.233,19153,3
2014-02-14 08:00:00+00:00,20.24,20.529,20.136,20.504,17988,5
2014-02-15 08:00:00+00:00,20.472,21.484,20.455,21.484,26149,1
2014-02-18 08:00:00+00:00,21.533,21.976,21.502,21.863,17564,1
2014-02-19 08:00:00+00:00,21.855,21.975,21.316,21.925,24081,1
2014-02-20 08:00:00+00:00,21.939,21.939,21.374,21.53,23926,4
2014-02-21 08:00:00+00:00,21.578,21.899,21.396,21.818,22802,1
2014-02-22 08:00:00+00:00,21.822,21.966,21.575,21.841,19136,1
2014-02-25 08:00:00+00:00,21.848,22.177,21.512,21.974,24443,2
2014-02-26 08:00:00+00:00,21.948,22.021,21.677,21.858,21573,2
2014-02-27 08:00:00+00:00,21.86,22.037,21.094,21.248,24677,1
2014-02-28 08:00:00+00:00,21.293,21.486,20.994,21.264,22893,3
2014-03-01 08:00:00+00:00,21.266,21.406,21.083,21.217,20943,3
2014-03-04 08:00:00+00:00,21.361,21.722,21.235,21.415,26389,5
2014-03-05 08:00:00+00:00,21.445,21.515,21.028,21.186,21872,1
2014-03-06 08:00:00+00:00,21.175,21.32,21.144,21.171,18211,4
2014-03-07 08:00:00+00:00,21.189,21.633,21.083,21.473,19323,6
2014-03-08 08:00:00+00:00,21.472,21.585,20.756,20.933,24225,5
2014-03-11 08:00:00+00:00,20.873,21.036,20.609,20.806,21569,5
2014-03-12 08:00:00+00:00,20.836,21.308,20.66,20.828,20686,2
2014-03-13 08:00:00+00:00,20.883,21.415,20.808,21.278,26594,3
2014-03-14 08:00:00+00:00,21.309,21.461,21.095,21.143,24889,1
2014-03-15 08:00:00+00:00,21.202,21.778,21.127,21.438,28172,5
2014-03-18 08:00:00+00:00,21.576999999999998,21.59,21.063,21.113,21431,7
2014-03-19 08:00:00+00:00,21.178,21.238,20.626,20.773,24024,0
2014-03-20 08:00:00+00:00,20.853,20.958,20.5,20.573,29115,2
2014-03-21 08:00:00+00:00,20.603,20.718,20.14,20.178,23516,0
2014-03-22 08:00:00+00:00,20.339,20.578,20.266,20.318,18520,4
2014-03-25 08:00:00+00:00,20.23,20.27,19.9,19.93,6845,0
2014-03-26 08:00:00+00:00,19.9,20.19,19.89,19.96,8097,0
2014-03-27 08:00:00+00:00,19.96,20.12,19.67,19.74,6522,0
2014-03-28 08:00:00+00:00,19.78,19.84,19.56,19.68,7160,0
2014-03-29 08:00:00+00:00,19.7,19.91,19.61,19.8,5772,0
2014-04-01 08:00:00+00:00,19.76,20.005,19.735,19.768,19708,0
2014-04-02 08:00:00+00:00,19.763,19.91,19.639,19.772,27012,4
2014-04-03 08:00:00+00:00,19.763,20.143,19.751,19.97,27136,6
2014-04-04 08:00:00+00:00,19.978,20.082,19.668,19.837,22596,4
2014-04-05 08:00:00+00:00,19.838,20.229,19.793,19.958,23275,5
2014-04-08 08:00:00+00:00,19.915,20.017,19.786,19.869,16731,3
2014-04-09 08:00:00+00:00,19.873,20.176,19.859,20.038,20494,1
2014-04-10 08:00:00+00:00,20.05,20.102,19.613,19.883,21843,3
2014-04-11 08:00:00+00:00,19.918,20.392,19.868,20.038,24725,3
2014-04-12 08:00:00+00:00,20.033,20.13,19.913,19.978,21731,5
2014-04-15 08:00:00+00:00,20.056,20.143,19.733,19.97,22113,4
2014-04-16 08:00:00+00:00,19.986,20.002,19.232,19.603,31937,5
2014-04-17 08:00:00+00:00,19.573,19.821,19.346,19.655,26508,6
2014-04-18 08:00:00+00:00,19.652,19.726,19.505,19.634,20936,2
2014-04-22 08:00:00+00:00,19.617,19.718,19.238,19.439,24472,2
2014-04-23 08:00:00+00:00,19.431,19.54,19.304,19.433,25083,6
2014-04-24 08:00:00+00:00,19.413,19.554,19.41,19.458,20724,4
2014-04-25 08:00:00+00:00,19.454,19.92,18.944,19.646,27488,2
2014-04-26 08:00:00+00:00,19.679,19.812,19.518,19.719,25469,1
2014-04-29 08:00:00+00:00,19.736,19.754,19.493,19.582,24240,2
2014-04-30 08:00:00+00:00,19.582,19.608,19.319,19.462,21666,1
2014-05-01 08:00:00+00:00,19.471,19.488,19.052,19.189,29032,2
2014-05-02 08:00:00+00:00,19.183,19.249,18.771,19.03,19761,2
2014-05-03 08:00:00+00:00,19.048,19.686,18.906,19.499,27335,1
2014-05-06 08:00:00+00:00,19.515,19.729,19.468,19.609,24652,3
2014-05-07 08:00:00+00:00,19.578,19.705,19.492,19.579,24168,2
2014-05-08 08:00:00+00:00,19.588,19.757,19.289,19.318,28927,2
2014-05-09 08:00:00+00:00,19.328,19.387,19.121,19.184,23114,2
2014-05-10 08:00:00+00:00,19.212,19.313,19.046,19.153,20448,4
2014-05-13 08:00:00+00:00,19.151,19.659,19.032,19.536,24728,4
2014-05-14 08:00:00+00:00,19.527,19.606,19.36,19.535,24738,3
2014-05-15 08:00:00+00:00,19.544,19.992,19.502,19.779,22992,3
2014-05-16 08:00:00+00:00,19.767,19.826,19.426,19.495,33155,5
2014-05-17 08:00:00+00:00,19.505,19.523,19.26,19.375,20892,2
2014-05-20 08:00:00+00:00,19.331,19.683,19.309,19.349,23170,1
2014-05-21 08:00:00+00:00,19.348,19.455,19.247,19.408,25978,3
2014-05-22 08:00:00+00:00,19.398,19.498,19.281,19.402,21399,4
2014-05-23 08:00:00+00:00,19.406,19.817,19.358,19.495,21345,3
2014-05-24 08:00:00+00:00,19.481,19.525,19.294,19.448,19648,4
2014-05-27 08:00:00+00:00,19.433,19.494,19.38,19.443,13211,12
2014-05-28 08:00:00+00:00,19.429,19.448,19.039,19.073,22749,3
2014-05-29 08:00:00+00:00,19.08,19.167,18.984,19.013,21652,2
2014-05-30 08:00:00+00:00,19.052,19.104,18.797,19.029,24792,2
2014-05-31 08:00:00+00:00,19.042,19.097,18.638,18.818,22487,2
2014-06-03 08:00:00+00:00,18.81,18.884,18.669,18.763,16911,2
2014-06-04 08:00:00+00:00,18.763,18.936,18.737,18.808,21444,6
2014-06-05 08:00:00+00:00,18.798000000000002,18.9,18.749,18.809,15959,6
2014-06-06 08:00:00+00:00,18.816,19.151,18.706,19.053,18914,2
2014-06-07 08:00:00+00:00,19.053,19.206,18.892,19.019,21891,4
2014-06-10 08:00:00+00:00,19.009,19.2,18.993,19.065,14649,4
2014-06-11 08:00:00+00:00,19.069,19.254,18.983,19.196,17929,2
2014-06-12 08:00:00+00:00,19.192,19.343,19.16,19.202,16660,6
2014-06-13 08:00:00+00:00,19.206,19.574,19.166,19.528,20568,1
2014-06-14 08:00:00+00:00,19.537,19.728,19.487,19.678,19276,1
2014-06-17 08:00:00+00:00,19.73,19.887,19.582,19.668,21891,5
2014-06-18 08:00:00+00:00,19.681,19.743,19.464,19.725,22208,2
2014-06-19 08:00:00+00:00,19.75,19.913,19.67,19.895,19916,6
2014-06-20 08:00:00+00:00,19.914,20.925,19.834,20.808,31784,1
2014-06-21 08:00:00+00:00,20.817,20.981,20.584,20.856,26227,1
2014-06-24 08:00:00+00:00,20.851,20.94,20.738,20.875,18019,1
2014-06-25 08:00:00+00:00,20.884,21.163,20.802,20.909,21702,4
2014-06-26 08:00:00+00:00,20.905,21.164,20.706,21.022,21693,2
2014-06-27 08:00:00+00:00,21.011,21.122,20.797,21.097,19521,1
2014-06-28 08:00:00+00:00,21.078,21.201,20.917,20.949,19024,1
2014-07-01 08:00:00+00:00,20.98,21.118,20.768,21.031,24497,1
2014-07-02 08:00:00+00:00,21.022,21.225,21.006,21.018,26098,2
2014-07-03 08:00:00+00:00,21.035,21.287,20.916,21.155,24196,2
2014-07-04 08:00:00+00:00,21.157,21.171,20.785,21.13,24304,1
2014-07-05 08:00:00+00:00,21.128,21.227,21.079,21.113,12831,1
2014-07-08 08:00:00+00:00,21.124,21.143,20.823,21.045,22075,3
2014-07-09 08:00:00+00:00,21.052,21.193,20.907,21.04,19164,1
2014-07-10 08:00:00+00:00,21.035,21.229,20.993,21.117,22785,2
2014-07-11 08:00:00+00:00,21.122,21.573,21.085,21.385,20184,4
2014-07-12 08:00:00+00:00,21.398,21.496,21.357,21.435,10555,0
2014-07-15 08:00:00+00:00,21.447,21.463,20.848,20.93,19585,1
2014-07-16 08:00:00+00:00,20.925,21.073,20.664,20.68,18194,1
2014-07-17 08:00:00+00:00,20.71,20.826999999999998,20.58,20.755,15007,4
2014-07-18 08:00:00+00:00,20.744,21.241,20.71,21.138,19313,1
2014-07-19 08:00:00+00:00,21.146,21.254,20.729,20.862,17012,1
2014-07-22 08:00:00+00:00,20.849,21.108,20.804,20.93,12733,1
2014-07-23 08:00:00+00:00,20.92,21.075,20.739,20.962,16877,1
2014-07-24 08:00:00+00:00,20.957,21.054,20.892,20.916,12218,1
2014-07-25 08:00:00+00:00,20.908,20.917,20.308,20.38,21084,4
2014-07-26 08:00:00+00:00,20.376,20.758,20.306,20.722,13916,1
2014-07-29 08:00:00+00:00,20.672,20.727,20.515,20.58,13512,1
2014-07-30 08:00:00+00:00,20.59,20.806,20.466,20.565,13721,2
2014-07-31 08:00:00+00:00,20.565,20.721,20.456,20.604,13173,3
2014-08-01 08:00:00+00:00,20.608,20.715,20.317,20.376,14094,6
2014-08-02 08:00:00+00:00,20.35,20.532,20.24,20.31,15246,41
2014-08-05 08:00:00+00:00,20.293,20.438,20.13,20.145,9799,39
2014-08-06 08:00:00+00:00,20.14,20.25,19.73,19.752,14049,39
2014-08-07 08:00:00+00:00,19.75,20.12,19.735,20.01,19856,2
2014-08-08 08:00:00+00:00,20.01,20.09,19.86,19.934,17851,51
2014-08-09 08:00:00+00:00,19.949,20.153,19.809,19.939,20466,48
2014-08-12 08:00:00+00:00,19.904,20.085,19.816,19.984,16549,50
2014-08-13 08:00:00+00:00,19.981,20.127,19.845,19.924,17241,48
2014-08-14 08:00:00+00:00,19.909,20.054,19.692,19.804,20894,48
2014-08-15 08:00:00+00:00,19.804,19.97,19.779,19.868,24784,50
2014-08-16 08:00:00+00:00,19.84,19.933,19.495,19.551,25817,50
2014-08-19 08:00:00+00:00,19.51,19.677,19.458,19.622,18689,51
2014-08-20 08:00:00+00:00,19.599,19.695,19.36,19.414,14970,48
2014-08-21 08:00:00+00:00,19.429,19.579,19.398,19.455,15735,51
2014-08-22 08:00:00+00:00,19.454,19.484,19.294,19.414,18048,0
2014-08-23 08:00:00+00:00,19.424,19.564,19.299,19.399,18097,47
2014-08-26 08:00:00+00:00,19.289,19.489,19.289,19.349,12011,47
2014-08-27 08:00:00+00:00,19.351,19.668,19.324,19.343,17463,47
2014-08-28 08:00:00+00:00,19.349,19.486,19.302,19.429,14649,47
2014-08-29 08:00:00+00:00,19.426,19.877,19.422,19.489,21282,47
2014-08-30 08:00:00+00:00,19.478,19.615,19.425,19.444,15330,47
2014-09-02 08:00:00+00:00,19.435,19.517,19.389,19.459,6469,51
2014-09-03 08:00:00+00:00,19.449,19.484,19.071,19.159,19973,47
2014-09-04 08:00:00+00:00,19.174,19.234,19.094,19.164,18714,47
2014-09-05 08:00:00+00:00,19.169,19.343,19.005,19.029,20493,48
2014-09-06 08:00:00+00:00,19.034,19.218,18.98,19.166,16565,48
2014-09-09 08:00:00+00:00,19.167,19.304,18.895,18.999,16846,49
2014-09-10 08:00:00+00:00,19.029,19.119,18.851,19.029,20224,47
2014-09-11 08:00:00+00:00,19.014,19.089,18.868,18.944,18785,48
2014-09-12 08:00:00+00:00,18.934,18.954,18.558,18.679,20710,47
2014-09-13 08:00:00+00:00,18.659,18.689,18.437,18.613,18522,49
2014-09-16 08:00:00+00:00,18.575,18.685,18.534,18.654,17881,47
2014-09-17 08:00:00+00:00,18.623,18.864,18.587,18.689,19391,51
2014-09-18 08:00:00+00:00,18.671,18.759,18.469,18.519,21303,49
2014-09-19 08:00:00+00:00,18.484,18.6,18.259,18.501,23746,48
2014-09-20 08:00:00+00:00,18.504,18.569,17.774,17.804,25774,47
2014-09-23 08:00:00+00:00,17.822,17.849,17.324,17.734,30792,47
2014-09-24 08:00:00+00:00,17.734,17.985,17.614,17.794,23646,46
2014-09-25 08:00:00+00:00,17.764,17.86,17.512,17.674,18921,50
2014-09-26 08:00:00+00:00,17.679,17.684,17.314,17.514,23403,49
2014-09-27 08:00:00+00:00,17.504,17.717,17.439,17.631,18770,51
2014-09-30 08:00:00+00:00,17.572,17.625,17.425,17.474,16528,51
2014-10-01 08:00:00+00:00,17.46,17.569,16.848,16.953,26727,49
2014-10-02 08:00:00+00:00,16.991,17.422,16.859,17.154,22301,49
2014-10-03 08:00:00+00:00,17.154,17.334,16.922,17.089,26097,50
2014-10-04 08:00:00+00:00,17.084,17.149,16.708,16.829,21005,50
2014-10-07 08:00:00+00:00,16.768,17.348,16.65,17.309,21167,47
2014-10-08 08:00:00+00:00,17.301,17.604,17.084,17.149,23653,49
2014-10-09 08:00:00+00:00,17.18,17.455,17.039,17.369,28285,47
2014-10-10 08:00:00+00:00,17.344,17.699,17.304,17.349,26237,47
2014-10-11 08:00:00+00:00,17.339,17.383,17.194,17.364,17841,47
2014-10-14 08:00:00+00:00,17.435,17.578,17.274,17.451,20034,47
2014-10-15 08:00:00+00:00,17.474,17.548000000000002,17.309,17.361,19195,47
2014-10-16 08:00:00+00:00,17.369,17.8,17.01,17.445,35469,49
2014-10-17 08:00:00+00:00,17.41,17.529,17.187,17.351,30938,47
2014-10-18 08:00:00+00:00,17.354,17.42,17.204,17.274,18690,0
2014-10-21 08:00:00+00:00,17.294,17.503,17.243,17.424,13050,47
2014-10-22 08:00:00+00:00,17.384,17.637,17.343,17.489,16765,47
2014-10-23 08:00:00+00:00,17.499,17.509,17.104,17.149,15917,47
2014-10-24 08:00:00+00:00,17.169,17.243,17.024,17.164,15348,47
2014-10-25 08:00:00+00:00,17.184,17.339,17.118,17.179,12262,19
2014-10-28 08:00:00+00:00,17.158,17.218,17.074,17.094,10817,0
2014-10-29 08:00:00+00:00,17.119,17.389,17.059,17.179,13140,47
2014-10-30 08:00:00+00:00,17.197,17.313,17.011,17.069,15696,48
2014-10-31 08:00:00+00:00,17.099,17.204,16.34,16.444,23997,47
2014-11-01 08:00:00+00:00,16.488,16.524,15.722,16.123,40331,0
2014-11-04 08:00:00+00:00,16.079,16.214,15.747,16.125,17332,49
2014-11-05 08:00:00+00:00,16.119,16.164,15.912,16.014,16414,49
2014-11-06 08:00:00+00:00,16.012,16.039,15.127,15.344,28441,48
2014-11-07 08:00:00+00:00,15.354,15.45,15.211,15.397,22429,47
2014-11-08 08:00:00+00:00,15.37,15.775,15.042,15.746,31420,47
2014-11-11 08:00:00+00:00,15.733,15.882,15.484,15.579,21463,47
2014-11-12 08:00:00+00:00,15.574,15.87,15.445,15.699,24417,19
2014-11-13 08:00:00+00:00,15.685,15.765,15.552,15.669,20733,20
2014-11-14 08:00:00+00:00,15.649000000000001,15.775,15.539,15.634,20583,47
2014-11-15 08:00:00+00:00,15.623,16.372,15.255,16.279,37656,47
2014-11-18 08:00:00+00:00,16.248,16.454,16.02,16.134,28248,47
2014-11-19 08:00:00+00:00,16.134,16.399,15.972,16.184,24214,47
2014-11-20 08:00:00+00:00,16.149,16.531,15.874,16.116,38613,47
2014-11-21 08:00:00+00:00,16.123,16.323,15.954,16.244,29113,19
2014-11-22 08:00:00+00:00,16.23,16.601,16.104,16.416,31972,47
2014-11-25 08:00:00+00:00,16.406,16.479,16.254,16.464,17357,47
2014-11-26 08:00:00+00:00,16.479,16.706,16.459,16.669,24971,47
2014-11-27 08:00:00+00:00,16.661,16.664,16.469,16.484,15503,48
2014-11-28 08:00:00+00:00,16.504,16.542,16.142,16.224,17758,46
2014-11-29 08:00:00+00:00,16.216,16.244,15.384,15.404,26908,47
2014-12-02 08:00:00+00:00,15.363,16.774,14.397,16.411,61640,25
2014-12-03 08:00:00+00:00,16.411,16.503,16.053,16.461,49298,47
2014-12-04 08:00:00+00:00,16.405,16.562,16.204,16.386,31452,51
2014-12-05 08:00:00+00:00,16.366,16.639,16.347,16.432,28902,52
2014-12-06 08:00:00+00:00,16.439,16.524,16.191,16.284,25269,49
2014-12-09 08:00:00+00:00,16.144,16.405,16.127,16.33,19635,49
2014-12-10 08:00:00+00:00,16.336,17.184,16.26,17.059,34126,50
2014-12-11 08:00:00+00:00,17.083,17.294,16.898,17.049,35927,49
2014-12-12 08:00:00+00:00,17.029,17.194,16.906,17.066,33536,0
2014-12-13 08:00:00+00:00,17.112,17.182,16.965,17.004,26905,46
2014-12-16 08:00:00+00:00,16.994,17.029,16.1,16.125,33933,50
2014-12-17 08:00:00+00:00,16.157,16.623,15.509,15.686,50836,48
2014-12-18 08:00:00+00:00,15.716,16.024,15.589,15.712,39357,53
2014-12-19 08:00:00+00:00,15.715,16.203,15.71,15.854,28600,49
2014-12-20 08:00:00+00:00,15.854,16.08,15.808,16.044,19828,49
2014-12-23 08:00:00+00:00,16.033,16.145,15.503,15.634,21377,49
2014-12-24 08:00:00+00:00,15.671,15.896,15.554,15.734,28422,24
2014-12-25 08:00:00+00:00,15.743,15.859,15.672,15.725999999999999,11216,24
2014-12-27 08:00:00+00:00,16.024,16.289,15.997,16.044,8196,48
2014-12-30 08:00:00+00:00,16.097,16.247,15.712,15.775,38738,21
2014-12-31 08:00:00+00:00,15.807,16.467,15.743,16.294,43480,22
2015-01-01 08:00:00+00:00,16.225,16.297,15.655,15.745,25398,22
2015-01-03 08:00:00+00:00,15.89,16.063,15.522,15.763,41674,19
2015-01-06 08:00:00+00:00,15.756,16.256,15.629,16.157,51311,22
2015-01-07 08:00:00+00:00,16.129,16.686,16.089,16.514,25521,46
2015-01-08 08:00:00+00:00,16.498,16.625,16.275,16.494,20942,46
2015-01-09 08:00:00+00:00,16.509,16.637,16.279,16.344,17360,47
2015-01-10 08:00:00+00:00,16.334,16.6,16.179,16.494,23337,48
2015-01-13 08:00:00+00:00,16.51,16.651,16.404,16.552,23148,47
2015-01-14 08:00:00+00:00,16.555,17.171,16.539,17.019,32722,46
2015-01-15 08:00:00+00:00,17.04,17.063,16.523,16.839,38417,46
2015-01-16 08:00:00+00:00,16.849,17.2,16.674,16.909,44359,47
2015-01-17 08:00:00+00:00,16.994,17.812,16.868,17.752,31839,46
2015-01-20 08:00:00+00:00,17.783,17.795,17.602,17.677,20744,27
2015-01-22 08:00:00+00:00,17.95,18.459,17.879,18.11,40148,48
2015-01-23 08:00:00+00:00,18.089,18.45,17.884,18.303,42411,50
2015-01-24 08:00:00+00:00,18.28,18.374,18.083,18.262,26340,46
2015-01-27 08:00:00+00:00,18.315,18.448,17.831,17.892,30127,0
2015-01-28 08:00:00+00:00,17.887,18.183,17.376,18.027,29675,28
2015-01-29 08:00:00+00:00,18.003,18.13,17.909,17.968,23839,51
2015-01-30 08:00:00+00:00,17.962,18.014,16.72,16.932,40498,52
2015-01-31 08:00:00+00:00,16.961,17.297,16.795,17.231,30967,47
2015-02-03 08:00:00+00:00,17.151,17.314,16.98,17.193,28215,53
2015-02-04 08:00:00+00:00,17.185,17.723,17.055,17.259,38090,53
2015-02-05 08:00:00+00:00,17.289,17.64,17.15,17.356,29608,50
2015-02-06 08:00:00+00:00,17.348,17.473,16.906,17.239,28935,50
2015-02-07 08:00:00+00:00,17.256,17.355,16.536,16.695,32674,51
2015-02-10 08:00:00+00:00,16.78,17.161,16.699,16.991,22622,22
2015-02-11 08:00:00+00:00,16.975,17.102,16.73,16.913,24880,22
2015-02-12 08:00:00+00:00,16.916,17.076,16.712,16.77,18152,22
2015-02-13 08:00:00+00:00,16.779,17.041,16.61,16.837,23111,50
2015-02-14 08:00:00+00:00,16.846,17.424,16.837,17.328,19983,48
2015-02-17 08:00:00+00:00,17.31,17.407,17.264,17.287,12659,22
2015-02-18 08:00:00+00:00,17.276,17.32,16.276,16.501,25910,50
2015-02-19 08:00:00+00:00,16.469,16.58,16.243,16.468,21703,46
2015-02-20 08:00:00+00:00,16.465,16.776,16.331,16.366,25013,51
2015-02-21 08:00:00+00:00,16.366,16.559,16.168,16.223,17139,53
2015-02-24 08:00:00+00:00,16.219,16.593,16.076,16.302,17865,51
2015-02-25 08:00:00+00:00,16.318,16.471,16.074,16.252,21979,51
2015-02-26 08:00:00+00:00,16.303,16.717,16.298,16.533,23432,49
2015-02-27 08:00:00+00:00,16.516,16.873,16.498,16.527,18381,51
2015-02-28 08:00:00+00:00,16.563,16.679,16.403,16.57,17735,52
2015-03-03 08:00:00+00:00,16.578,16.782,16.339,16.374,23975,22
2015-03-04 08:00:00+00:00,16.394,16.583,16.069,16.26,30345,27
2015-03-05 08:00:00+00:00,16.302,16.369,16.068,16.226,23319,27
2015-03-06 08:00:00+00:00,16.209,16.366,16.145,16.195,18915,27
2015-03-07 08:00:00+00:00,16.19,16.244,15.766,15.882,30669,27
2015-03-10 08:00:00+00:00,15.87,15.977,15.727,15.747,16287,27
2015-03-11 08:00:00+00:00,15.723,15.842,15.609,15.662,20594,21
2015-03-12 08:00:00+00:00,15.63,15.761,15.283,15.488,24350,19
2015-03-13 08:00:00+00:00,15.502,15.712,15.409,15.584,21834,19
2015-03-14 08:00:00+00:00,15.586,15.68,15.473,15.617,19432,19
2015-03-17 08:00:00+00:00,15.579,15.758,15.489,15.63,10486,50
2015-03-18 08:00:00+00:00,15.59,15.721,15.369,15.538,15327,48
2015-03-19 08:00:00+00:00,15.538,16.089,15.442,15.907,20168,51
2015-03-20 08:00:00+00:00,15.924,16.182,15.788,16.083,20969,53
2015-03-21 08:00:00+00:00,16.104,16.883,16.076,16.688,19873,49
2015-03-24 08:00:00+00:00,16.778,17.077,16.601,16.948,21159,53
2015-03-25 08:00:00+00:00,16.967,17.028,16.796,16.929,14482,53
2015-03-26 08:00:00+00:00,16.917,17.113,16.832,16.938,14651,54
2015-03-27 08:00:00+00:00,16.929,17.388,16.902,17.069,17829,52
2015-03-28 08:00:00+00:00,17.071,17.184,16.837,16.92,17153,55
2015-03-31 08:00:00+00:00,16.927,16.969,16.618,16.693,13035,54
2015-04-01 08:00:00+00:00,16.7,16.82,16.428,16.64,14402,49
2015-04-02 08:00:00+00:00,16.627,17.066,16.503,16.929,14999,49
2015-04-03 08:00:00+00:00,16.918,16.989,16.58,16.752,15798,47
2015-04-07 08:00:00+00:00,16.986,17.297,16.919,16.95,16879,46
2015-04-08 08:00:00+00:00,16.936,16.96,16.721,16.826,11504,48
2015-04-09 08:00:00+00:00,16.816,16.898,16.373,16.487,16435,51
2015-04-10 08:00:00+00:00,16.507,16.509,16.118,16.154,16215,52
2015-04-11 08:00:00+00:00,16.167,16.66,16.15,16.441,16134,50
2015-04-14 08:00:00+00:00,16.437,16.514,16.228,16.228,15378,52
2015-04-15 08:00:00+00:00,16.268,16.358,15.979,16.141,17821,47
2015-04-16 08:00:00+00:00,16.14,16.384,16.06,16.322,15845,47
2015-04-17 08:00:00+00:00,16.311,16.493,16.12,16.254,18740,48
2015-04-18 08:00:00+00:00,16.266,16.506,16.204,16.252,14823,48
2015-04-21 08:00:00+00:00,16.288,16.363,15.848,15.954,18031,53
2015-04-22 08:00:00+00:00,15.961,16.189,15.892,15.995,15769,18
2015-04-23 08:00:00+00:00,16.004,16.108,15.69,15.782,16630,17
2015-04-24 08:00:00+00:00,15.788,15.947,15.742,15.854,13754,29
2015-04-25 08:00:00+00:00,15.868,15.917,15.588,15.703,15959,30
2015-04-28 08:00:00+00:00,15.722,16.47,15.702,16.356,19699,28
2015-04-29 08:00:00+00:00,16.373,16.679,16.301,16.608,28209,27
2015-04-30 08:00:00+00:00,16.602,16.708,16.41,16.534,21169,28
2015-05-01 08:00:00+00:00,16.558,16.722,15.803,16.116,26701,27
2015-05-02 08:00:00+00:00,16.137,16.265,15.897,16.141,14796,27
2015-05-05 08:00:00+00:00,16.169,16.752,16.129,16.394,17759,31
2015-05-06 08:00:00+00:00,16.422,16.701999999999998,16.337,16.503,13746,30
2015-05-07 08:00:00+00:00,16.55,16.647,16.378,16.492,16846,30
2015-05-08 08:00:00+00:00,16.509,16.546,16.165,16.314,14975,30
2015-05-09 08:00:00+00:00,16.308,16.542,16.259,16.455,17874,30
2015-05-12 08:00:00+00:00,16.424,16.549,16.205,16.287,12569,31
2015-05-13 08:00:00+00:00,16.293,16.588,16.136,16.519,16449,30
2015-05-14 08:00:00+00:00,16.506,17.217,16.487,17.105,24702,27
2015-05-15 08:00:00+00:00,17.108,17.568,17.061,17.434,20860,27
2015-05-16 08:00:00+00:00,17.459,17.562,17.191,17.484,18242,28
2015-05-19 08:00:00+00:00,17.499,17.767,17.46,17.698,16327,30
2015-05-20 08:00:00+00:00,17.709,17.715,16.862,17.096,20431,27
2015-05-21 08:00:00+00:00,17.123,17.276,16.937,17.106,17564,27
2015-05-22 08:00:00+00:00,17.087,17.243,17.005,17.137,15173,28
2015-05-23 08:00:00+00:00,17.142,17.325,16.93,17.094,15888,28
2015-05-26 08:00:00+00:00,17.052,17.175,16.999,17.11,6912,31
2015-05-27 08:00:00+00:00,17.089,17.13,16.64,16.729,23832,30
2015-05-28 08:00:00+00:00,16.728,16.813,16.584,16.675,16610,29
2015-05-29 08:00:00+00:00,16.658,16.775,16.537,16.67,16570,28
2015-05-30 08:00:00+00:00,16.667,16.826,16.642,16.732,15138,29
2015-06-02 08:00:00+00:00,16.699,17.172,16.597,16.73,24873,29
2015-06-03 08:00:00+00:00,16.736,16.851,16.628,16.764,19465,27
2015-06-04 08:00:00+00:00,16.772,16.807,16.397,16.506,19926,29
2015-06-05 08:00:00+00:00,16.469,16.526,16.117,16.145,21433,27
2015-06-06 08:00:00+00:00,16.096,16.2,15.934,16.097,20677,28
2015-06-09 08:00:00+00:00,16.051,16.147,15.923,15.977,16152,27
2015-06-10 08:00:00+00:00,15.953,16.177,15.938,15.966,14674,28
2015-06-11 08:00:00+00:00,15.942,16.232,15.936,16.011,17529,26
2015-06-12 08:00:00+00:00,16.023,16.064,15.802,16.032,14184,27
2015-06-13 08:00:00+00:00,16.025,16.052,15.831,15.967,10570,29
2015-06-16 08:00:00+00:00,15.987,16.269,15.853,16.066,16692,29
2015-06-17 08:00:00+00:00,16.065,16.14,15.885,16.023,11846,29
2015-06-18 08:00:00+00:00,16.014,16.266,15.925,16.117,15895,27
2015-06-19 08:00:00+00:00,16.078,16.451,16.052,16.151,18600,29
2015-06-20 08:00:00+00:00,16.199,16.218,15.895,16.085,12475,29
2015-06-23 08:00:00+00:00,16.133,16.262,16.019,16.198,12319,27
2015-06-24 08:00:00+00:00,16.152,16.206,15.743,15.849,16221,30
2015-06-25 08:00:00+00:00,15.818,15.927,15.767,15.883,12984,27
2015-06-26 08:00:00+00:00,15.877,15.958,15.776,15.839,10124,28
2015-06-27 08:00:00+00:00,15.863,15.906,15.52,15.797,16195,27
2015-06-30 08:00:00+00:00,15.938,16.012,15.683,15.739,15990,30
2015-07-01 08:00:00+00:00,15.765,15.875,15.478,15.693999999999999,20209,27
2015-07-02 08:00:00+00:00,15.645,15.717,15.535,15.559,13937,28
2015-07-03 08:00:00+00:00,15.562,15.792,15.493,15.667,16030,28
2015-07-04 08:00:00+00:00,15.677,15.723,15.592,15.679,7476,31
2015-07-07 08:00:00+00:00,15.636,15.857,15.534,15.737,13464,27
2015-07-08 08:00:00+00:00,15.724,15.732,14.675,15.072,25629,27
2015-07-09 08:00:00+00:00,15.063,15.257,14.762,15.109,23349,26
2015-07-10 08:00:00+00:00,15.147,15.566,15.02,15.402,22049,27
2015-07-11 08:00:00+00:00,15.407,15.657,15.373,15.556000000000001,14026,29
2015-07-14 08:00:00+00:00,15.521,15.896,15.305,15.487,16977,27
2015-07-15 08:00:00+00:00,15.497,15.5,15.267,15.357,12494,27
2015-07-16 08:00:00+00:00,15.357,15.384,14.993,15.092,15271,29
2015-07-17 08:00:00+00:00,15.102,15.173,14.885,15.002,14872,26
2015-07-18 08:00:00+00:00,15.005,15.042,14.84,14.855,13543,29
2015-07-21 08:00:00+00:00,14.868,15.014,14.498,14.683,33370,27
2015-07-22 08:00:00+00:00,14.675,14.96,14.647,14.822,21347,28
2015-07-23 08:00:00+00:00,14.842,14.898,14.626,14.787,21551,29
2015-07-24 08:00:00+00:00,14.787,14.986,14.578,14.667,21722,27
2015-07-25 08:00:00+00:00,14.632,14.725,14.366,14.672,26006,27
2015-07-28 08:00:00+00:00,14.67,14.768,14.526,14.548,23522,28
2015-07-29 08:00:00+00:00,14.557,14.709,14.54,14.672,14726,29
2015-07-30 08:00:00+00:00,14.684,14.909,14.608,14.802,18575,29
2015-07-31 08:00:00+00:00,14.801,14.849,14.607,14.737,19244,27
2015-08-01 08:00:00+00:00,14.734,14.994,14.544,14.767,20197,28
2015-08-04 08:00:00+00:00,14.773,14.782,14.417,14.517,19318,28
2015-08-05 08:00:00+00:00,14.489,14.659,14.375,14.583,19237,27
2015-08-06 08:00:00+00:00,14.573,14.703,14.492,14.58,19885,28
2015-08-07 08:00:00+00:00,14.577,14.764,14.524000000000001,14.648,16068,28
2015-08-08 08:00:00+00:00,14.658,15.016,14.596,14.799,28445,27
2015-08-11 08:00:00+00:00,14.799,15.393,14.735,15.242,21810,28
2015-08-12 08:00:00+00:00,15.265,15.401,15.092,15.348,32814,26
2015-08-13 08:00:00+00:00,15.33,15.585,15.152,15.524000000000001,30999,30
2015-08-14 08:00:00+00:00,15.535,15.572,15.285,15.423,20698,28
2015-08-15 08:00:00+00:00,15.405,15.606,15.166,15.227,19500,28
2015-08-18 08:00:00+00:00,15.255,15.402,15.209,15.318,20164,27
2015-08-19 08:00:00+00:00,15.321,15.35,14.717,14.882,20877,27
2015-08-20 08:00:00+00:00,14.907,15.339,14.827,15.31,21810,27
2015-08-21 08:00:00+00:00,15.29,15.579,15.275,15.528,22395,26
2015-08-22 08:00:00+00:00,15.538,15.658,15.124,15.297,30292,27
2015-08-25 08:00:00+00:00,15.397,15.402,14.587,14.749,58509,26
2015-08-26 08:00:00+00:00,14.815,14.96,14.557,14.678,34331,28
2015-08-27 08:00:00+00:00,14.683,14.751,13.967,14.147,35672,27
2015-08-28 08:00:00+00:00,14.143,14.603,14.097,14.438,35472,27
2015-08-29 08:00:00+00:00,14.497,14.678,14.372,14.572,34537,27
2015-09-01 08:00:00+00:00,14.577,14.682,14.407,14.619,22262,27
2015-09-02 08:00:00+00:00,14.613,14.77,14.512,14.592,24426,0
2015-09-03 08:00:00+00:00,14.585,14.822,14.436,14.638,20552,26
2015-09-04 08:00:00+00:00,14.666,14.957,14.557,14.687,22445,27
2015-09-05 08:00:00+00:00,14.697,14.805,14.488,14.558,19037,28
2015-09-08 08:00:00+00:00,14.611,14.678,14.472,14.52,11666,29
2015-09-09 08:00:00+00:00,14.516,14.891,14.456,14.765,23410,27
2015-09-10 08:00:00+00:00,14.776,14.933,14.572,14.607,25237,27
2015-09-11 08:00:00+00:00,14.597,14.864,14.554,14.657,26717,28
2015-09-12 08:00:00+00:00,14.673,14.758,14.284,14.572,19331,27
2015-09-15 08:00:00+00:00,14.566,14.615,14.346,14.427,16777,27
2015-09-16 08:00:00+00:00,14.412,14.442,14.276,14.406,13722,26
2015-09-17 08:00:00+00:00,14.4,14.942,14.339,14.893,21041,27
2015-09-18 08:00:00+00:00,14.912,15.256,14.783,15.127,27954,0
2015-09-19 08:00:00+00:00,15.122,15.422,15.022,15.148,25345,27
2015-09-22 08:00:00+00:00,15.171,15.247,15.086,15.177,15743,27
2015-09-23 08:00:00+00:00,15.172,15.227,14.706,14.755,21354,27
2015-09-24 08:00:00+00:00,14.782,14.925,14.712,14.782,19144,27
2015-09-25 08:00:00+00:00,14.784,15.193,14.765,15.122,28929,28
2015-09-26 08:00:00+00:00,15.06,15.191,14.952,15.081,21672,27
2015-09-29 08:00:00+00:00,15.069,15.12,14.491,14.582,24067,27
2015-09-30 08:00:00+00:00,14.582,14.723,14.484,14.626,21584,27
2015-10-01 08:00:00+00:00,14.623,14.744,14.464,14.493,23164,29
2015-10-02 08:00:00+00:00,14.506,14.693,14.461,14.527,20587,26
2015-10-03 08:00:00+00:00,14.52,15.301,14.387,15.224,29630,26
2015-10-06 08:00:00+00:00,15.245,15.715,15.104,15.629,29555,26
2015-10-07 08:00:00+00:00,15.618,16.082,15.571,15.857,23798,26
2015-10-08 08:00:00+00:00,15.86,16.107,15.823,16.042,23889,26
2015-10-09 08:00:00+00:00,16.033,16.07,15.383,15.668,32561,26
2015-10-10 08:00:00+00:00,15.687,16.004,15.594,15.821,28073,26
2015-10-13 08:00:00+00:00,15.784,16.069,15.773,15.823,22077,26
2015-10-14 08:00:00+00:00,15.818,15.981,15.62,15.892,27129,26
2015-10-15 08:00:00+00:00,15.895,16.187,15.786,16.114,30002,26
2015-10-16 08:00:00+00:00,16.118,16.184,15.901,16.114,26173,26
2015-10-17 08:00:00+00:00,16.11,16.145,15.932,16.052,25074,26
2015-10-20 08:00:00+00:00,16.02,16.026,15.734,15.828,24387,26
2015-10-21 08:00:00+00:00,15.818999999999999,15.97,15.73,15.893,25663,26
2015-10-22 08:00:00+00:00,15.897,15.939,15.624,15.681000000000001,22936,26
2015-10-23 08:00:00+00:00,15.705,15.904,15.642,15.809,20302,26
2015-10-24 08:00:00+00:00,15.822,16.091,15.704,15.801,24353,26
2015-10-27 08:00:00+00:00,15.809,15.973,15.763,15.831,19145,26
2015-10-28 08:00:00+00:00,15.862,15.939,15.769,15.862,16723,26
2015-10-29 08:00:00+00:00,15.875,16.345,15.712,15.919,28461,26
2015-10-30 08:00:00+00:00,15.909,15.99,15.54,15.576,25663,26
2015-10-31 08:00:00+00:00,15.554,15.66,15.479,15.539,22119,26
2015-11-03 08:00:00+00:00,15.518,15.55,15.256,15.408,16466,26
2015-11-04 08:00:00+00:00,15.399000000000001,15.462,15.204,15.251,16585,26
2015-11-05 08:00:00+00:00,15.272,15.334,15.043,15.062,18104,26
2015-11-06 08:00:00+00:00,15.084,15.104,14.928,14.963,17300,26
2015-11-07 08:00:00+00:00,14.981,15.065,14.713,14.762,18264,26
2015-11-10 08:00:00+00:00,14.754,14.788,14.434,14.558,20723,26
2015-11-11 08:00:00+00:00,14.574,14.584,14.304,14.419,19557,26
2015-11-12 08:00:00+00:00,14.414,14.525,14.256,14.301,16330,26
2015-11-13 08:00:00+00:00,14.315,14.485,14.189,14.294,22735,26
2015-11-14 08:00:00+00:00,14.307,14.374,14.167,14.245,19523,26
2015-11-17 08:00:00+00:00,14.332,14.445,14.201,14.224,20360,26
2015-11-18 08:00:00+00:00,14.269,14.285,14.104,14.17,20493,26
2015-11-19 08:00:00+00:00,14.211,14.245,14.026,14.168,20193,26
2015-11-20 08:00:00+00:00,14.187,14.399000000000001,14.129,14.243,20900,26
2015-11-21 08:00:00+00:00,14.259,14.4,14.075,14.168,20700,26
2015-11-24 08:00:00+00:00,14.135,14.191,13.903,14.102,21798,4
2015-11-25 08:00:00+00:00,14.104,14.296,14.052,14.148,19420,26
2015-11-26 08:00:00+00:00,14.186,14.266,14.028,14.163,20622,26
2015-11-27 08:00:00+00:00,14.201,14.375,14.125,14.27,13066,26
2015-11-28 08:00:00+00:00,14.254,14.292,13.949,14.085,14979,26
2015-12-01 08:00:00+00:00,14.063,14.184,13.99,14.063,16143,26
2015-12-02 08:00:00+00:00,14.074,14.238,14.041,14.176,17235,26
2015-12-03 08:00:00+00:00,14.175,14.218,13.921,13.995,16601,26
2015-12-04 08:00:00+00:00,14.0,14.159,13.828,14.09,29484,26
2015-12-05 08:00:00+00:00,14.129,14.605,14.035,14.536,27876,26
2015-12-08 08:00:00+00:00,14.512,14.628,14.208,14.226,21670,26
2015-12-09 08:00:00+00:00,14.242,14.32,14.081,14.149,21433,26
2015-12-10 08:00:00+00:00,14.138,14.34,14.113,14.151,25119,11
2015-12-11 08:00:00+00:00,14.148,14.235,14.089,14.089,15252,26
2015-12-12 08:00:00+00:00,14.082,14.144,13.766,13.91,24001,26
2015-12-15 08:00:00+00:00,13.916,13.972,13.633,13.667,17462,26
2015-12-16 08:00:00+00:00,13.682,13.816,13.666,13.76,19124,26
2015-12-17 08:00:00+00:00,13.771,14.302,13.767,14.151,21247,26
2015-12-18 08:00:00+00:00,14.149,14.157,13.667,13.706,20969,26
2015-12-19 08:00:00+00:00,13.724,14.202,13.699,14.073,18609,26
2015-12-22 08:00:00+00:00,14.093,14.318,14.038,14.247,21448,26
2015-12-23 08:00:00+00:00,14.24,14.384,14.204,14.248,21633,26
2015-12-24 08:00:00+00:00,14.253,14.336,14.197,14.265,19163,26
2015-12-25 08:00:00+00:00,14.284,14.386,14.255,14.365,14418,26
2015-12-29 08:00:00+00:00,14.341,14.403,13.856,13.913,17986,26
2015-12-30 08:00:00+00:00,13.922,14.056,13.91,13.927,20464,26
2015-12-31 08:00:00+00:00,13.948,13.986,13.766,13.846,16102,28
2016-01-01 08:00:00+00:00,13.87,13.961,13.776,13.832,14884,27
2016-01-05 08:00:00+00:00,13.854,14.176,13.83,13.858,27074,26
2016-01-06 08:00:00+00:00,13.856,14.064,13.849,13.964,21105,26
2016-01-07 08:00:00+00:00,13.963,14.133,13.869,13.994,29913,26
2016-01-08 08:00:00+00:00,13.998,14.363,13.918,14.276,39742,26
2016-01-09 08:00:00+00:00,14.272,14.309,13.869,13.923,35498,26
2016-01-12 08:00:00+00:00,13.962,14.064,13.826,13.854,26464,27
2016-01-13 08:00:00+00:00,13.873,13.908,13.731,13.796,24699,26
2016-01-14 08:00:00+00:00,13.788,14.189,13.752,14.128,19606,26
2016-01-15 08:00:00+00:00,14.129,14.163,13.742,13.84,20866,26
2016-01-16 08:00:00+00:00,13.823,14.123,13.768,13.898,27270,26
2016-01-19 08:00:00+00:00,13.911,13.981,13.829,13.912,16300,28
2016-01-20 08:00:00+00:00,13.934,14.171,13.875,14.001,24034,26
2016-01-21 08:00:00+00:00,14.016,14.197,13.984,14.133,25565,26
2016-01-22 08:00:00+00:00,14.128,14.182,13.871,14.051,25991,26
2016-01-23 08:00:00+00:00,14.079,14.328,14.001,14.017,20261,26
2016-01-26 08:00:00+00:00,14.026,14.288,14.009,14.191,21739,0
2016-01-27 08:00:00+00:00,14.216,14.541,14.197,14.463,25540,0
2016-01-28 08:00:00+00:00,14.467,14.55,14.335,14.446,27896,0
2016-01-29 08:00:00+00:00,14.468,14.511,14.021,14.23,25992,26
2016-01-30 08:00:00+00:00,14.241,14.293,14.145,14.251,26841,27
2016-02-02 08:00:00+00:00,14.229,14.403,14.186,14.323,20986,28
2016-02-03 08:00:00+00:00,14.341,14.385,14.213,14.28,22012,29
2016-02-04 08:00:00+00:00,14.278,14.781,14.252,14.656,29973,26
2016-02-05 08:00:00+00:00,14.652,14.904,14.619,14.856,37375,27
2016-02-06 08:00:00+00:00,14.847,15.034,14.643,14.968,38067,26
2016-02-09 08:00:00+00:00,14.968,15.438,14.873,15.305,39487,27
2016-02-10 08:00:00+00:00,15.333,15.425,15.172,15.214,41870,26
2016-02-11 08:00:00+00:00,15.241,15.283,15.07,15.257,39476,29
2016-02-12 08:00:00+00:00,15.249,15.93,15.243,15.76,54453,26
2016-02-13 08:00:00+00:00,15.755,15.787,15.602,15.725999999999999,35979,26
2016-02-16 08:00:00+00:00,15.661,15.69,15.192,15.313,24506,26
2016-02-17 08:00:00+00:00,15.332,15.414,15.117,15.186,35739,27
2016-02-18 08:00:00+00:00,15.228,15.368,15.144,15.273,33891,26
2016-02-19 08:00:00+00:00,15.263,15.532,15.185,15.371,32779,26
2016-02-20 08:00:00+00:00,15.395,15.46,15.259,15.335,31094,26
2016-02-23 08:00:00+00:00,15.32,15.326,14.92,15.161,24723,26
2016-02-24 08:00:00+00:00,15.154,15.292,15.144,15.278,24153,26
2016-02-25 08:00:00+00:00,15.274000000000001,15.57,15.164,15.21,34417,26
2016-02-26 08:00:00+00:00,15.205,15.307,15.01,15.127,32885,26
2016-02-27 08:00:00+00:00,15.117,15.216,14.66,14.695,22574,26
2016-03-01 08:00:00+00:00,14.705,14.903,14.600999999999999,14.891,24487,26
2016-03-02 08:00:00+00:00,14.888,15.059,14.709,14.802,21979,26
2016-03-03 08:00:00+00:00,14.797,15.005,14.741,14.933,23107,26
2016-03-04 08:00:00+00:00,14.963,15.296,14.83,15.218,24717,26
2016-03-05 08:00:00+00:00,15.195,15.787,15.111,15.475,45998,26
2016-03-08 08:00:00+00:00,15.509,15.784,15.443,15.628,27151,26
2016-03-09 08:00:00+00:00,15.63,15.719,15.313,15.328,30097,26
2016-03-10 08:00:00+00:00,15.358,15.427,15.175,15.279,24656,26
2016-03-11 08:00:00+00:00,15.283,15.627,15.136,15.583,33226,26
2016-03-12 08:00:00+00:00,15.563,15.718,15.44,15.464,24860,26
2016-03-15 08:00:00+00:00,15.495,15.806000000000001,15.271,15.337,22541,26
2016-03-16 08:00:00+00:00,15.341,15.381,15.178,15.265,22624,26
2016-03-17 08:00:00+00:00,15.262,15.633,15.176,15.591,21919,26
2016-03-18 08:00:00+00:00,15.572,16.028,15.528,15.883,32142,26
2016-03-19 08:00:00+00:00,15.917,16.127,15.717,15.781,24481,26
2016-03-22 08:00:00+00:00,15.804,15.885,15.681000000000001,15.82,17584,26
2016-03-23 08:00:00+00:00,15.802,15.995,15.751,15.86,23078,26
2016-03-24 08:00:00+00:00,15.838,15.895,15.21,15.235,25807,26
2016-03-25 08:00:00+00:00,15.261,15.318,15.102,15.186,17486,26
2016-03-29 08:00:00+00:00,15.161,15.350999999999999,15.129,15.226,11647,26
2016-03-30 08:00:00+00:00,15.206,15.35,15.043,15.332,18904,26
2016-03-31 08:00:00+00:00,15.354,15.431,15.164,15.199,17735,26
2016-04-01 08:00:00+00:00,15.235,15.518,15.179,15.424,18204,26
2016-04-02 08:00:00+00:00,15.398,15.453,14.778,15.031,21180,26
2016-04-05 08:00:00+00:00,14.998,15.089,14.885,14.899000000000001,13637,26
2016-04-06 08:00:00+00:00,14.943999999999999,15.199,14.923,15.128,19813,26
2016-04-07 08:00:00+00:00,15.117,15.179,14.907,15.047,20638,26
2016-04-08 08:00:00+00:00,15.049,15.349,15.035,15.212,21082,26
2016-04-09 08:00:00+00:00,15.199,15.368,15.111,15.363,17948,26
2016-04-12 08:00:00+00:00,15.409,15.958,15.347,15.924,20599,26
2016-04-13 08:00:00+00:00,15.898,16.198,15.77,16.17,22946,26
2016-04-14 08:00:00+00:00,16.155,16.305,15.979,16.215,19948,26
2016-04-15 08:00:00+00:00,16.199,16.237,15.89,16.119,21869,26
2016-04-16 08:00:00+00:00,16.145,16.357,16.076,16.21,17831,26
2016-04-19 08:00:00+00:00,16.239,16.313,16.099,16.227,18929,26
2016-04-20 08:00:00+00:00,16.197,17.066,16.148,16.925,30711,26
2016-04-21 08:00:00+00:00,16.923000000000002,17.219,16.823,16.94,32806,26
2016-04-22 08:00:00+00:00,16.927,17.684,16.73,17.008,44042,26
2016-04-23 08:00:00+00:00,17.006,17.333,16.833,16.946,36499,26
2016-04-26 08:00:00+00:00,16.99,17.102,16.787,16.977,23938,26
2016-04-27 08:00:00+00:00,16.95,17.156,16.813,17.151,25252,26
2016-04-28 08:00:00+00:00,17.137,17.409,17.039,17.246,37503,26
2016-04-29 08:00:00+00:00,17.238,17.63,17.13,17.537,31158,26
2016-04-30 08:00:00+00:00,17.558,17.948,17.55,17.831,33697,26
2016-05-03 08:00:00+00:00,17.84,17.997,17.48,17.52,30842,26
2016-05-04 08:00:00+00:00,17.557,17.709,17.317,17.413,37560,26
2016-05-05 08:00:00+00:00,17.386,17.462,17.164,17.362,32067,26
2016-05-06 08:00:00+00:00,17.355,17.625,17.232,17.333,32771,26
2016-05-07 08:00:00+00:00,17.32,17.58,17.182,17.475,36498,26
2016-05-10 08:00:00+00:00,17.403,17.455,16.916,16.967,30400,26
2016-05-11 08:00:00+00:00,17.013,17.142,16.88,17.102,26337,26
2016-05-12 08:00:00+00:00,17.101,17.565,17.075,17.401,29126,26
2016-05-13 08:00:00+00:00,17.392,17.435,16.953,16.969,32831,26
2016-05-14 08:00:00+00:00,16.983,17.161,16.766,17.098,31840,26
2016-05-17 08:00:00+00:00,17.091,17.377,17.051,17.121,28841,26
2016-05-18 08:00:00+00:00,17.131,17.329,17.03,17.234,33009,26
2016-05-19 08:00:00+00:00,17.241,17.274,16.7,16.873,39959,26
2016-05-20 08:00:00+00:00,16.858,16.912,16.322,16.463,33048,26
2016-05-21 08:00:00+00:00,16.494,16.636,16.399,16.512,25142,26
2016-05-24 08:00:00+00:00,16.474,16.551,16.292,16.363,21088,26
2016-05-25 08:00:00+00:00,16.372,16.424,16.178,16.193,21310,26
2016-05-26 08:00:00+00:00,16.193,16.347,16.153,16.291,20112,26
2016-05-27 08:00:00+00:00,16.29,16.549,16.219,16.309,23746,26
2016-05-28 08:00:00+00:00,16.316,16.352,16.113,16.192,17539,26
2016-05-31 08:00:00+00:00,16.195,16.201,15.888,15.994,14556,26
2016-06-01 08:00:00+00:00,16.001,16.145,15.943,15.987,18253,26
2016-06-02 08:00:00+00:00,15.996,16.072,15.805,15.936,20211,26
2016-06-03 08:00:00+00:00,15.964,16.033,15.898,15.981,14573,26
2016-06-04 08:00:00+00:00,15.971,16.434,15.939,16.396,21262,26
2016-06-07 08:00:00+00:00,16.401,16.518,16.338,16.462,23052,26
2016-06-08 08:00:00+00:00,16.445,16.47,16.227,16.385,14609,26
2016-06-09 08:00:00+00:00,16.406,17.081,16.359,17.01,18651,26
2016-06-10 08:00:00+00:00,17.025,17.317,16.93,17.273,20180,26
2016-06-11 08:00:00+00:00,17.261,17.36,17.141,17.319,19254,26
2016-06-14 08:00:00+00:00,17.303,17.441,17.091,17.427,21421,26
2016-06-15 08:00:00+00:00,17.419,17.473,17.206,17.372,16406,26
2016-06-16 08:00:00+00:00,17.374,17.594,17.33,17.504,20317,26
2016-06-17 08:00:00+00:00,17.516,17.848,17.143,17.173,30359,26
2016-06-18 08:00:00+00:00,17.186,17.485,17.184,17.467,19586,26
2016-06-21 08:00:00+00:00,17.338,17.626,17.271,17.473,15797,26
2016-06-22 08:00:00+00:00,17.468,17.566,17.165,17.251,16054,26
2016-06-23 08:00:00+00:00,17.283,17.324,17.095,17.242,14294,26
2016-06-24 08:00:00+00:00,17.218,17.466,17.034,17.291,20775,26
2016-06-25 08:00:00+00:00,17.163,18.305,17.124,17.711,45879,26
2016-06-28 08:00:00+00:00,17.852,17.9,17.612,17.727,28502,28
2016-06-29 08:00:00+00:00,17.718,17.833,17.511,17.745,24826,27
2016-06-30 08:00:00+00:00,17.761,18.457,17.751,18.274,24712,26
2016-07-01 08:00:00+00:00,18.27,18.797,18.175,18.714,24832,26
2016-07-02 08:00:00+00:00,18.759,19.882,18.695,19.729,31695,26
2016-07-05 08:00:00+00:00,19.707,21.118,19.651,20.337,35528,26
2016-07-06 08:00:00+00:00,20.318,20.438,19.512,19.92,55659,26
2016-07-07 08:00:00+00:00,19.951,20.49,19.842,20.053,37343,29
2016-07-08 08:00:00+00:00,20.053,20.248,19.448,19.606,40732,31
2016-07-09 08:00:00+00:00,19.668,20.308,19.204,20.222,46075,26
2016-07-12 08:00:00+00:00,20.376,20.663,20.091,20.265,44972,27
2016-07-13 08:00:00+00:00,20.279,20.51,19.949,20.121,45655,26
2016-07-14 08:00:00+00:00,20.152,20.466,19.876,20.346,42616,27
2016-07-15 08:00:00+00:00,20.37,20.534,19.988,20.3,41246,29
2016-07-16 08:00:00+00:00,20.299,20.314,19.984,20.197,30785,27
2016-07-19 08:00:00+00:00,20.165,20.211,19.699,20.031,32788,29
2016-07-20 08:00:00+00:00,20.03,20.045,19.793,19.887,27723,29
2016-07-21 08:00:00+00:00,19.896,19.971,19.314,19.391,36343,26
2016-07-22 08:00:00+00:00,19.333,19.862,19.205,19.772,41575,26
2016-07-23 08:00:00+00:00,19.785,19.93,19.546,19.611,36981,30
2016-07-26 08:00:00+00:00,19.616,19.692,19.294,19.55,29203,28
2016-07-27 08:00:00+00:00,19.547,19.725,19.413,19.61,29651,30
2016-07-28 08:00:00+00:00,19.634,20.393,19.49,20.32,38493,28
2016-07-29 08:00:00+00:00,20.317,20.503,20.089,20.155,37501,26
2016-07-30 08:00:00+00:00,20.143,20.389,19.945,20.314,43723,28
2016-08-02 08:00:00+00:00,20.367,20.633,20.263,20.401,29965,29
2016-08-03 08:00:00+00:00,20.452,20.764,20.258,20.603,36182,29
2016-08-04 08:00:00+00:00,20.587,20.712,20.339,20.392,31325,27
2016-08-05 08:00:00+00:00,20.378,20.501,20.029,20.325,38727,28
2016-08-06 08:00:00+00:00,20.344,20.419,19.558,19.72,36395,26
2016-08-09 08:00:00+00:00,19.594,19.848,19.53,19.712,30287,28
2016-08-10 08:00:00+00:00,19.718,19.861,19.578,19.841,24605,29
2016-08-11 08:00:00+00:00,19.862,20.472,19.862,20.141,33947,30
2016-08-12 08:00:00+00:00,20.149,20.301,19.872,19.933,34055,26
2016-08-13 08:00:00+00:00,19.956,20.206,19.644,19.7,41180,26
2016-08-16 08:00:00+00:00,19.708,20.031,19.686,19.791,32509,28
2016-08-17 08:00:00+00:00,19.812,20.093,19.699,19.783,37341,28
2016-08-18 08:00:00+00:00,19.776,19.877,19.354,19.686,38160,26
2016-08-19 08:00:00+00:00,19.69,19.919,19.611,19.731,37137,26
2016-08-20 08:00:00+00:00,19.753,19.758,19.226,19.28,31379,26
2016-08-23 08:00:00+00:00,18.946,19.087,18.706,18.892,43528,26
2016-08-24 08:00:00+00:00,18.881,19.105,18.812,18.813,28644,31
2016-08-25 08:00:00+00:00,18.814,18.979,18.52,18.52,31318,27
2016-08-26 08:00:00+00:00,18.554,18.647,18.466,18.528,28178,28
2016-08-27 08:00:00+00:00,18.526,19.054,18.503,18.625,45412,26
2016-08-30 08:00:00+00:00,18.597,18.871,18.375,18.861,28978,28
2016-08-31 08:00:00+00:00,18.828,18.95,18.564,18.597,27563,27
2016-09-01 08:00:00+00:00,18.581,18.852,18.527,18.628,28705,26
2016-09-02 08:00:00+00:00,18.653,18.918,18.574,18.868,24150,0
2016-09-03 08:00:00+00:00,18.866,19.429,18.735,19.418,34427,26
2016-09-06 08:00:00+00:00,19.373,19.541,19.282,19.495,19545,29
2016-09-07 08:00:00+00:00,19.49,20.118,19.451,20.024,30500,26
2016-09-08 08:00:00+00:00,19.993,20.12,19.712,19.767,27610,27
2016-09-09 08:00:00+00:00,19.773,19.92,19.538,19.595,30361,28
2016-09-10 08:00:00+00:00,19.606,19.636,18.997,19.008,30415,26
2016-09-13 08:00:00+00:00,19.111,19.164,18.697,19.09,37857,28
2016-09-14 08:00:00+00:00,19.08,19.27,18.776,18.834,38072,28
2016-09-15 08:00:00+00:00,18.856,19.105,18.776,18.938,29307,26
2016-09-16 08:00:00+00:00,18.958,19.184,18.802,18.949,32825,26
2016-09-17 08:00:00+00:00,18.967,19.008,18.641,18.759,27070,26
2016-09-20 08:00:00+00:00,18.757,19.294,18.744,19.148,21316,27
2016-09-21 08:00:00+00:00,19.148,19.276,19.066,19.21,20257,27
2016-09-22 08:00:00+00:00,19.215,19.857,19.007,19.814,36137,26
2016-09-23 08:00:00+00:00,19.783,20.053,19.685,19.87,25997,27
2016-09-24 08:00:00+00:00,19.862,19.923000000000002,19.569,19.665,20961,26
2016-09-27 08:00:00+00:00,19.656,19.726,19.337,19.422,29249,28
2016-09-28 08:00:00+00:00,19.435,19.524,18.964,19.122,30641,26
2016-09-29 08:00:00+00:00,19.1,19.192,18.907,19.167,24916,26
2016-09-30 08:00:00+00:00,19.201,19.373,18.975,19.085,30401,26
2016-10-01 08:00:00+00:00,19.077,19.683,19.047,19.171,34699,26
2016-10-04 08:00:00+00:00,19.145,19.302,18.693,18.819,28101,26
2016-10-05 08:00:00+00:00,18.808,18.875,17.693,17.785,36449,0
2016-10-06 08:00:00+00:00,17.758,17.992,17.539,17.726,34159,26
2016-10-07 08:00:00+00:00,17.747,17.833,17.098,17.292,28437,26
2016-10-08 08:00:00+00:00,17.316,17.639,17.086,17.523,37288,26
2016-10-11 08:00:00+00:00,17.562,17.793,17.548000000000002,17.644,25491,26
2016-10-12 08:00:00+00:00,17.623,17.812,17.427,17.441,31224,26
2016-10-13 08:00:00+00:00,17.46,17.596,17.342,17.474,26827,26
2016-10-14 08:00:00+00:00,17.485,17.664,17.403,17.477,28967,26
2016-10-15 08:00:00+00:00,17.48,17.568,17.296,17.377,31691,26
2016-10-18 08:00:00+00:00,17.393,17.487,17.332,17.438,21442,27
2016-10-19 08:00:00+00:00,17.437,17.699,17.427,17.606,26397,26
2016-10-20 08:00:00+00:00,17.608,17.761,17.55,17.674,22874,26
2016-10-21 08:00:00+00:00,17.675,17.724,17.433,17.513,22481,26
2016-10-22 08:00:00+00:00,17.514,17.54,17.381,17.521,20348,28
2016-10-25 08:00:00+00:00,17.48,17.869,17.448,17.585,21943,26
2016-10-26 08:00:00+00:00,17.591,17.807,17.496,17.748,23499,27
2016-10-27 08:00:00+00:00,17.74,17.851,17.554,17.607,19238,26
2016-10-28 08:00:00+00:00,17.603,17.712,17.536,17.61,28479,26
2016-10-29 08:00:00+00:00,17.602,17.896,17.534,17.759,34648,26
2016-11-01 08:00:00+00:00,17.794,17.901,17.737,17.874,25234,26
2016-11-02 08:00:00+00:00,17.856,18.485,17.834,18.343,31906,26
2016-11-03 08:00:00+00:00,18.352,18.724,18.337,18.467,36977,26
2016-11-04 08:00:00+00:00,18.526,18.627,17.989,18.334,37244,26
2016-11-05 08:00:00+00:00,18.369,18.465,18.175,18.393,30385,26
2016-11-08 08:00:00+00:00,18.19,18.271,17.997,18.201,31116,26
2016-11-09 08:00:00+00:00,18.211,18.718,18.166,18.34,34630,26
2016-11-10 08:00:00+00:00,18.32,18.987,18.257,18.464,116218,26
2016-11-11 08:00:00+00:00,18.44,18.975,18.38,18.572,68691,26
2016-11-12 08:00:00+00:00,18.603,18.831,17.183,17.34,80200,26
2016-11-15 08:00:00+00:00,17.384,17.493,16.63,16.871,83181,26
2016-11-16 08:00:00+00:00,16.905,17.127,16.811,17.063,43038,26
2016-11-17 08:00:00+00:00,17.056,17.227,16.853,16.953,39396,26
2016-11-18 08:00:00+00:00,16.967,17.08,16.573,16.659,38751,26
2016-11-19 08:00:00+00:00,16.679,16.75,16.431,16.564,46802,26
2016-11-22 08:00:00+00:00,16.569,16.751,16.51,16.571,35057,26
2016-11-23 08:00:00+00:00,16.58,16.881,16.525,16.624,39982,26
2016-11-24 08:00:00+00:00,16.659,16.729,16.161,16.339,48534,26
2016-11-25 08:00:00+00:00,16.355,16.393,16.211,16.319,30970,26
2016-11-26 08:00:00+00:00,16.343,16.576,16.156,16.487,43012,26
2016-11-29 08:00:00+00:00,16.501,16.848,16.465,16.599,48813,26
2016-11-30 08:00:00+00:00,16.624,16.707,16.406,16.601,42966,26
2016-12-01 08:00:00+00:00,16.61,16.757,16.403,16.493,49428,26
2016-12-02 08:00:00+00:00,16.492,16.664,16.244,16.497,49990,26
2016-12-03 08:00:00+00:00,16.524,16.788,16.31,16.721,40288,26
2016-12-06 08:00:00+00:00,16.929,16.969,16.473,16.735,56103,26
2016-12-07 08:00:00+00:00,16.724,16.878,16.674,16.696,33453,26
2016-12-08 08:00:00+00:00,16.712,17.216,16.643,17.108,31031,26
2016-12-09 08:00:00+00:00,17.123,17.214,16.951,16.986,38433,26
2016-12-10 08:00:00+00:00,16.981,17.108,16.776,16.867,31803,26
2016-12-13 08:00:00+00:00,16.836,17.175,16.65,17.048,35835,40
2016-12-14 08:00:00+00:00,17.056,17.139,16.745,16.889,34174,40
2016-12-15 08:00:00+00:00,16.891,17.194,16.724,16.81,46515,40
2016-12-16 08:00:00+00:00,16.788,16.925,15.861,15.956,54837,40
2016-12-17 08:00:00+00:00,15.958,16.256,15.911,16.082,29904,40
2016-12-20 08:00:00+00:00,16.081,16.191,15.884,15.942,28042,40
2016-12-21 08:00:00+00:00,15.94,16.064,15.613,16.052,26228,40
2016-12-22 08:00:00+00:00,16.06,16.159,15.879,15.92,25932,40
2016-12-23 08:00:00+00:00,15.922,16.017,15.748,15.77,22869,40
2016-12-24 08:00:00+00:00,15.789,15.841,15.661,15.724,15892,40
2016-12-28 08:00:00+00:00,15.771,16.038,15.692,15.927,18645,0
2016-12-29 08:00:00+00:00,15.951,16.064,15.797,15.995,21375,40
2016-12-30 08:00:00+00:00,16.007,16.221,15.964,16.129,27403,40
2016-12-31 08:00:00+00:00,16.16,16.265,15.813,15.9,26849,40
2017-01-04 08:00:00+00:00,15.926,16.478,15.885,16.272,38923,40
2017-01-05 08:00:00+00:00,16.281,16.501,16.236,16.392,37295,40
2017-01-06 08:00:00+00:00,16.403,16.697,16.399,16.56,47612,40
2017-01-07 08:00:00+00:00,16.563,16.651,16.205,16.465,39120,40
2017-01-10 08:00:00+00:00,16.433,16.678,16.401,16.55,26064,40
2017-01-11 08:00:00+00:00,16.574,16.889,16.513,16.771,31685,40
2017-01-12 08:00:00+00:00,16.775,16.848,16.51,16.698,47660,40
2017-01-13 08:00:00+00:00,16.726,16.969,16.708,16.754,38551,40
2017-01-14 08:00:00+00:00,16.733,16.817,16.574,16.788,34478,40
2017-01-17 08:00:00+00:00,16.814,16.906,16.765,16.812,23296,40
2017-01-18 08:00:00+00:00,16.801,17.196,16.784,17.165,37846,40
2017-01-19 08:00:00+00:00,17.165,17.311,17.016,17.032,30318,40
2017-01-20 08:00:00+00:00,17.052,17.091,16.719,16.989,38061,40
2017-01-21 08:00:00+00:00,16.982,17.138,16.808,17.065,38775,40
2017-01-24 08:00:00+00:00,17.09,17.233,17.034,17.198,32434,40
2017-01-25 08:00:00+00:00,17.208,17.267,17.003,17.084,28546,40
2017-01-26 08:00:00+00:00,17.088,17.093,16.754,16.958,31289,40
2017-01-27 08:00:00+00:00,16.969,17.019,16.664,16.769,28356,40
2017-01-28 08:00:00+00:00,16.756,17.23,16.618,17.129,32934,40
2017-01-31 08:00:00+00:00,17.176,17.261,17.039,17.092,27884,3
2017-02-01 08:00:00+00:00,17.096,17.596,17.076,17.531,30462,40
2017-02-02 08:00:00+00:00,17.525,17.616,17.34,17.523,35808,40
2017-02-03 08:00:00+00:00,17.518,17.714,17.397,17.442,28286,4
2017-02-04 08:00:00+00:00,17.436,17.524,17.243,17.481,34561,40
2017-02-07 08:00:00+00:00,17.519,17.73,17.44,17.714,28971,40
2017-02-08 08:00:00+00:00,17.708,17.772,17.541,17.684,26013,40
2017-02-09 08:00:00+00:00,17.676,17.853,17.611,17.76,29985,40
2017-02-10 08:00:00+00:00,17.752,17.828,17.597,17.628,29991,40
2017-02-11 08:00:00+00:00,17.636,17.989,17.535,17.929,31934,3
2017-02-14 08:00:00+00:00,17.882,17.985,17.74,17.803,26712,30
2017-02-15 08:00:00+00:00,17.801,18.062,17.724,17.931,28320,40
2017-02-16 08:00:00+00:00,17.949,17.973,17.742,17.96,26650,40
2017-02-17 08:00:00+00:00,17.951999999999998,18.118,17.919,18.072,28819,40
2017-02-18 08:00:00+00:00,18.066,18.076,17.96,17.977,23343,40
2017-02-21 08:00:00+00:00,17.985,18.052,17.899,18.039,14767,40
2017-02-22 08:00:00+00:00,18.021,18.068,17.819,17.949,19393,40
2017-02-23 08:00:00+00:00,17.961,18.037,17.904,18.006,20826,40
2017-02-24 08:00:00+00:00,17.999,18.202,17.924,18.162,22461,40
2017-02-25 08:00:00+00:00,18.151,18.387,18.139,18.344,25072,40
2017-02-28 08:00:00+00:00,18.321,18.469,18.208,18.238,20043,40
2017-03-01 08:00:00+00:00,18.259,18.445,18.226,18.279,23444,40
2017-03-02 08:00:00+00:00,18.28,18.445,18.214,18.392,28953,3
2017-03-03 08:00:00+00:00,18.387,18.414,17.668,17.739,26262,40
2017-03-04 08:00:00+00:00,17.758,17.966,17.616,17.949,31541,40
2017-03-07 08:00:00+00:00,17.899,17.928,17.687,17.759,22097,40
2017-03-08 08:00:00+00:00,17.758,17.769,17.451,17.463,21056,40
2017-03-09 08:00:00+00:00,17.474,17.53,17.197,17.217,23583,40
2017-03-10 08:00:00+00:00,17.233,17.27,16.914,16.933,26325,40
2017-03-11 08:00:00+00:00,16.938,17.071,16.818,17.007,26476,40
2017-03-14 08:00:00+00:00,16.968,17.128,16.931,16.959,15662,40
2017-03-15 08:00:00+00:00,16.923000000000002,17.034,16.845,16.857,17527,40
2017-03-16 08:00:00+00:00,16.863,17.334,16.811,17.303,25656,40
2017-03-17 08:00:00+00:00,17.292,17.544,17.225,17.301,21568,40
2017-03-18 08:00:00+00:00,17.295,17.394,17.208,17.364,17324,40
2017-03-21 08:00:00+00:00,17.373,17.438,17.331,17.401,15750,40
2017-03-22 08:00:00+00:00,17.414,17.581,17.305,17.505,22671,40
2017-03-23 08:00:00+00:00,17.513,17.57,17.429,17.519,22264,40
2017-03-24 08:00:00+00:00,17.502,17.67,17.489,17.565,22320,40
2017-03-25 08:00:00+00:00,17.552,17.762,17.512,17.741,18772,40
2017-03-28 08:00:00+00:00,17.787,18.114,17.787,18.079,20921,40
2017-03-29 08:00:00+00:00,18.062,18.218,17.975,18.163,19691,40
2017-03-30 08:00:00+00:00,18.143,18.233,18.01,18.223,17736,40
2017-03-31 08:00:00+00:00,18.191,18.278,18.038,18.101,17915,40
2017-04-01 08:00:00+00:00,18.1,18.245,18.022,18.239,17330,40
2017-04-04 08:00:00+00:00,18.211,18.244,18.059,18.222,13624,40
2017-04-05 08:00:00+00:00,18.235,18.394,18.178,18.291,14318,40
2017-04-06 08:00:00+00:00,18.274,18.297,18.118,18.271,19921,40
2017-04-07 08:00:00+00:00,18.262,18.324,18.143,18.238,15599,40
2017-04-08 08:00:00+00:00,18.217,18.452,17.845,17.979,28651,2
2017-04-11 08:00:00+00:00,17.953,18.013,17.731,17.917,17181,40
2017-04-12 08:00:00+00:00,17.926,18.319,17.892,18.305,20616,40
2017-04-13 08:00:00+00:00,18.295,18.474,18.226,18.469,20534,40
2017-04-14 08:00:00+00:00,18.45,18.585,18.398,18.509,19900,40
2017-04-18 08:00:00+00:00,18.541,18.633,18.347,18.399,14977,40
2017-04-19 08:00:00+00:00,18.384,18.417,18.059,18.274,22130,40
2017-04-20 08:00:00+00:00,18.285,18.316,18.084,18.13,20096,40
2017-04-21 08:00:00+00:00,18.125,18.214,17.855,18.004,23582,40
2017-04-22 08:00:00+00:00,18.006,18.025,17.796,17.918,20399,40
2017-04-25 08:00:00+00:00,17.75,17.922,17.621,17.914,26112,40
2017-04-26 08:00:00+00:00,17.882,17.988,17.543,17.571,20748,40
2017-04-27 08:00:00+00:00,17.583,17.633,17.305,17.49,31137,40
2017-04-28 08:00:00+00:00,17.455,17.476,17.223,17.24,20133,40
2017-04-29 08:00:00+00:00,17.251,17.402,17.147,17.189,17985,40
2017-05-02 08:00:00+00:00,17.221,17.248,16.784,16.854,16654,40
2017-05-03 08:00:00+00:00,16.837,16.984,16.77,16.818,16800,40
2017-05-04 08:00:00+00:00,16.823,16.866,16.387,16.452,22193,40
2017-05-05 08:00:00+00:00,16.45,16.617,16.192,16.306,26246,40
2017-05-06 08:00:00+00:00,16.301,16.499,16.208,16.311,26032,40
2017-05-09 08:00:00+00:00,16.295,16.43,16.211,16.218,18732,40
2017-05-10 08:00:00+00:00,16.247,16.297,16.044,16.16,19146,40
2017-05-11 08:00:00+00:00,16.16,16.327,16.126,16.181,19557,40
2017-05-12 08:00:00+00:00,16.179,16.373,16.154,16.307,18530,40
2017-05-13 08:00:00+00:00,16.321,16.469,16.289,16.422,17873,40
2017-05-16 08:00:00+00:00,16.466,16.804,16.406,16.605,21570,40
2017-05-17 08:00:00+00:00,16.624,16.856,16.6,16.834,20124,40
2017-05-18 08:00:00+00:00,16.813,17.019,16.752,16.88,27730,40
2017-05-19 08:00:00+00:00,17.108,17.124,16.426,16.549,32252,40
2017-05-20 08:00:00+00:00,16.558,16.863,16.558,16.856,22313,40
2017-05-23 08:00:00+00:00,16.835,17.193,16.816,17.126,21873,40
2017-05-24 08:00:00+00:00,17.128,17.29,17.018,17.037,22552,40
2017-05-25 08:00:00+00:00,17.033,17.216,16.882,17.196,22606,40
2017-05-26 08:00:00+00:00,17.194,17.247,17.116,17.145,18404,40
2017-05-27 08:00:00+00:00,17.126,17.37,17.089,17.323,20405,40
2017-05-30 08:00:00+00:00,17.338,17.428,17.288,17.385,8144,6
2017-05-31 08:00:00+00:00,17.39,17.453,17.199,17.392,18944,40
2017-06-01 08:00:00+00:00,17.35,17.409,17.221,17.308,20634,40
2017-06-02 08:00:00+00:00,17.297,17.361,16.989,17.267,20837,40
2017-06-03 08:00:00+00:00,17.244,17.569,17.114,17.517,23568,40
2017-06-06 08:00:00+00:00,17.538,17.636,17.483,17.522,18367,40
2017-06-07 08:00:00+00:00,17.527,17.731,17.498,17.69,19500,40
2017-06-08 08:00:00+00:00,17.692,17.716,17.5,17.569,18947,40
2017-06-09 08:00:00+00:00,17.563,17.671,17.282,17.415,23486,3
2017-06-10 08:00:00+00:00,17.427,17.434,17.16,17.203,20940,40
2017-06-13 08:00:00+00:00,17.173,17.216,16.895,16.939,19560,40
2017-06-14 08:00:00+00:00,16.935,16.951,16.71,16.807,19498,40
2017-06-15 08:00:00+00:00,16.809,17.35,16.793,16.889,31247,40
2017-06-16 08:00:00+00:00,16.88,17.068,16.642,16.726,27342,40
2017-06-17 08:00:00+00:00,16.736,16.815,16.637,16.665,17740,40
2017-06-20 08:00:00+00:00,16.659,16.688,16.462,16.464,17171,40
2017-06-21 08:00:00+00:00,16.488,16.624,16.382,16.443,18227,40
2017-06-22 08:00:00+00:00,16.47,16.519,16.34,16.437,17514,40
2017-06-23 08:00:00+00:00,16.429,16.661,16.425,16.543,19430,40
2017-06-24 08:00:00+00:00,16.571,16.778,16.547,16.707,16635,40
2017-06-27 08:00:00+00:00,16.705,16.728,16.254,16.567,22553,40
2017-06-28 08:00:00+00:00,16.582,16.737,16.512,16.645,21074,40
2017-06-29 08:00:00+00:00,16.639,16.852,16.639,16.779,28132,40
2017-06-30 08:00:00+00:00,16.791,16.881,16.587,16.6,23116,40
2017-07-01 08:00:00+00:00,16.615,16.684,16.506,16.603,24690,40
2017-07-04 08:00:00+00:00,16.612,16.628,16.085,16.097,20393,40
2017-07-05 08:00:00+00:00,16.13,16.19,16.028,16.069,16953,40
2017-07-06 08:00:00+00:00,16.05,16.205,15.867,16.063,22816,40
2017-07-07 08:00:00+00:00,16.061,16.088,15.922,15.999,21358,40
2017-07-08 08:00:00+00:00,16.008,16.157,14.147,15.557,34353,40
2017-07-11 08:00:00+00:00,15.599,15.725,15.167,15.636,25350,40
2017-07-12 08:00:00+00:00,15.638,15.839,15.445,15.829,24071,40
2017-07-13 08:00:00+00:00,15.815,16.007,15.725999999999999,15.896,29344,40
2017-07-14 08:00:00+00:00,15.869,15.968,15.679,15.684,22787,40
2017-07-15 08:00:00+00:00,15.698,16.067,15.594,15.952,24972,40
2017-07-18 08:00:00+00:00,15.977,16.184,15.954,16.077,21128,40
2017-07-19 08:00:00+00:00,16.092,16.315,16.076,16.262,24069,40
2017-07-20 08:00:00+00:00,16.275,16.347,16.14,16.26,19796,40
2017-07-21 08:00:00+00:00,16.262,16.4,16.123,16.308,25246,40
2017-07-22 08:00:00+00:00,16.301,16.505,16.278,16.481,21693,40
2017-07-25 08:00:00+00:00,16.489,16.574,16.404,16.461,20746,40
2017-07-26 08:00:00+00:00,16.447,16.605,16.231,16.477,21886,40
2017-07-27 08:00:00+00:00,16.458,16.68,16.286,16.62,24524,40
2017-07-28 08:00:00+00:00,16.614,16.801,16.538,16.55,25044,40
2017-07-29 08:00:00+00:00,16.554,16.739,16.499,16.695,21120,40
2017-08-01 08:00:00+00:00,16.746,16.861,16.659,16.804,19467,40
2017-08-02 08:00:00+00:00,16.818,16.835,16.59,16.693,20309,40
2017-08-03 08:00:00+00:00,16.687,16.92,16.456,16.557,24203,4
2017-08-04 08:00:00+00:00,16.558,16.679,16.423,16.644,20917,40
2017-08-05 08:00:00+00:00,16.633,16.733,16.179,16.233,23934,40
2017-08-08 08:00:00+00:00,16.213,16.285,16.108,16.254,17620,40
2017-08-09 08:00:00+00:00,16.234,16.457,16.214,16.422,20722,40
2017-08-10 08:00:00+00:00,16.433,16.938,16.416,16.927,25901,40
2017-08-11 08:00:00+00:00,16.934,17.227,16.844,17.103,25327,40
2017-08-12 08:00:00+00:00,17.107,17.18,16.874,17.1,28001,40
2017-08-15 08:00:00+00:00,17.083,17.201,16.917,17.049,26393,40
2017-08-16 08:00:00+00:00,17.037,17.047,16.562,16.609,26271,40
2017-08-17 08:00:00+00:00,16.612,17.113,16.598,17.107,26196,40
2017-08-18 08:00:00+00:00,17.117,17.161,16.957,17.008,29086,40
2017-08-19 08:00:00+00:00,17.027,17.301,16.901,16.969,33690,40
2017-08-22 08:00:00+00:00,16.908,17.111,16.826,16.99,24455,40
2017-08-23 08:00:00+00:00,16.986,17.101,16.863,16.969,23749,40
2017-08-24 08:00:00+00:00,16.951999999999998,17.086,16.902,17.076,22702,40
2017-08-25 08:00:00+00:00,17.068,17.085,16.81,16.946,24429,40
2017-08-26 08:00:00+00:00,16.94,17.166,16.719,17.045,31094,40
2017-08-29 08:00:00+00:00,17.055,17.462,17.003,17.42,25847,40
2017-08-30 08:00:00+00:00,17.45,17.647,17.256,17.367,43594,40
2017-08-31 08:00:00+00:00,17.374,17.463,17.294,17.397,32258,40
2017-09-01 08:00:00+00:00,17.394,17.605,17.263,17.551,27843,40
2017-09-02 08:00:00+00:00,17.555,17.731,17.423,17.693,29969,40
2017-09-05 08:00:00+00:00,17.779,17.926,17.767,17.865,22028,40
2017-09-06 08:00:00+00:00,17.856,17.99,17.765,17.872,29831,40
2017-09-07 08:00:00+00:00,17.883,17.975,17.794,17.848,26262,40
2017-09-08 08:00:00+00:00,17.843,18.124,17.779,18.109,30374,40
2017-09-09 08:00:00+00:00,18.107,18.196,17.879,17.941,30770,40
2017-09-12 08:00:00+00:00,17.804,17.901,17.689,17.774,24485,0
2017-09-13 08:00:00+00:00,17.79,17.878,17.7,17.872,48522,40
2017-09-14 08:00:00+00:00,17.886,17.94,17.648,17.744,27747,40
2017-09-15 08:00:00+00:00,17.737,17.779,17.587,17.765,28040,40
2017-09-16 08:00:00+00:00,17.78,17.83,17.553,17.567,28231,40
2017-09-19 08:00:00+00:00,17.567,17.605,17.043,17.184,23212,40
2017-09-20 08:00:00+00:00,17.189,17.311,17.096,17.282,22203,40
2017-09-21 08:00:00+00:00,17.279,17.38,16.949,17.13,26747,40
2017-09-22 08:00:00+00:00,17.159,17.16,16.816,16.948,23472,40
2017-09-23 08:00:00+00:00,16.964,17.049,16.891,16.968,18769,40
2017-09-26 08:00:00+00:00,16.932,17.149,16.823,17.144,24421,40
2017-09-27 08:00:00+00:00,17.121,17.229,16.769,16.797,24244,40
2017-09-28 08:00:00+00:00,16.783,16.893,16.703,16.736,23044,40
2017-09-29 08:00:00+00:00,16.756,16.884,16.66,16.852,20549,40
2017-09-30 08:00:00+00:00,16.834,16.86,16.602,16.626,20298,40
2017-10-03 08:00:00+00:00,16.623,16.712,16.526,16.562,18652,40
2017-10-04 08:00:00+00:00,16.546,16.648,16.522,16.613,16271,40
2017-10-05 08:00:00+00:00,16.609,16.871,16.526,16.572,18922,40
2017-10-06 08:00:00+00:00,16.584,16.726,16.547,16.575,17185,40
2017-10-07 08:00:00+00:00,16.594,16.845,16.312,16.795,23457,40
2017-10-10 08:00:00+00:00,16.785,16.976,16.719,16.937,16398,40
2017-10-11 08:00:00+00:00,16.937,17.229,16.913,17.092,20044,40
2017-10-12 08:00:00+00:00,17.09,17.215,17.042,17.148,20989,40
2017-10-13 08:00:00+00:00,17.144,17.245,17.09,17.212,39392,40
2017-10-14 08:00:00+00:00,17.213,17.389,17.16,17.384,67872,41
2017-10-17 08:00:00+00:00,17.372,17.44,17.082,17.203,65839,41
2017-10-18 08:00:00+00:00,17.225,17.229,16.942,17.012,67023,42
2017-10-19 08:00:00+00:00,17.014,17.083,16.883,16.979,52894,42
2017-10-20 08:00:00+00:00,16.983,17.262,16.89,17.234,81760,42
2017-10-21 08:00:00+00:00,17.243,17.266,16.906,17.013,80487,41
2017-10-24 08:00:00+00:00,16.957,17.086,16.837,17.067,68628,42
2017-10-25 08:00:00+00:00,17.06,17.123,16.86,16.924,67165,41
2017-10-26 08:00:00+00:00,16.92,17.014,16.787,16.932,80636,41
2017-10-27 08:00:00+00:00,16.938,17.01,16.725,16.764,76908,43
2017-10-28 08:00:00+00:00,16.778,16.84,16.586,16.831,82604,41
2017-10-31 08:00:00+00:00,16.811,16.874,16.664,16.83,58146,49
2017-11-01 08:00:00+00:00,16.812,16.875,16.616,16.693,56800,47
2017-11-02 08:00:00+00:00,16.676,17.172,16.645,17.103,83196,47
2017-11-03 08:00:00+00:00,17.102,17.217,17.017,17.096,81275,49
2017-11-04 08:00:00+00:00,17.106,17.153,16.757,16.825,65434,47
2017-11-07 08:00:00+00:00,16.808,17.237,16.78,17.204,66733,48
2017-11-08 08:00:00+00:00,17.189,17.194,16.897,16.922,64006,47
2017-11-09 08:00:00+00:00,16.96,17.229,16.95,17.015,63102,47
2017-11-10 08:00:00+00:00,17.027,17.12,16.89,16.966,77656,48
2017-11-11 08:00:00+00:00,16.967,17.077,16.771,16.871,63718,47
2017-11-14 08:00:00+00:00,16.857,17.049,16.805,17.025,54096,48
2017-11-15 08:00:00+00:00,17.014,17.069,16.847,17.001,65493,48
2017-11-16 08:00:00+00:00,16.997,17.177,16.925,16.969,80773,48
2017-11-17 08:00:00+00:00,16.964,17.104,16.931,17.058,58198,48
2017-11-18 08:00:00+00:00,17.049,17.359,17.006,17.282,69058,47
2017-11-21 08:00:00+00:00,17.283,17.283,16.821,16.896,73274,49
2017-11-22 08:00:00+00:00,16.91,17.033,16.886,16.944,64961,47
2017-11-23 08:00:00+00:00,16.941,17.146,16.928,17.126,62403,47
2017-11-24 08:00:00+00:00,17.105,17.134,17.039,17.068,28298,47
2017-11-25 08:00:00+00:00,17.067,17.134,16.948,17.014,40824,47
2017-11-28 08:00:00+00:00,17.006,17.173,16.988,17.025,54632,48
2017-11-29 08:00:00+00:00,17.03,17.093,16.746,16.829,54897,48
2017-11-30 08:00:00+00:00,16.842,16.897,16.497,16.508,70324,26
2017-12-01 08:00:00+00:00,16.538,16.57,16.293,16.414,72320,30
2017-12-02 08:00:00+00:00,16.424,16.531,16.22,16.416,88333,48
2017-12-05 08:00:00+00:00,16.342,16.409,16.227,16.308,65774,47
2017-12-06 08:00:00+00:00,16.307,16.339,16.005,16.076,71871,48
2017-12-07 08:00:00+00:00,16.093,16.123,15.896,15.934,61981,47
2017-12-08 08:00:00+00:00,15.951,15.964,15.62,15.695,68236,47
2017-12-09 08:00:00+00:00,15.717,15.871,15.683,15.82,66041,47
2017-12-12 08:00:00+00:00,15.818999999999999,15.862,15.669,15.685,47247,47
2017-12-13 08:00:00+00:00,15.697,15.793,15.597,15.698,49733,47
2017-12-14 08:00:00+00:00,15.706,16.127,15.65,16.046,66210,47
2017-12-15 08:00:00+00:00,16.015,16.101,15.811,15.873,65038,47
2017-12-16 08:00:00+00:00,15.88,16.061,15.872,16.025,58314,47
2017-12-19 08:00:00+00:00,16.003,16.148,15.988,16.115,55987,47
2017-12-20 08:00:00+00:00,16.107,16.202,16.03,16.117,48622,47
2017-12-21 08:00:00+00:00,16.11,16.239,16.076,16.157,49656,48
2017-12-22 08:00:00+00:00,16.161,16.225,16.063,16.105,43334,47
2017-12-23 08:00:00+00:00,16.1,16.398,16.086,16.351,42100,47
2017-12-27 08:00:00+00:00,16.419,16.542,16.37,16.524,22331,47
2017-12-28 08:00:00+00:00,16.507,16.698,16.46,16.659,40743,47
2017-12-29 08:00:00+00:00,16.643,16.86,16.604,16.826999999999998,44268,47
2017-12-30 08:00:00+00:00,16.819,17.09,16.792,16.914,48332,49
2018-01-03 08:00:00+00:00,17.029,17.182,16.998,17.166,43571,48
2018-01-04 08:00:00+00:00,17.156,17.218,17.002,17.109,62603,47
2018-01-05 08:00:00+00:00,17.1,17.251,16.96,17.202,65870,47
2018-01-06 08:00:00+00:00,17.183,17.26,17.074,17.191,61099,47
2018-01-09 08:00:00+00:00,17.216,17.237,17.016,17.113,49034,47
2018-01-10 08:00:00+00:00,17.091,17.116,16.89,16.947,60098,47
2018-01-11 08:00:00+00:00,16.927,17.164,16.883,16.942,78476,47
2018-01-12 08:00:00+00:00,16.962,17.025,16.845,16.968,66771,47
2018-01-13 08:00:00+00:00,16.969,17.26,16.96,17.214,73380,48
2018-01-16 08:00:00+00:00,17.201,17.399,17.187,17.321,49099,0
2018-01-17 08:00:00+00:00,17.307,17.346,16.768,17.172,64201,47
2018-01-18 08:00:00+00:00,17.177,17.269,16.968,16.973,80236,40
2018-01-19 08:00:00+00:00,16.977,17.108,16.89,16.922,72069,37
2018-01-20 08:00:00+00:00,16.946,17.104,16.931,17.0,68877,37
2018-01-23 08:00:00+00:00,17.038,17.072,16.926,16.987,55485,37
2018-01-24 08:00:00+00:00,16.972,17.073,16.724,17.02,75265,37
2018-01-25 08:00:00+00:00,17.018,17.599,16.968,17.531,89376,37
2018-01-26 08:00:00+00:00,17.516,17.678,17.114,17.279,122053,37
2018-01-27 08:00:00+00:00,17.273,17.522,17.221,17.383,104065,37
2018-01-30 08:00:00+00:00,17.404,17.459,17.086,17.136,81647,37
2018-01-31 08:00:00+00:00,17.164,17.311,17.049,17.105,93142,37
2018-02-01 08:00:00+00:00,17.091,17.367,17.073,17.309,96723,38
2018-02-02 08:00:00+00:00,17.277,17.373,17.081,17.204,87236,18
2018-02-03 08:00:00+00:00,17.199,17.231,16.536,16.575,107111,39
2018-02-06 08:00:00+00:00,16.585,16.886,16.534,16.707,91848,39
2018-02-07 08:00:00+00:00,16.717,16.97,16.566,16.611,135799,39
2018-02-08 08:00:00+00:00,16.633,16.76,16.25,16.35,100287,39
2018-02-09 08:00:00+00:00,16.357,16.456,16.231,16.394,109626,36
2018-02-10 08:00:00+00:00,16.39,16.437,16.171,16.319,115665,36
2018-02-13 08:00:00+00:00,16.338,16.606,16.316,16.527,49744,36
2018-02-14 08:00:00+00:00,16.544,16.671,16.439,16.544,48429,36
2018-02-15 08:00:00+00:00,16.565,16.916,16.346,16.826,69000,36
2018-02-16 08:00:00+00:00,16.849,16.965,16.629,16.841,57437,36
2018-02-17 08:00:00+00:00,16.851,16.933,16.603,16.639,56446,36
2018-02-20 08:00:00+00:00,16.66,16.717,16.597,16.644,26895,36
2018-02-21 08:00:00+00:00,16.681,16.683,16.412,16.435,45551,0
2018-02-22 08:00:00+00:00,16.448,16.758,16.372,16.475,52496,36
2018-02-23 08:00:00+00:00,16.474,16.673000000000002,16.384,16.594,49464,36
2018-02-24 08:00:00+00:00,16.609,16.621,16.482,16.513,39815,36
2018-02-27 08:00:00+00:00,16.506,16.751,16.469,16.634,43172,36
2018-02-28 08:00:00+00:00,16.631,16.685,16.32,16.399,54092,36
2018-03-01 08:00:00+00:00,16.417,16.493,16.341,16.39,44423,36
2018-03-02 08:00:00+00:00,16.409,16.532,16.145,16.447,67436,36
2018-03-03 08:00:00+00:00,16.433,16.56,16.373,16.486,55832,36
2018-03-06 08:00:00+00:00,16.502,16.583,16.341,16.409,46189,36
2018-03-07 08:00:00+00:00,16.411,16.849,16.374,16.726,46106,36
2018-03-08 08:00:00+00:00,16.786,16.815,16.408,16.473,55960,36
2018-03-09 08:00:00+00:00,16.484,16.554,16.408,16.473,49943,36
2018-03-10 08:00:00+00:00,16.475,16.676,16.318,16.574,51961,36
2018-03-13 08:00:00+00:00,16.567,16.587,16.418,16.508,34471,36
2018-03-14 08:00:00+00:00,16.521,16.654,16.437,16.566,45644,36
2018-03-15 08:00:00+00:00,16.56,16.642,16.496,16.52,38569,36
2018-03-16 08:00:00+00:00,16.518,16.56,16.361,16.374,36416,36
2018-03-17 08:00:00+00:00,16.379,16.482,16.196,16.304,38182,36
2018-03-20 08:00:00+00:00,16.291,16.341,16.202,16.299,42900,36
2018-03-21 08:00:00+00:00,16.311,16.334,16.105,16.179,36232,36
2018-03-22 08:00:00+00:00,16.184,16.633,16.164,16.546,52716,36
2018-03-23 08:00:00+00:00,16.529,16.596,16.327,16.363,54395,36
2018-03-24 08:00:00+00:00,16.405,16.657,16.4,16.54,54905,36
2018-03-27 08:00:00+00:00,16.575,16.774,16.513,16.679,43133,36
2018-03-28 08:00:00+00:00,16.669,16.788,16.46,16.496,48621,36
2018-03-29 08:00:00+00:00,16.516,16.552,16.234,16.269,58092,36
2018-03-30 08:00:00+00:00,16.274,16.35,16.208,16.336,51151,36
2018-04-03 08:00:00+00:00,16.347,16.664,16.338,16.573,47321,36
2018-04-04 08:00:00+00:00,16.579,16.603,16.343,16.392,54345,36
2018-04-05 08:00:00+00:00,16.405,16.517,16.236,16.298,64828,36
2018-04-06 08:00:00+00:00,16.296,16.407,16.169,16.369,51450,36
2018-04-07 08:00:00+00:00,16.371,16.481,16.25,16.35,70060,36
2018-04-10 08:00:00+00:00,16.396,16.54,16.308,16.469,49864,36
2018-04-11 08:00:00+00:00,16.48,16.632,16.418,16.542,57823,36
2018-04-12 08:00:00+00:00,16.553,16.857,16.515,16.652,71330,36
2018-04-13 08:00:00+00:00,16.657,16.682,16.434,16.439,65848,36
2018-04-14 08:00:00+00:00,16.453,16.672,16.445,16.632,51564,36
2018-04-17 08:00:00+00:00,16.601,16.758,16.537,16.647,49684,36
2018-04-18 08:00:00+00:00,16.648,16.787,16.573,16.756,53616,36
2018-04-19 08:00:00+00:00,16.756,17.246,16.712,17.173,58933,36
2018-04-20 08:00:00+00:00,17.175,17.337,17.08,17.231,68310,36
2018-04-21 08:00:00+00:00,17.222,17.238,17.029,17.104,52547,36
2018-04-24 08:00:00+00:00,17.08,17.1,16.58,16.596,52551,36
2018-04-25 08:00:00+00:00,16.619,16.739,16.542,16.703,49824,36
2018-04-26 08:00:00+00:00,16.733,16.733,16.491,16.534,48712,36
2018-04-27 08:00:00+00:00,16.535,16.603,16.407,16.498,48103,36
2018-04-28 08:00:00+00:00,16.508,16.551,16.423,16.5,44449,36
2018-05-01 08:00:00+00:00,16.435,16.527,16.093,16.304,44845,36
2018-05-02 08:00:00+00:00,16.32,16.325,16.041,16.143,47916,36
2018-05-03 08:00:00+00:00,16.157,16.512,16.146,16.354,65203,36
2018-05-04 08:00:00+00:00,16.37,16.572,16.343,16.41,66725,36
2018-05-05 08:00:00+00:00,16.419,16.506,16.35,16.493,57896,36
2018-05-08 08:00:00+00:00,16.507,16.553,16.384,16.459,47085,36
2018-05-09 08:00:00+00:00,16.471,16.508,16.299,16.461,70234,36
2018-05-10 08:00:00+00:00,16.463,16.603,16.335,16.466,53524,36
2018-05-11 08:00:00+00:00,16.46,16.738,16.45,16.688,57368,36
2018-05-12 08:00:00+00:00,16.703,16.815,16.624,16.632,46282,36
2018-05-15 08:00:00+00:00,16.649,16.719,16.482,16.485,40849,36
2018-05-16 08:00:00+00:00,16.518,16.537,16.187,16.243,53194,36
2018-05-17 08:00:00+00:00,16.252,16.41,16.169,16.354,52038,36
2018-05-18 08:00:00+00:00,16.359,16.475,16.311,16.405,50329,36
2018-05-19 08:00:00+00:00,16.411,16.455,16.347,16.416,41418,36
2018-05-22 08:00:00+00:00,16.433,16.504,16.252,16.488,41463,36
2018-05-23 08:00:00+00:00,16.498,16.654,16.433,16.518,45755,36
2018-05-24 08:00:00+00:00,16.525,16.569,16.303,16.432,60862,36
2018-05-25 08:00:00+00:00,16.452,16.674,16.392,16.646,47846,36
2018-05-26 08:00:00+00:00,16.649,16.697,16.462,16.468,46234,36
2018-05-29 08:00:00+00:00,16.482,16.49,16.413,16.455,29977,36
2018-05-30 08:00:00+00:00,16.454,16.49,16.298,16.369,63685,36
2018-05-31 08:00:00+00:00,16.369,16.54,16.301,16.487,61564,36
2018-06-01 08:00:00+00:00,16.484,16.579,16.385,16.39,59456,36
2018-06-02 08:00:00+00:00,16.405,16.489,16.319,16.377,49491,36
2018-06-05 08:00:00+00:00,16.378,16.528,16.352,16.387,23268,36
2018-06-06 08:00:00+00:00,16.392,16.518,16.344,16.467,25352,36
2018-06-07 08:00:00+00:00,16.48,16.719,16.468,16.647,28015,36
2018-06-08 08:00:00+00:00,16.653,16.883,16.621,16.679,28746,36
2018-06-09 08:00:00+00:00,16.699,16.814,16.602,16.75,27434,36
2018-06-12 08:00:00+00:00,16.749,16.933,16.721,16.911,24264,36
2018-06-13 08:00:00+00:00,16.891,16.938,16.734,16.832,25999,36
2018-06-14 08:00:00+00:00,16.803,17.095,16.779,17.014,28338,36
2018-06-15 08:00:00+00:00,17.013,17.302,16.915,17.155,35143,36
2018-06-16 08:00:00+00:00,17.15,17.236,16.439,16.534,40218,36
2018-06-19 08:00:00+00:00,16.535,16.612,16.403,16.454,24747,36
2018-06-20 08:00:00+00:00,16.471,16.53,16.223,16.277,31765,35
2018-06-21 08:00:00+00:00,16.285,16.352,16.236,16.256,26433,36
2018-06-22 08:00:00+00:00,16.267,16.343,16.176,16.294,30714,36
2018-06-23 08:00:00+00:00,16.304,16.471,16.29,16.425,26506,36
2018-06-26 08:00:00+00:00,16.463,16.477,16.271,16.301,22521,23
2018-06-27 08:00:00+00:00,16.319,16.342,16.131,16.259,29143,36
2018-06-28 08:00:00+00:00,16.259,16.287,15.955,16.027,28090,36
2018-06-29 08:00:00+00:00,16.046,16.116,15.904,15.983,31963,36
2018-06-30 08:00:00+00:00,15.982,16.151,15.945,16.065,32206,35
2018-07-03 08:00:00+00:00,16.075,16.111,15.752,15.821,25014,35
2018-07-04 08:00:00+00:00,15.841,16.027,15.761,15.994,28864,36
2018-07-05 08:00:00+00:00,16.0,16.135,15.973,16.029,23101,35
2018-07-06 08:00:00+00:00,16.052,16.084,15.912,16.019,29121,36
2018-07-07 08:00:00+00:00,16.019,16.08,15.926,16.006,25836,36
2018-07-10 08:00:00+00:00,16.017,16.197,16.013,16.081,25160,36
2018-07-11 08:00:00+00:00,16.091,16.145,15.883,16.042,28277,36
2018-07-12 08:00:00+00:00,16.033,16.04,15.759,15.777,35718,36
2018-07-13 08:00:00+00:00,15.784,15.977,15.737,15.922,26636,35
2018-07-14 08:00:00+00:00,15.921,15.97,15.667,15.786,30435,36
2018-07-17 08:00:00+00:00,15.796,15.862,15.723,15.767,24143,36
2018-07-18 08:00:00+00:00,15.764,15.846,15.529,15.546,27583,36
2018-07-19 08:00:00+00:00,15.552,15.594,15.374,15.538,28685,36
2018-07-20 08:00:00+00:00,15.535,15.558,15.162,15.285,40301,36
2018-07-21 08:00:00+00:00,15.305,15.523,15.223,15.446,39373,36
2018-07-24 08:00:00+00:00,15.429,15.544,15.334,15.36,29240,36
2018-07-25 08:00:00+00:00,15.369,15.584,15.309,15.444,33227,36
2018-07-26 08:00:00+00:00,15.453,15.616,15.427,15.591,31084,35
2018-07-27 08:00:00+00:00,15.584,15.651,15.358,15.364,30016,35
2018-07-28 08:00:00+00:00,15.387,15.523,15.306,15.468,27950,34
2018-07-31 08:00:00+00:00,15.468,15.529,15.377,15.464,21160,35
2018-08-01 08:00:00+00:00,15.47,15.593,15.349,15.495,29435,36
2018-08-02 08:00:00+00:00,15.505,15.518,15.362,15.367,27405,36
2018-08-03 08:00:00+00:00,15.383,15.46,15.27,15.279,28172,36
2018-08-04 08:00:00+00:00,15.296,15.537,15.224,15.387,30203,36
2018-08-07 08:00:00+00:00,15.399000000000001,15.474,15.265,15.265,24567,35
2018-08-08 08:00:00+00:00,15.288,15.47,15.272,15.348,21978,36
2018-08-09 08:00:00+00:00,15.35,15.447,15.265,15.398,23724,36
2018-08-10 08:00:00+00:00,15.397,15.492,15.346,15.413,22785,36
2018-08-11 08:00:00+00:00,15.422,15.429,15.266,15.287,36314,35
2018-08-14 08:00:00+00:00,15.302,15.324,14.959,14.973,26729,36
2018-08-15 08:00:00+00:00,14.996,15.093,14.963,15.034,20070,36
2018-08-16 08:00:00+00:00,15.047,15.059,14.348,14.416,25819,36
2018-08-17 08:00:00+00:00,14.44,14.818999999999999,14.32,14.622,27607,36
2018-08-18 08:00:00+00:00,14.628,14.799,14.572,14.768,22737,35
2018-08-21 08:00:00+00:00,14.748,14.829,14.626,14.735,20292,36
2018-08-22 08:00:00+00:00,14.733,14.83,14.7,14.769,19162,36
2018-08-23 08:00:00+00:00,14.773,14.862,14.673,14.725,21494,36
2018-08-24 08:00:00+00:00,14.733,14.747,14.462,14.468,21342,36
2018-08-25 08:00:00+00:00,14.477,14.861,14.463,14.789,23759,35
2018-08-28 08:00:00+00:00,14.831,14.906,14.725,14.874,17527,36
2018-08-29 08:00:00+00:00,14.865,14.98,14.654,14.685,20727,36
2018-08-30 08:00:00+00:00,14.705,14.773,14.641,14.733,18649,36
2018-08-31 08:00:00+00:00,14.73,14.755,14.491,14.517,22123,36
2018-09-01 08:00:00+00:00,14.536,14.696,14.47,14.51,22216,36
2018-09-04 08:00:00+00:00,14.471,14.531,14.378,14.467,13637,35
2018-09-05 08:00:00+00:00,14.477,14.495,13.99,14.138,25089,35
2018-09-06 08:00:00+00:00,14.142,14.216,14.073,14.163,18190,35
2018-09-07 08:00:00+00:00,14.173,14.284,14.095,14.127,19744,36
2018-09-08 08:00:00+00:00,14.151,14.24,14.059,14.147,26554,36
2018-09-11 08:00:00+00:00,14.136,14.234,14.055,14.15,19878,36
2018-09-12 08:00:00+00:00,14.147,14.213,13.924,14.12,21642,36
2018-09-13 08:00:00+00:00,14.113,14.264,14.053,14.227,26763,36
2018-09-14 08:00:00+00:00,14.229,14.334,14.154,14.164,24571,36
2018-09-15 08:00:00+00:00,14.165,14.269,14.026,14.031,18658,36
2018-09-18 08:00:00+00:00,14.031,14.232,14.025,14.143,18115,36
2018-09-19 08:00:00+00:00,14.163,14.217,14.056,14.125,25586,37
2018-09-20 08:00:00+00:00,14.132,14.324,14.125,14.218,22806,36
2018-09-21 08:00:00+00:00,14.228,14.337,14.159,14.293,22225,36
2018-09-22 08:00:00+00:00,14.287,14.413,14.135,14.263,23691,36
2018-09-25 08:00:00+00:00,14.267,14.375,14.171,14.231,18170,36
2018-09-26 08:00:00+00:00,14.25,14.541,14.203,14.437,21075,36
2018-09-27 08:00:00+00:00,14.444,14.495,14.297,14.302,23139,36
2018-09-28 08:00:00+00:00,14.33,14.444,14.159,14.218,23107,36
2018-09-29 08:00:00+00:00,14.229,14.701,14.217,14.616,23210,36
2018-10-02 08:00:00+00:00,14.646,14.67,14.354,14.457,19488,36
2018-10-03 08:00:00+00:00,14.482,14.893,14.425,14.655,23517,36
2018-10-04 08:00:00+00:00,14.692,14.806000000000001,14.600999999999999,14.607,24822,36
2018-10-05 08:00:00+00:00,14.62,14.755,14.513,14.568999999999999,24043,36
2018-10-06 08:00:00+00:00,14.578,14.7,14.496,14.609,23545,36
2018-10-09 08:00:00+00:00,14.623,14.643,14.247,14.345,21317,36
2018-10-10 08:00:00+00:00,14.37,14.425,14.248,14.361,21586,36
2018-10-11 08:00:00+00:00,14.365,14.415,14.221,14.274000000000001,20998,36
2018-10-12 08:00:00+00:00,14.294,14.606,14.242,14.573,29304,36
2018-10-13 08:00:00+00:00,14.558,14.687,14.492,14.576,24577,36
2018-10-16 08:00:00+00:00,14.586,14.759,14.58,14.668,20341,36
2018-10-17 08:00:00+00:00,14.683,14.83,14.599,14.639,19427,36
2018-10-18 08:00:00+00:00,14.644,14.709,14.576,14.589,20798,36
2018-10-19 08:00:00+00:00,14.564,14.639,14.433,14.547,20035,36
2018-10-20 08:00:00+00:00,14.549,14.701,14.543,14.608,19861,36
2018-10-23 08:00:00+00:00,14.647,14.675,14.5,14.54,19547,36
2018-10-24 08:00:00+00:00,14.542,14.793,14.496,14.707,19859,36
2018-10-25 08:00:00+00:00,14.729,14.787,14.631,14.661,19185,36
2018-10-26 08:00:00+00:00,14.672,14.761,14.581,14.612,20583,36
2018-10-27 08:00:00+00:00,14.616,14.758,14.559,14.679,22920,36
2018-10-30 08:00:00+00:00,14.681000000000001,14.746,14.383,14.436,20888,36
2018-10-31 08:00:00+00:00,14.456,14.509,14.358,14.448,19339,36
2018-11-01 08:00:00+00:00,14.449,14.458,14.223,14.224,19565,36
2018-11-02 08:00:00+00:00,14.255,14.806000000000001,14.25,14.711,21948,36
2018-11-03 08:00:00+00:00,14.732,14.897,14.625,14.718,26563,35
2018-11-06 08:00:00+00:00,14.722,14.749,14.582,14.622,18395,36
2018-11-07 08:00:00+00:00,14.628,14.698,14.469,14.513,18516,36
2018-11-08 08:00:00+00:00,14.514,14.707,14.463,14.547,25040,35
2018-11-09 08:00:00+00:00,14.553,14.572,14.366,14.406,21531,36
2018-11-10 08:00:00+00:00,14.42,14.422,14.091,14.126,19650,36
2018-11-13 08:00:00+00:00,14.144,14.19,13.968,13.97,16750,37
2018-11-14 08:00:00+00:00,13.998,14.112,13.936,13.977,20354,36
2018-11-15 08:00:00+00:00,13.99,14.18,13.876,14.105,22448,36
2018-11-16 08:00:00+00:00,14.113,14.334,14.074,14.264,24316,36
2018-11-17 08:00:00+00:00,14.268,14.408,14.22,14.388,21896,36
2018-11-20 08:00:00+00:00,14.391,14.426,14.33,14.401,16964,36
2018-11-21 08:00:00+00:00,14.404,14.474,14.215,14.293,21690,36
2018-11-22 08:00:00+00:00,14.31,14.538,14.261,14.467,18992,36
2018-11-23 08:00:00+00:00,14.471,14.527,14.428,14.463,10519,36
2018-11-24 08:00:00+00:00,14.464,14.489,14.172,14.223,15567,36
2018-11-27 08:00:00+00:00,14.29,14.422,14.199,14.21,16032,36
2018-11-28 08:00:00+00:00,14.229,14.291,14.075,14.117,19767,36
2018-11-29 08:00:00+00:00,14.073,14.38,14.073,14.3,17524,36
2018-11-30 08:00:00+00:00,14.293,14.378,14.247,14.281,20777,36
2018-12-01 08:00:00+00:00,14.279,14.323,14.032,14.148,18953,36
2018-12-04 08:00:00+00:00,14.231,14.549,14.187,14.357,21902,36
2018-12-05 08:00:00+00:00,14.379,14.648,14.367,14.499,20030,36
2018-12-06 08:00:00+00:00,14.512,14.527,14.402,14.475,13311,35
2018-12-07 08:00:00+00:00,14.429,14.494,14.322,14.449,23045,36
2018-12-08 08:00:00+00:00,14.46,14.628,14.42,14.6,21751,36
2018-12-11 08:00:00+00:00,14.616,14.624,14.463,14.501,20010,36
2018-12-12 08:00:00+00:00,14.525,14.702,14.495,14.533,20147,36
2018-12-13 08:00:00+00:00,14.545,14.779,14.524000000000001,14.715,19741,36
2018-12-14 08:00:00+00:00,14.724,14.791,14.664,14.728,20046,36
2018-12-15 08:00:00+00:00,14.718,14.734,14.474,14.534,18029,36
2018-12-18 08:00:00+00:00,14.55,14.688,14.513,14.635,13132,35
2018-12-19 08:00:00+00:00,14.643,14.705,14.592,14.613,19124,36
2018-12-20 08:00:00+00:00,14.624,14.806000000000001,14.533,14.572,23270,36
2018-12-21 08:00:00+00:00,14.596,14.825,14.536,14.737,25253,36
2018-12-22 08:00:00+00:00,14.753,14.777,14.587,14.597,21382,36
2018-12-25 08:00:00+00:00,14.646,14.792,14.585,14.732,16368,36
2018-12-27 08:00:00+00:00,14.822,15.154,14.787,15.008,16986,36
2018-12-28 08:00:00+00:00,14.999,15.255,14.922,15.222,24353,36
2018-12-29 08:00:00+00:00,15.213,15.381,15.201,15.353,20644,36
2019-01-01 08:00:00+00:00,15.37,15.49,15.307,15.436,16176,36
2019-01-03 08:00:00+00:00,15.358,15.595,15.341,15.494,20811,36
2019-01-04 08:00:00+00:00,15.545,15.735,15.465,15.711,28995,36
2019-01-05 08:00:00+00:00,15.717,15.855,15.567,15.677,27773,36
2019-01-08 08:00:00+00:00,15.697,15.801,15.602,15.623,21071,36
2019-01-09 08:00:00+00:00,15.645,15.669,15.482,15.634,19651,36
2019-01-10 08:00:00+00:00,15.641,15.76,15.562,15.724,22987,36
2019-01-11 08:00:00+00:00,15.724,15.768,15.532,15.538,20898,36
2019-01-12 08:00:00+00:00,15.558,15.72,15.539,15.572,19528,36
2019-01-15 08:00:00+00:00,15.59,15.645,15.525,15.627,19038,36
2019-01-16 08:00:00+00:00,15.632,15.682,15.521,15.551,18898,36
2019-01-17 08:00:00+00:00,15.572,15.631,15.475,15.566,15761,36
2019-01-18 08:00:00+00:00,15.574,15.599,15.437,15.499,17894,36
2019-01-19 08:00:00+00:00,15.512,15.563,15.307,15.312,18714,36
2019-01-22 08:00:00+00:00,15.324,15.348,15.171,15.208,11935,35
2019-01-23 08:00:00+00:00,15.252,15.332,15.16,15.313,16277,36
2019-01-24 08:00:00+00:00,15.312,15.42,15.251,15.333,18771,4
2019-01-25 08:00:00+00:00,15.343,15.382,15.224,15.292,20438,4
2019-01-26 08:00:00+00:00,15.291,15.746,15.273,15.72,20228,5
2019-01-29 08:00:00+00:00,15.712,15.803,15.589,15.728,18410,2
2019-01-30 08:00:00+00:00,15.723,15.901,15.7,15.827,18361,4
2019-01-31 08:00:00+00:00,15.828,16.088,15.805,16.039,22342,3
2019-02-01 08:00:00+00:00,16.061,16.172,15.975,16.042,21114,1
2019-02-02 08:00:00+00:00,16.03,16.061,15.836,15.874,20572,5
2019-02-05 08:00:00+00:00,15.895,15.909,15.672,15.841,17389,4
2019-02-06 08:00:00+00:00,15.846,15.925,15.795,15.823,17039,4
2019-02-07 08:00:00+00:00,15.816,15.86,15.627,15.647,17082,4
2019-02-08 08:00:00+00:00,15.656,15.74,15.609,15.714,18734,2
2019-02-09 08:00:00+00:00,15.707,15.850999999999999,15.639,15.8,18434,4
2019-02-12 08:00:00+00:00,15.797,15.828,15.65,15.681000000000001,18723,3
2019-02-13 08:00:00+00:00,15.688,15.816,15.652,15.681000000000001,18816,5
2019-02-14 08:00:00+00:00,15.702,15.798,15.522,15.545,20240,4
2019-02-15 08:00:00+00:00,15.555,15.673,15.472,15.595,22488,4
2019-02-16 08:00:00+00:00,15.605,15.788,15.541,15.755,19633,4
2019-02-19 08:00:00+00:00,15.758,15.845,15.743,15.747,13644,3
2019-02-20 08:00:00+00:00,15.787,15.995,15.723,15.971,20800,4
2019-02-21 08:00:00+00:00,15.958,16.198,15.946,16.033,22610,1
2019-02-22 08:00:00+00:00,16.043,16.092,15.78,15.785,24663,4
2019-02-23 08:00:00+00:00,15.803,15.962,15.79,15.893,21432,4
2019-02-26 08:00:00+00:00,15.897,15.999,15.832,15.868,20929,4
2019-02-27 08:00:00+00:00,15.862,15.931000000000001,15.774000000000001,15.91,16747,3
2019-02-28 08:00:00+00:00,15.911,16.538,15.286,15.719,16177,5
2019-03-01 08:00:00+00:00,15.73,15.809,15.557,15.583,19896,4
2019-03-02 08:00:00+00:00,15.594,15.622,15.125,15.187,21385,5
2019-03-05 08:00:00+00:00,15.224,15.265,15.027,15.059,22693,5
2019-03-06 08:00:00+00:00,15.066,15.157,15.029,15.103,21321,5
2019-03-07 08:00:00+00:00,15.116,15.147,15.027,15.05,20334,4
2019-03-08 08:00:00+00:00,15.065,15.107,14.963,15.0,20317,5
2019-03-09 08:00:00+00:00,15.021,15.356,14.987,15.312,21104,4
2019-03-12 08:00:00+00:00,15.294,15.343,15.195,15.294,18192,5
2019-03-13 08:00:00+00:00,15.299,15.463,15.28,15.414,18845,5
2019-03-14 08:00:00+00:00,15.42,15.527,15.406,15.427,18275,5
2019-03-15 08:00:00+00:00,15.442,15.461,15.118,15.166,19624,4
2019-03-16 08:00:00+00:00,15.175,15.377,15.15,15.262,19924,5
2019-03-19 08:00:00+00:00,15.28,15.408,15.206,15.323,16784,5
2019-03-20 08:00:00+00:00,15.322,15.433,15.299,15.349,16273,5
2019-03-21 08:00:00+00:00,15.349,15.544,15.25,15.449,19447,3
2019-03-22 08:00:00+00:00,15.473,15.621,15.364,15.445,17018,4
2019-03-23 08:00:00+00:00,15.458,15.532,15.348,15.414,17593,4
2019-03-26 08:00:00+00:00,15.387,15.566,15.371,15.517,12797,4
2019-03-27 08:00:00+00:00,15.517,15.544,15.373,15.402,14567,4
2019-03-28 08:00:00+00:00,15.42,15.462,15.247,15.268,15239,6
2019-03-29 08:00:00+00:00,15.269,15.321,14.957,14.987,17331,5
2019-03-30 08:00:00+00:00,15.01,15.188,14.966,15.112,15935,5
2019-04-02 08:00:00+00:00,15.128,15.199,15.039,15.082,15379,5
2019-04-03 08:00:00+00:00,15.086,15.115,14.923,15.098,13359,3
2019-04-04 08:00:00+00:00,15.107,15.188,15.024,15.109,14022,4
2019-04-05 08:00:00+00:00,15.12,15.164,14.884,15.123,14555,4
2019-04-06 08:00:00+00:00,15.144,15.194,15.053,15.081,15718,3
2019-04-09 08:00:00+00:00,15.102,15.285,15.099,15.223,12735,4
2019-04-10 08:00:00+00:00,15.24,15.327,15.192,15.195,12650,3
2019-04-11 08:00:00+00:00,15.203,15.279,15.13,15.207,15211,6
2019-04-12 08:00:00+00:00,15.217,15.242,14.878,14.939,13514,5
2019-04-13 08:00:00+00:00,14.957,15.098,14.936,14.952,13397,6
2019-04-16 08:00:00+00:00,14.98,15.02,14.833,14.971,14092,2
2019-04-17 08:00:00+00:00,14.979,15.019,14.864,14.982,15664,3
2019-04-18 08:00:00+00:00,14.984,15.083,14.909,14.959,13668,6
2019-04-19 08:00:00+00:00,14.967,15.02,14.916,14.981,13431,4
2019-04-23 08:00:00+00:00,15.0,15.065,14.974,14.987,10149,4
2019-04-24 08:00:00+00:00,15.005,15.025,14.735,14.813,12616,5
2019-04-25 08:00:00+00:00,14.814,14.972,14.767,14.918,14959,3
2019-04-26 08:00:00+00:00,14.926,15.001,14.842,14.922,14598,5
2019-04-27 08:00:00+00:00,14.922,15.073,14.885,15.057,15842,4
2019-04-30 08:00:00+00:00,15.051,15.067,14.824,14.888,12956,2
2019-05-01 08:00:00+00:00,14.898,14.997,14.8,14.926,15090,3
2019-05-02 08:00:00+00:00,14.931000000000001,14.943999999999999,14.589,14.649000000000001,18350,6
2019-05-03 08:00:00+00:00,14.668,14.706,14.549,14.6,14847,2
2019-05-04 08:00:00+00:00,14.605,14.96,14.58,14.877,14756,5
2019-05-07 08:00:00+00:00,14.913,14.959,14.742,14.876,14687,6
2019-05-08 08:00:00+00:00,14.88,14.927,14.783,14.884,16181,6
2019-05-09 08:00:00+00:00,14.884,14.955,14.807,14.813,13932,4
2019-05-10 08:00:00+00:00,14.827,14.848,14.68,14.731,15582,1
2019-05-11 08:00:00+00:00,14.743,14.828,14.719,14.747,14964,5
2019-05-14 08:00:00+00:00,14.761,14.792,14.598,14.74,14365,5
2019-05-15 08:00:00+00:00,14.764,14.841,14.722,14.765,12219,6
2019-05-16 08:00:00+00:00,14.781,14.84,14.744,14.773,13019,5
2019-05-17 08:00:00+00:00,14.772,14.807,14.506,14.531,12192,5
2019-05-18 08:00:00+00:00,14.536,14.558,14.378,14.387,12673,4
2019-05-21 08:00:00+00:00,14.408,14.467,14.368,14.439,10486,5
2019-05-22 08:00:00+00:00,14.437,14.47,14.358,14.427,10837,3
2019-05-23 08:00:00+00:00,14.432,14.485,14.38,14.42,10764,5
2019-05-24 08:00:00+00:00,14.434,14.631,14.402,14.568,14022,7
2019-05-25 08:00:00+00:00,14.583,14.6,14.518,14.541,12059,5
2019-05-28 08:00:00+00:00,14.553,14.625,14.535,14.54,6435,5
2019-05-29 08:00:00+00:00,14.564,14.59,14.275,14.328,12426,6
2019-05-30 08:00:00+00:00,14.343,14.464,14.293,14.405,12201,7
2019-05-31 08:00:00+00:00,14.406,14.558,14.346,14.5,10396,28
2019-06-01 08:00:00+00:00,14.508,14.668,14.465,14.554,16588,28
2019-06-04 08:00:00+00:00,14.57,14.816,14.543,14.756,14682,31
2019-06-05 08:00:00+00:00,14.773,14.844,14.645,14.797,14541,31
2019-06-06 08:00:00+00:00,14.801,15.027,14.75,14.785,20683,32
2019-06-07 08:00:00+00:00,14.81,14.986,14.733,14.879,14697,28
2019-06-08 08:00:00+00:00,14.889,15.136,14.84,14.997,15583,30
2019-06-11 08:00:00+00:00,14.956,14.992,14.629,14.687,14531,31
2019-06-12 08:00:00+00:00,14.69,14.783,14.635,14.73,12552,31
2019-06-13 08:00:00+00:00,14.732,14.863,14.713,14.762,15636,30
2019-06-14 08:00:00+00:00,14.771,14.917,14.727,14.885,12153,30
2019-06-15 08:00:00+00:00,14.892,15.104,14.781,14.852,18134,30
2019-06-18 08:00:00+00:00,14.86,14.89,14.76,14.822,15713,32
2019-06-19 08:00:00+00:00,14.826,15.074,14.8,14.995,21819,31
2019-06-20 08:00:00+00:00,14.989,15.161,14.901,15.143,21330,30
2019-06-21 08:00:00+00:00,15.142,15.5,15.107,15.406,30794,31
2019-06-22 08:00:00+00:00,15.423,15.54,15.145,15.307,35233,31
2019-06-25 08:00:00+00:00,15.336,15.455,15.279,15.428,22647,32
2019-06-26 08:00:00+00:00,15.422,15.498,15.26,15.353,36526,30
2019-06-27 08:00:00+00:00,15.333,15.35,15.162,15.264,28078,32
2019-06-28 08:00:00+00:00,15.258,15.286,15.145,15.238,21275,30
2019-06-29 08:00:00+00:00,15.24,15.323,15.193,15.299,20583,33
2019-07-02 08:00:00+00:00,15.142,15.287,15.08,15.126,23904,29
2019-07-03 08:00:00+00:00,15.124,15.308,15.027,15.299,19150,32
2019-07-04 08:00:00+00:00,15.324,15.446,15.184,15.289,24620,31
2019-07-05 08:00:00+00:00,15.272,15.32,15.186,15.187,9800,28
2019-07-06 08:00:00+00:00,15.27,15.322,14.878,14.972,23998,32
2019-07-09 08:00:00+00:00,14.983,15.108,14.943999999999999,15.014,16555,32
2019-07-10 08:00:00+00:00,15.012,15.118,14.928,15.097,16792,32
2019-07-11 08:00:00+00:00,15.085,15.269,15.026,15.219,21288,30
2019-07-12 08:00:00+00:00,15.231,15.302,15.084,15.104,21251,32
2019-07-13 08:00:00+00:00,15.086,15.235,15.035,15.193,15744,30
2019-07-16 08:00:00+00:00,15.205,15.391,15.147,15.372,14998,31
2019-07-17 08:00:00+00:00,15.375,15.681000000000001,15.301,15.538,20699,29
2019-07-18 08:00:00+00:00,15.549,15.974,15.507,15.961,18572,28
2019-07-19 08:00:00+00:00,15.938,16.334,15.878,16.324,26849,30
2019-07-20 08:00:00+00:00,16.346,16.571,16.041,16.175,32776,33
2019-07-23 08:00:00+00:00,16.215,16.413,16.155,16.344,19602,32
2019-07-24 08:00:00+00:00,16.314,16.524,16.16,16.386,21233,30
2019-07-25 08:00:00+00:00,16.349,16.634,16.311,16.586,16869,29
2019-07-26 08:00:00+00:00,16.544,16.634,16.304,16.395,21300,31
2019-07-27 08:00:00+00:00,16.39,16.501,16.318,16.354,15613,32
2019-07-30 08:00:00+00:00,16.384,16.458,16.32,16.442,11817,32
2019-07-31 08:00:00+00:00,16.415,16.59,16.382,16.555,14294,31
2019-08-01 08:00:00+00:00,16.526,16.554,16.183,16.248,25813,33
2019-08-02 08:00:00+00:00,16.241,16.367,15.903,16.307,34349,31
2019-08-03 08:00:00+00:00,16.29,16.335,16.004,16.169,36674,30
2019-08-06 08:00:00+00:00,16.18,16.554,16.102,16.392,35356,31
2019-08-07 08:00:00+00:00,16.398,16.499,16.341,16.429,27599,31
2019-08-08 08:00:00+00:00,16.412,17.228,16.392,17.094,42645,30
2019-08-09 08:00:00+00:00,17.029,17.194,16.791,16.915,30886,29
2019-08-10 08:00:00+00:00,16.912,17.124,16.847,16.934,27354,33
2019-08-13 08:00:00+00:00,16.951999999999998,17.144,16.795,17.052,25188,30
2019-08-14 08:00:00+00:00,17.032,17.492,16.52,16.95,43786,28
2019-08-15 08:00:00+00:00,16.953,17.307,16.856,17.197,40957,30
2019-08-16 08:00:00+00:00,17.197,17.374,17.083,17.253,38694,31
2019-08-17 08:00:00+00:00,17.225,17.316,17.036,17.084,26196,33
2019-08-20 08:00:00+00:00,17.085,17.12,16.835,16.849,23470,32
2019-08-21 08:00:00+00:00,16.853,17.176,16.842,17.148,18151,32
2019-08-22 08:00:00+00:00,17.106,17.185,16.98,17.106,18836,32
2019-08-23 08:00:00+00:00,17.094,17.134,16.928,17.03,18086,31
2019-08-24 08:00:00+00:00,17.009,17.466,16.965,17.391,28880,32
2019-08-27 08:00:00+00:00,17.616,17.758,17.497,17.655,36874,31
2019-08-28 08:00:00+00:00,17.638,18.194,17.619,18.178,25039,31
2019-08-29 08:00:00+00:00,18.138,18.492,18.051,18.362,29018,31
2019-08-30 08:00:00+00:00,18.314,18.638,18.031,18.237,40649,33
2019-08-31 08:00:00+00:00,18.215,18.459,18.049,18.325,36833,33
2019-09-03 08:00:00+00:00,18.397,18.536,18.251,18.435,18407,35
2019-09-04 08:00:00+00:00,18.429,19.276,18.319,19.26,38535,29
2019-09-05 08:00:00+00:00,19.241,19.629,19.173,19.568,39313,30
2019-09-06 08:00:00+00:00,19.509,19.559,18.468,18.633,35216,33
2019-09-07 08:00:00+00:00,18.637,18.78,17.946,18.136,35032,30
2019-09-10 08:00:00+00:00,18.076,18.293,17.914,17.98,24693,33
2019-09-11 08:00:00+00:00,17.98,18.162,17.762,17.967,22981,33
2019-09-12 08:00:00+00:00,17.989,18.229,17.878,18.1,17418,33
2019-09-13 08:00:00+00:00,18.041,18.453,17.991,18.081,20206,32
2019-09-14 08:00:00+00:00,18.007,18.172,17.385,17.408,18644,34
2019-09-17 08:00:00+00:00,17.644,17.987,17.556,17.853,22278,34
2019-09-18 08:00:00+00:00,17.785,18.074,17.734,18.003,19335,32
2019-09-19 08:00:00+00:00,17.999,18.023,17.501,17.712,20350,31
2019-09-20 08:00:00+00:00,17.667,17.923000000000002,17.578,17.767,19723,33
2019-09-21 08:00:00+00:00,17.775,17.964,17.733,17.943,15905,34
2019-09-24 08:00:00+00:00,17.95,18.69,17.925,18.633,21349,32
2019-09-25 08:00:00+00:00,18.637,18.723,18.235,18.59,23363,29
2019-09-26 08:00:00+00:00,18.64,18.67,17.775,17.89,23780,33
2019-09-27 08:00:00+00:00,17.892,18.033,17.712,17.801,23889,30
2019-09-28 08:00:00+00:00,17.81,17.884,17.277,17.497,22904,33
2019-10-01 08:00:00+00:00,17.52,17.585,16.914,16.986,19336,33
2019-10-02 08:00:00+00:00,16.976,17.308,16.88,17.234,24165,34
2019-10-03 08:00:00+00:00,17.239,17.656,17.174,17.549,22205,34
2019-10-04 08:00:00+00:00,17.545,17.783,17.452,17.539,22451,14
2019-10-05 08:00:00+00:00,17.553,17.676,17.276,17.521,23449,14
2019-10-08 08:00:00+00:00,17.594,17.607,17.372,17.419,20132,11
2019-10-09 08:00:00+00:00,17.419,17.791,17.247,17.725,25655,14
2019-10-10 08:00:00+00:00,17.736,17.936,17.651,17.722,22910,14
2019-10-11 08:00:00+00:00,17.715,17.886,17.403,17.491,27625,14
2019-10-12 08:00:00+00:00,17.458,17.743,17.321,17.515,28883,14
2019-10-15 08:00:00+00:00,17.504,17.684,17.406,17.638,21306,14
2019-10-16 08:00:00+00:00,17.625,17.718,17.333,17.399,22457,2
2019-10-17 08:00:00+00:00,17.424,17.455,17.147,17.378,24321,14
2019-10-18 08:00:00+00:00,17.383,17.626,17.294,17.537,21217,14
2019-10-19 08:00:00+00:00,17.536,17.585,17.391,17.512,18900,14
2019-10-22 08:00:00+00:00,17.551,17.857,17.489,17.559,21261,14
2019-10-23 08:00:00+00:00,17.563,17.656,17.415,17.506,20216,7
2019-10-24 08:00:00+00:00,17.511,17.603,17.488,17.532,18010,3
2019-10-25 08:00:00+00:00,17.527,17.831,17.462,17.792,19991,14
2019-10-26 08:00:00+00:00,17.784,18.316,17.745,18.012,23125,14
2019-10-29 08:00:00+00:00,17.999,18.128,17.765,17.838,21870,14
2019-10-30 08:00:00+00:00,17.821,17.883,17.59,17.796,21783,14
2019-10-31 08:00:00+00:00,17.781,17.945,17.571,17.852,22819,14
2019-11-01 08:00:00+00:00,17.842,18.158,17.774,18.089,23352,14
2019-11-02 08:00:00+00:00,18.083,18.141,17.908,18.099,20909,16
2019-11-05 08:00:00+00:00,18.09,18.205,17.948,18.047,19702,14
2019-11-06 08:00:00+00:00,18.036,18.076,17.516,17.563,24236,14
2019-11-07 08:00:00+00:00,17.551,17.633,17.367,17.61,21058,14
2019-11-08 08:00:00+00:00,17.591,17.653,16.943,17.111,25983,14
2019-11-09 08:00:00+00:00,17.094,17.116,16.675,16.777,26531,14
2019-11-12 08:00:00+00:00,16.757,16.922,16.644,16.845,19627,14
2019-11-13 08:00:00+00:00,16.813,16.889,16.628,16.754,22014,14
2019-11-14 08:00:00+00:00,16.784,17.015,16.733,16.95,21443,14
2019-11-15 08:00:00+00:00,16.951999999999998,17.092,16.864,17.015,19829,14
2019-11-16 08:00:00+00:00,17.015,17.023,16.802,16.956,18527,14
2019-11-19 08:00:00+00:00,16.949,17.053,16.722,17.027,19515,14
2019-11-20 08:00:00+00:00,17.006,17.169,16.951,17.131,19265,14
2019-11-21 08:00:00+00:00,17.153,17.195,17.011,17.126,20666,14
2019-11-22 08:00:00+00:00,17.159,17.187,17.024,17.095,19084,14
2019-11-23 08:00:00+00:00,17.095,17.221,16.967,16.995,17960,14
2019-11-26 08:00:00+00:00,16.925,16.979,16.839,16.88,16449,14
2019-11-27 08:00:00+00:00,16.858,17.106,16.797,17.072,16420,14
2019-11-28 08:00:00+00:00,17.054,17.083,16.915,16.933,19115,14
2019-11-29 08:00:00+00:00,16.96,17.005,16.895,16.926,12640,14
2019-11-30 08:00:00+00:00,16.925,17.03,16.842,17.002,19046,14
2019-12-03 08:00:00+00:00,16.977,16.992,16.808,16.893,25912,5
2019-12-04 08:00:00+00:00,16.885,17.194,16.854,17.158,24404,8
2019-12-05 08:00:00+00:00,17.141,17.284,16.784,16.833,30472,14
2019-12-06 08:00:00+00:00,16.844,17.0,16.801,16.947,25409,14
2019-12-07 08:00:00+00:00,16.944,17.02,16.514,16.552,27147,14
2019-12-10 08:00:00+00:00,16.538,16.666,16.51,16.595,19240,14
2019-12-11 08:00:00+00:00,16.592,16.701,16.565,16.656,19832,14
2019-12-12 08:00:00+00:00,16.649,16.95,16.586,16.848,19829,14
2019-12-13 08:00:00+00:00,16.853,17.106,16.752,16.923000000000002,23868,14
2019-12-14 08:00:00+00:00,16.906,17.017,16.826,16.925,29128,14
2019-12-17 08:00:00+00:00,16.931,17.071,16.887,17.029,19811,15
2019-12-18 08:00:00+00:00,17.019,17.097,16.946,16.992,17163,13
2019-12-19 08:00:00+00:00,16.992,17.052,16.869,16.999,15495,29
2019-12-20 08:00:00+00:00,16.995,17.11,16.885,17.048,16304,30
2019-12-21 08:00:00+00:00,17.05,17.245,17.014,17.174,14574,30
2019-12-24 08:00:00+00:00,17.167,17.442,17.162,17.419,14823,28
2019-12-25 08:00:00+00:00,17.424,17.768,17.355,17.759,13637,28
2019-12-27 08:00:00+00:00,17.939,18.035,17.743,17.879,12271,28
2019-12-28 08:00:00+00:00,17.881,17.956,17.728,17.747,20649,29
2019-12-31 08:00:00+00:00,17.767,17.947,17.762,17.912,18221,28
2020-01-01 08:00:00+00:00,17.905,18.128,17.804,17.856,22701,28
2020-01-03 08:00:00+00:00,17.848,18.081,17.822,18.004,20567,30
2020-01-04 08:00:00+00:00,17.997,18.255,17.979,18.018,35521,29
2020-01-07 08:00:00+00:00,18.201,18.489,17.994,18.134,39265,29
2020-01-08 08:00:00+00:00,18.129,18.424,17.931,18.374,35235,29
2020-01-09 08:00:00+00:00,18.405,18.835,18.041,18.09,53333,28
2020-01-10 08:00:00+00:00,18.079,18.189,17.782,17.886,36527,30
2020-01-11 08:00:00+00:00,17.899,18.136,17.83,18.079,26504,28
2020-01-14 08:00:00+00:00,18.056,18.075,17.905,17.956,23219,30
2020-01-15 08:00:00+00:00,17.943,17.95,17.666,17.787,28219,30
2020-01-16 08:00:00+00:00,17.786,18.026,17.733,17.986,26995,28
2020-01-17 08:00:00+00:00,17.975,18.036,17.853,17.929,22654,29
2020-01-18 08:00:00+00:00,17.93,18.156,17.888,18.005,24647,30
2020-01-21 08:00:00+00:00,18.041,18.116,17.983,18.048,14080,29
2020-01-22 08:00:00+00:00,18.057,18.139,17.618,17.771,31849,31
2020-01-23 08:00:00+00:00,17.787,17.914,17.67,17.823,22699,30
2020-01-24 08:00:00+00:00,17.825,17.897,17.588,17.783,28363,28
2020-01-25 08:00:00+00:00,17.779,18.13,17.733,18.091,23093,28
2020-01-28 08:00:00+00:00,18.241,18.325,18.029,18.08,32219,28
2020-01-29 08:00:00+00:00,18.067,18.105,17.423,17.459,29170,28
2020-01-30 08:00:00+00:00,17.496,17.576,17.37,17.548000000000002,24027,29
2020-01-31 08:00:00+00:00,17.528,18.026,17.524,17.82,24451,28
2020-02-01 08:00:00+00:00,17.828,18.079,17.777,18.023,21641,29
2020-02-04 08:00:00+00:00,18.036,18.084,17.583,17.656,31923,28
2020-02-05 08:00:00+00:00,17.676,17.769,17.513,17.581,28706,30
2020-02-06 08:00:00+00:00,17.598,17.709,17.469,17.596,29616,29
2020-02-07 08:00:00+00:00,17.585,17.87,17.583,17.801,24197,30
2020-02-08 08:00:00+00:00,17.8,17.848,17.601,17.683,26782,30
2020-02-11 08:00:00+00:00,17.672,17.825,17.667,17.749,23632,30
2020-02-12 08:00:00+00:00,17.755,17.794,17.555,17.631,23249,28
2020-02-13 08:00:00+00:00,17.629,17.659,17.45,17.461,21985,30
2020-02-14 08:00:00+00:00,17.47,17.721,17.455,17.628,23445,28
2020-02-15 08:00:00+00:00,17.629,17.794,17.603,17.721,19321,30
2020-02-18 08:00:00+00:00,17.697,17.876,17.677,17.762,11203,28
2020-02-19 08:00:00+00:00,17.79,18.218,17.784,18.157,20796,30
2020-02-20 08:00:00+00:00,18.153,18.449,18.136,18.409,21378,30
2020-02-21 08:00:00+00:00,18.407,18.433,18.211,18.345,34911,28
2020-02-22 08:00:00+00:00,18.355,18.617,18.341,18.473,36124,30
2020-02-25 08:00:00+00:00,18.642,18.932,18.523,18.603,50794,28
2020-02-26 08:00:00+00:00,18.619,18.629,17.84,17.994,54543,31
2020-02-27 08:00:00+00:00,18.018,18.194,17.777,17.906,47177,28
2020-02-28 08:00:00+00:00,17.891,18.124,17.602,17.728,43524,28
2020-02-29 08:00:00+00:00,17.717,17.85,16.377,16.652,61695,30
2020-03-03 08:00:00+00:00,16.468,17.039,16.416,16.715,50905,31
2020-03-04 08:00:00+00:00,16.781,17.455,16.735,17.196,44237,28
2020-03-05 08:00:00+00:00,17.23,17.319,17.067,17.192,37059,31
2020-03-06 08:00:00+00:00,17.182,17.446,17.133,17.421,33183,30
2020-03-07 08:00:00+00:00,17.416,17.558,17.029,17.321,47890,31
2020-03-10 08:00:00+00:00,17.52,17.535,16.544,16.975,46377,28
2020-03-11 08:00:00+00:00,16.877,17.182,16.792,16.881,36509,28
2020-03-12 08:00:00+00:00,16.921,17.094,16.656,16.745,31696,28
2020-03-13 08:00:00+00:00,16.759,16.906,15.503,15.795,49672,28
2020-03-14 08:00:00+00:00,15.751,15.849,14.427,14.685,50548,28
2020-03-17 08:00:00+00:00,14.756,14.882,11.738,12.86,43491,28
2020-03-18 08:00:00+00:00,12.945,13.23,12.105,12.609,41209,31
2020-03-19 08:00:00+00:00,12.736,12.879,11.618,11.941,47459,28
2020-03-20 08:00:00+00:00,12.062,12.291,11.752,12.08,39400,28
2020-03-21 08:00:00+00:00,12.035,13.005,12.034,12.577,39938,30
2020-03-24 08:00:00+00:00,12.353,13.262,12.347,13.229,40269,28
2020-03-25 08:00:00+00:00,13.421,14.325,13.15,14.281,34322,28
2020-03-26 08:00:00+00:00,14.465,14.693999999999999,13.991,14.421,25161,28
2020-03-27 08:00:00+00:00,14.311,14.662,14.113,14.356,20033,28
2020-03-28 08:00:00+00:00,14.437,14.607,14.144,14.446,19162,28
2020-03-31 08:00:00+00:00,14.479,14.529,13.781,14.029,22927,28
2020-04-01 08:00:00+00:00,14.051,14.23,13.828,13.959,22465,28
2020-04-02 08:00:00+00:00,13.893,14.114,13.795,13.948,20807,28
2020-04-03 08:00:00+00:00,13.96,14.531,13.87,14.47,23624,32
2020-04-04 08:00:00+00:00,14.495,14.522,14.246,14.354,20080,28
2020-04-07 08:00:00+00:00,14.367,15.065,14.224,15.0,16522,28
2020-04-08 08:00:00+00:00,14.979,15.538,14.797,14.997,18143,28
2020-04-09 08:00:00+00:00,14.974,15.12,14.797,14.94,15479,28
2020-04-10 08:00:00+00:00,14.908,15.519,14.845,15.361,17031,28
2020-04-14 08:00:00+00:00,15.368,15.469,15.099,15.368,19483,28
2020-04-15 08:00:00+00:00,15.368,15.822,15.283,15.74,19561,28
2020-04-16 08:00:00+00:00,15.701,15.759,15.253,15.468,20131,28
2020-04-17 08:00:00+00:00,15.445,15.571,15.164,15.521,19368,28
2020-04-18 08:00:00+00:00,15.489,15.532,14.987,15.152,20544,28
2020-04-21 08:00:00+00:00,15.119,15.412,15.021,15.307,18939,28
2020-04-22 08:00:00+00:00,15.29,15.308,14.501,14.861,25010,28
2020-04-23 08:00:00+00:00,14.837,15.134,14.649000000000001,15.097,22467,28
2020-04-24 08:00:00+00:00,15.047,15.42,14.933,15.231,23502,28
2020-04-25 08:00:00+00:00,15.221,15.362,14.994,15.229,17553,28
2020-04-28 08:00:00+00:00,15.157,15.305,14.995,15.188,15788,28
2020-04-29 08:00:00+00:00,15.188,15.203,14.878,15.14,19162,28
2020-04-30 08:00:00+00:00,15.123,15.378,15.07,15.293,16900,19
2020-05-01 08:00:00+00:00,15.26,15.499,14.589,14.937,22186,18
2020-05-02 08:00:00+00:00,14.925,15.027,14.723,14.92,16261,15
2020-05-05 08:00:00+00:00,14.913,15.053,14.683,14.757,14283,16
2020-05-06 08:00:00+00:00,14.775,15.026,14.701,14.927,14443,21
2020-05-07 08:00:00+00:00,14.942,15.15,14.803,14.83,15619,21
2020-05-08 08:00:00+00:00,14.862,15.425,14.807,15.326,14583,18
2020-05-09 08:00:00+00:00,15.295,15.62,15.177,15.431,16229,19
2020-05-12 08:00:00+00:00,15.465,15.598,15.258,15.494,14050,19
2020-05-13 08:00:00+00:00,15.448,15.624,15.317,15.424,11630,19
2020-05-14 08:00:00+00:00,15.441,15.637,15.3,15.564,13669,18
2020-05-15 08:00:00+00:00,15.539,15.892,15.427,15.855,12834,19
2020-05-16 08:00:00+00:00,15.836,16.717,15.737,16.6,18753,19
2020-05-19 08:00:00+00:00,16.725,17.551,16.631,16.936,23694,16
2020-05-20 08:00:00+00:00,16.975,17.481,16.962,17.323,17643,17
2020-05-21 08:00:00+00:00,17.329,17.627,17.243,17.526,16632,16
2020-05-22 08:00:00+00:00,17.509,17.516,16.795,17.102,18803,16
2020-05-23 08:00:00+00:00,17.069,17.231,16.678,17.192,14396,19
2020-05-26 08:00:00+00:00,17.13,17.181,16.855,17.063,10736,17
2020-05-27 08:00:00+00:00,17.047,17.431,17.013,17.114,15608,21
2020-05-28 08:00:00+00:00,17.133,17.343,16.839,17.253,16729,16
2020-05-29 08:00:00+00:00,17.224,17.51,17.151,17.375,15358,17
2020-05-30 08:00:00+00:00,17.367,17.901,17.238,17.84,15892,20
2020-06-02 08:00:00+00:00,17.993,18.362,17.93,18.286,15572,17
2020-06-03 08:00:00+00:00,18.275,18.352,17.763,18.05,15583,19
2020-06-04 08:00:00+00:00,18.037,18.057,17.447,17.629,17334,15
2020-06-05 08:00:00+00:00,17.615,17.837,17.439,17.694,16627,17
2020-06-06 08:00:00+00:00,17.689,17.754,17.198,17.381,15825,16
2020-06-09 08:00:00+00:00,17.293,17.785,17.286,17.744,12958,16
2020-06-10 08:00:00+00:00,17.762,17.762,17.446,17.533,12667,20
2020-06-11 08:00:00+00:00,17.521,18.175,17.519,18.101,14344,17
2020-06-12 08:00:00+00:00,18.128,18.138,17.459,17.636,18594,16
2020-06-13 08:00:00+00:00,17.638,17.739,17.367,17.456,16648,15
2020-06-16 08:00:00+00:00,17.447,17.546,16.93,17.364,18551,16
2020-06-17 08:00:00+00:00,17.37,17.554,17.264,17.446,17312,19
2020-06-18 08:00:00+00:00,17.411,17.595,17.317,17.487,12638,15
2020-06-19 08:00:00+00:00,17.447,17.666,17.288,17.366,13273,20
2020-06-20 08:00:00+00:00,17.357,17.795,17.345,17.564,11330,16
2020-06-23 08:00:00+00:00,17.671,18.024,17.634,17.703,15606,15
2020-06-24 08:00:00+00:00,17.701,17.999,17.646,17.932,14786,19
2020-06-25 08:00:00+00:00,17.919,18.071,17.354,17.483,18580,15
2020-06-26 08:00:00+00:00,17.47,17.803,17.425,17.782,13541,17
2020-06-27 08:00:00+00:00,17.788,17.937,17.48,17.757,12391,15
2020-06-30 08:00:00+00:00,17.826,17.949,17.674,17.845,12392,15
2020-07-01 08:00:00+00:00,17.82,18.227,17.76,18.195,11481,15
2020-07-02 08:00:00+00:00,18.181,18.427,17.82,17.995,20512,15
2020-07-03 08:00:00+00:00,18.01,18.117,17.748,17.942,14764,15
2020-07-04 08:00:00+00:00,17.941,18.052,17.92,18.027,6697,18
2020-07-07 08:00:00+00:00,18.014,18.392,17.917,18.267,11811,15
2020-07-08 08:00:00+00:00,18.265,18.351,17.972,18.245,12751,15
2020-07-09 08:00:00+00:00,18.231,18.757,18.221,18.712,12965,15
2020-07-10 08:00:00+00:00,18.73,19.028,18.467,18.623,17195,15
2020-07-11 08:00:00+00:00,18.63,18.792,18.459,18.685,15025,15
2020-07-14 08:00:00+00:00,18.741,19.373,18.719,19.053,17540,15
2020-07-15 08:00:00+00:00,19.06,19.293,18.864,19.206,20406,15
2020-07-16 08:00:00+00:00,19.206,19.471,19.125,19.408,18533,15
2020-07-17 08:00:00+00:00,19.44,19.452,19.088,19.143,17822,15
2020-07-18 08:00:00+00:00,19.143,19.385,18.903,19.322,15193,15
2020-07-21 08:00:00+00:00,19.305,19.913,19.244,19.883,19939,15
2020-07-22 08:00:00+00:00,19.885,21.317,19.846,21.261,25974,15
2020-07-23 08:00:00+00:00,21.273,23.063,21.245,23.039,37257,15
2020-07-24 08:00:00+00:00,23.009,23.239,22.23,22.522,39177,15
2020-07-25 08:00:00+00:00,22.664,22.907,22.377,22.735,27108,16
2020-07-28 08:00:00+00:00,22.795,24.576,22.795,24.526,39284,15
2020-07-29 08:00:00+00:00,24.713,26.181,22.273,24.324,50285,15
2020-07-30 08:00:00+00:00,24.477,24.939,23.284,24.26,35791,15
2020-07-31 08:00:00+00:00,24.387,24.387,22.889,23.481,39138,16
2020-08-01 08:00:00+00:00,23.491,24.469,23.261,24.36,37210,15
2020-08-04 08:00:00+00:00,24.707,24.765,23.995,24.292,28818,15
2020-08-05 08:00:00+00:00,24.374,26.027,24.108,25.914,29688,15
2020-08-06 08:00:00+00:00,26.044,27.125,25.343,26.956,44965,16
2020-08-07 08:00:00+00:00,27.031,29.058,26.78,28.881,45417,16
2020-08-08 08:00:00+00:00,29.05,29.836,27.345,28.254,57443,16
2020-08-11 08:00:00+00:00,28.233,29.394,27.795,29.1,44378,15
2020-08-12 08:00:00+00:00,28.956,29.234,24.371,24.807,64876,15
2020-08-13 08:00:00+00:00,25.083,26.265,23.348,25.518,54741,16
2020-08-14 08:00:00+00:00,25.513,27.706,25.243,27.442,50704,16
2020-08-15 08:00:00+00:00,27.368,27.721,25.721,26.393,56210,16
2020-08-18 08:00:00+00:00,26.582,27.553,25.797,27.458,45968,16
2020-08-19 08:00:00+00:00,27.415,28.453,27.084,27.638,46863,16
2020-08-20 08:00:00+00:00,27.793,28.012,26.472,26.648,52390,15
2020-08-21 08:00:00+00:00,26.765,27.513,26.58,27.195,46475,15
2020-08-22 08:00:00+00:00,27.26,27.524,26.013,26.675,38054,15
2020-08-25 08:00:00+00:00,26.721,27.217,26.247,26.578,34293,17
2020-08-26 08:00:00+00:00,26.613,26.79,26.046,26.486,30364,16
2020-08-27 08:00:00+00:00,26.492,27.441,26.074,27.401,28860,15
2020-08-28 08:00:00+00:00,27.404,27.921,26.492,26.962,34798,15
2020-08-29 08:00:00+00:00,26.995,27.701999999999998,26.809,27.47,33269,16
2020-09-01 08:00:00+00:00,27.596,28.352,27.555,28.136,31640,16
2020-09-02 08:00:00+00:00,28.155,28.894,27.559,28.123,34891,15
2020-09-03 08:00:00+00:00,28.034,28.297,27.053,27.402,34707,15
2020-09-04 08:00:00+00:00,27.386,27.7,26.459,26.564,38302,16
2020-09-05 08:00:00+00:00,26.569,27.011,26.269,26.846,37752,16
2020-09-08 08:00:00+00:00,26.847,27.154,26.607,26.829,19206,16
2020-09-09 08:00:00+00:00,26.867,27.084,25.833,26.672,34105,16
2020-09-10 08:00:00+00:00,26.562,27.109,26.397,26.985,28469,16
2020-09-11 08:00:00+00:00,26.911,27.476,26.671,26.859,31676,15
2020-09-12 08:00:00+00:00,26.862,27.022,26.546,26.716,27945,15
2020-09-15 08:00:00+00:00,26.667,27.292,26.647,27.105,21138,16
2020-09-16 08:00:00+00:00,27.123,27.608,26.992,27.098,25885,17
2020-09-17 08:00:00+00:00,27.129,27.424,26.853,27.148,28312,16
2020-09-18 08:00:00+00:00,27.143,27.192,26.271,27.013,32736,16
2020-09-19 08:00:00+00:00,27.007,27.207,26.678,26.788,25076,16
2020-09-22 08:00:00+00:00,26.756,26.949,23.684,24.684,40933,15
2020-09-23 08:00:00+00:00,24.803,25.212,23.807,24.398,39709,0
2020-09-24 08:00:00+00:00,24.382,24.465,22.588,22.742,46073,0
2020-09-25 08:00:00+00:00,22.856,23.345,21.658,23.165,48307,0
2020-09-26 08:00:00+00:00,23.169,23.289,22.42,22.842,35823,0
2020-09-29 08:00:00+00:00,22.999,23.718,22.505,23.686,33890,1
2020-09-30 08:00:00+00:00,23.676,24.398,23.362,24.171,32522,0
2020-10-01 08:00:00+00:00,24.264,24.302,23.126,23.221,36377,1
2020-10-02 08:00:00+00:00,23.31,24.164,23.215,23.755,30162,0
2020-10-03 08:00:00+00:00,23.732,24.202,23.47,23.736,33747,1
2020-10-06 08:00:00+00:00,23.823,24.513,23.672,24.38,23791,1
2020-10-07 08:00:00+00:00,24.365,24.499,22.94,22.959,32452,1
2020-10-08 08:00:00+00:00,23.086,23.976,23.052,23.794,28113,1
2020-10-09 08:00:00+00:00,23.792,24.212,23.649,23.817,25302,0
2020-10-10 08:00:00+00:00,23.854,25.159,23.824,25.096,28157,1
2020-10-13 08:00:00+00:00,25.039,25.555,24.772,25.089,32793,0
2020-10-14 08:00:00+00:00,25.139,25.189,23.928,24.094,35062,1
2020-10-15 08:00:00+00:00,24.196,24.631,23.863,24.219,31721,1
2020-10-16 08:00:00+00:00,24.254,24.305,23.564,24.279,33260,1
2020-10-17 08:00:00+00:00,24.325,24.518,24.039,24.092,28568,2
2020-10-20 08:00:00+00:00,24.188,24.97,24.106,24.36,32406,0
2020-10-21 08:00:00+00:00,24.354,24.921,24.306,24.651,29965,1
2020-10-22 08:00:00+00:00,24.724,25.282,24.665,25.021,36985,1
2020-10-23 08:00:00+00:00,25.028,25.078,24.366,24.698,32857,1
2020-10-24 08:00:00+00:00,24.712,24.852,24.405,24.578,28645,1
2020-10-27 08:00:00+00:00,24.575,24.58,24.085,24.257,34529,1
2020-10-28 08:00:00+00:00,24.267,24.609,24.198,24.362,26884,1
2020-10-29 08:00:00+00:00,24.363,24.563,23.017,23.356,41194,1
2020-10-30 08:00:00+00:00,23.372,23.578,22.579,23.206,41680,1
2020-10-31 08:00:00+00:00,23.288,23.812,23.159,23.637,39821,1
2020-11-03 08:00:00+00:00,23.608,24.159,23.383,24.048,42454,1
2020-11-04 08:00:00+00:00,24.064,24.385,23.901,24.188,36037,4
2020-11-05 08:00:00+00:00,24.276,24.497,23.215,23.894,56248,1
2020-11-06 08:00:00+00:00,23.883,25.467,23.877,25.345,44759,0
2020-11-07 08:00:00+00:00,25.22,25.841,24.885,25.613,47003,0
2020-11-10 08:00:00+00:00,25.776,25.988,23.567,24.168,54602,0
2020-11-11 08:00:00+00:00,24.05,24.493,23.896,24.223,43357,1
2020-11-12 08:00:00+00:00,24.191,24.422,23.775,24.258,36378,1
2020-11-13 08:00:00+00:00,24.243,24.397,24.031,24.246,30583,0
2020-11-14 08:00:00+00:00,24.284,24.813,24.144,24.612,25166,4
2020-11-17 08:00:00+00:00,24.639,25.064,24.213,24.795,32021,3
2020-11-18 08:00:00+00:00,24.763,24.799,24.356,24.49,26936,0
2020-11-19 08:00:00+00:00,24.484,24.701999999999998,24.186,24.292,27990,0
2020-11-20 08:00:00+00:00,24.35,24.355,23.63,24.077,31268,1
2020-11-21 08:00:00+00:00,23.936,24.523,23.888,24.158,24260,1
2020-11-24 08:00:00+00:00,24.131,24.388,23.419,23.572,27529,1
2020-11-25 08:00:00+00:00,23.602,23.622,22.922,23.225,33242,2
2020-11-26 08:00:00+00:00,23.251,23.515,23.087,23.331,25735,0
2020-11-27 08:00:00+00:00,23.362,23.476,23.165,23.31,14224,3
2020-11-28 08:00:00+00:00,23.274,23.314,22.336,22.67,21514,1
2020-12-01 08:00:00+00:00,22.726,22.731,21.895,22.628,32322,1
2020-12-02 08:00:00+00:00,22.608,24.049,22.581,24.007,28070,0
2020-12-03 08:00:00+00:00,23.931,24.313,23.536,24.088,30222,1
2020-12-04 08:00:00+00:00,24.052,24.277,23.739,24.073,30306,1
2020-12-05 08:00:00+00:00,24.048,24.406,23.928,24.165,27225,1
2020-12-08 08:00:00+00:00,24.177,24.776,23.52,24.546,30611,0
2020-12-09 08:00:00+00:00,24.475,24.863,24.426,24.565,26339,1
2020-12-10 08:00:00+00:00,24.51,24.568,23.583,23.935,34002,1
2020-12-11 08:00:00+00:00,23.933,24.283,23.708,23.99,29693,1
2020-12-12 08:00:00+00:00,23.996,24.114,23.598,23.948,25885,0
2020-12-15 08:00:00+00:00,23.957,24.233,23.652,23.843,25782,2
2020-12-16 08:00:00+00:00,23.849,24.559,23.82,24.509,25691,0
2020-12-17 08:00:00+00:00,24.522,25.493,24.438,25.365,34486,0
2020-12-18 08:00:00+00:00,25.297,26.098,25.149,26.05,34014,2
2020-12-19 08:00:00+00:00,26.002,26.127,25.651,25.77,29462,0
2020-12-22 08:00:00+00:00,25.812,27.404,24.945,26.174,53705,0
2020-12-23 08:00:00+00:00,26.224,26.572,25.072,25.193,45679,1
2020-12-24 08:00:00+00:00,25.226,25.789,25.049,25.549,33710,1
2020-12-25 08:00:00+00:00,25.534,25.908,25.411,25.789,22486,1
2020-12-29 08:00:00+00:00,26.032,26.767,25.977,26.237,36071,1
2020-12-30 08:00:00+00:00,26.233,26.603,25.946,26.188,30967,1
2020-12-31 08:00:00+00:00,26.168,26.626,26.136,26.622,25167,1
2021-01-01 08:00:00+00:00,26.591,26.694,26.208,26.308,22234,1
2021-01-05 08:00:00+00:00,26.655,27.563,26.6,27.217,40609,1
2021-01-06 08:00:00+00:00,27.15,27.686,26.986,27.55,34709,1
2021-01-07 08:00:00+00:00,27.549,27.918,26.593,27.269,49225,0
2021-01-08 08:00:00+00:00,27.316,27.35,26.912,27.158,38778,2
2021-01-09 08:00:00+00:00,27.168,27.204,24.466,25.369,51454,0
2021-01-12 08:00:00+00:00,25.458,25.49,24.325,24.972,46972,1
2021-01-13 08:00:00+00:00,25.042,25.635,24.975,25.545,37929,0
2021-01-14 08:00:00+00:00,25.533,25.676,25.122,25.213,34052,1
2021-01-15 08:00:00+00:00,25.268,25.888,25.037,25.544,36174,2
2021-01-16 08:00:00+00:00,25.544,25.786,24.576,24.69,40137,1
2021-01-19 08:00:00+00:00,24.74,25.152,24.007,24.966,29458,1
2021-01-20 08:00:00+00:00,24.976,25.405,24.935,25.193,34032,1
2021-01-21 08:00:00+00:00,25.218,25.876,25.028,25.839,35361,1
2021-01-22 08:00:00+00:00,25.833,26.043,25.631,25.95,33556,1
2021-01-23 08:00:00+00:00,25.934,25.957,25.024,25.45,36643,0
2021-01-26 08:00:00+00:00,25.548000000000002,25.765,25.156,25.326,37986,1
2021-01-27 08:00:00+00:00,25.311,25.652,25.188,25.447,30212,1
2021-01-28 08:00:00+00:00,25.447,25.479,24.692,25.262,38387,1
2021-01-29 08:00:00+00:00,25.245,26.963,24.855,26.462,45411,0
2021-01-30 08:00:00+00:00,26.528,27.643,26.042,27.021,54436,0
2021-02-02 08:00:00+00:00,28.385,30.078,27.924,29.005,68132,16
2021-02-03 08:00:00+00:00,28.731,28.871,26.262,26.564,54183,20
2021-02-04 08:00:00+00:00,26.769,27.172,26.465,26.871,40433,30
2021-02-05 08:00:00+00:00,26.853,26.886,25.884,26.308,42289,30
2021-02-06 08:00:00+00:00,26.304,27.031,26.176,26.855,36806,30
2021-02-09 08:00:00+00:00,27.189,27.556,26.822,27.311,36517,29
2021-02-10 08:00:00+00:00,27.248,27.794,27.043,27.236,34519,30
2021-02-11 08:00:00+00:00,27.241,27.513,26.803,26.995,34183,30
2021-02-12 08:00:00+00:00,27.014,27.264,26.682,26.974,29814,30
2021-02-13 08:00:00+00:00,26.942,27.418,26.836,27.314,30671,30
2021-02-16 08:00:00+00:00,27.446,27.699,27.344,27.574,19043,6
2021-02-17 08:00:00+00:00,27.599,27.948,26.822,27.219,40350,6
2021-02-18 08:00:00+00:00,27.185,27.415,26.852,27.358,40655,6
2021-02-19 08:00:00+00:00,27.387,27.514,26.862,27.049,41206,6
2021-02-20 08:00:00+00:00,27.03,27.602,26.056,27.234,43082,6
2021-02-23 08:00:00+00:00,27.519,28.276,27.264,28.121,43790,5
2021-02-24 08:00:00+00:00,28.163,28.32,27.242,27.635,45267,7
2021-02-25 08:00:00+00:00,27.635,27.979,27.314,27.951999999999998,43385,7
2021-02-26 08:00:00+00:00,27.879,28.198,27.262,27.383,57341,7
2021-02-27 08:00:00+00:00,27.443,27.583,26.129,26.617,62466,7
2021-03-02 08:00:00+00:00,26.72,27.068,26.427,26.561,44963,7
2021-03-03 08:00:00+00:00,26.498,26.898,25.771,26.75,48747,7
2021-03-04 08:00:00+00:00,26.756,26.816,25.828,26.123,46920,7
2021-03-05 08:00:00+00:00,26.089,26.297,25.047,25.368,55839,7
2021-03-06 08:00:00+00:00,25.378,25.454,24.82,25.217,55471,7
2021-03-09 08:00:00+00:00,25.445,25.916,24.944,25.108,50030,7
2021-03-10 08:00:00+00:00,25.165,26.127,25.028,25.94,46932,7
2021-03-11 08:00:00+00:00,25.919,26.214,25.539,26.179,40019,6
2021-03-12 08:00:00+00:00,26.195,26.448,25.831,26.103,39031,7
2021-03-13 08:00:00+00:00,26.077,26.161,25.382,25.89,37524,7
2021-03-16 08:00:00+00:00,25.975,26.298,25.793,26.233,34458,7
2021-03-17 08:00:00+00:00,26.23,26.3,25.828,25.938,31298,7
2021-03-18 08:00:00+00:00,25.944,26.514,25.749,26.293,33156,7
2021-03-19 08:00:00+00:00,26.392,26.627,25.823,26.031,45932,7
2021-03-20 08:00:00+00:00,26.042,26.317,25.854,26.221,39141,7
2021-03-23 08:00:00+00:00,26.131,26.16,25.4,25.745,35175,6
2021-03-24 08:00:00+00:00,25.786,25.82,25.003,25.039,33665,7
2021-03-25 08:00:00+00:00,25.051,25.355,24.967,25.068,30205,7
2021-03-26 08:00:00+00:00,25.103,25.182,24.4,25.072,36658,7
2021-03-27 08:00:00+00:00,25.075,25.251,24.859,25.038,29195,10
2021-03-30 08:00:00+00:00,25.029,25.079,24.438,24.653,31539,10
2021-03-31 08:00:00+00:00,24.667,24.726,23.843,23.988,34891,10
2021-04-01 08:00:00+00:00,24.009,24.52,23.764,24.41,32357,11
2021-04-02 08:00:00+00:00,24.414,24.943,24.23,24.942,29770,10
2021-04-06 08:00:00+00:00,24.942,25.073,24.601,24.855,20381,11
2021-04-07 08:00:00+00:00,24.873,25.291,24.763,25.159,27527,10
2021-04-08 08:00:00+00:00,25.138,25.269,24.846,25.144,26085,9
2021-04-09 08:00:00+00:00,25.146,25.608,24.953,25.484,25934,10
2021-04-10 08:00:00+00:00,25.462,25.489,24.975,25.241,26589,10
2021-04-13 08:00:00+00:00,25.213,25.263,24.698,24.814,25942,10
2021-04-14 08:00:00+00:00,24.819,25.478,24.673000000000002,25.347,26934,10
2021-04-15 08:00:00+00:00,25.354,25.522,25.188,25.404,27509,11
2021-04-16 08:00:00+00:00,25.399,25.982,25.313,25.85,31039,10
2021-04-17 08:00:00+00:00,25.847,26.295,25.742,25.93,28481,9
2021-04-20 08:00:00+00:00,25.916,26.225,25.623,25.805,32993,9
2021-04-21 08:00:00+00:00,25.806,26.084,25.68,25.831,33753,10
2021-04-22 08:00:00+00:00,25.812,26.643,25.753,26.56,29876,9
2021-04-23 08:00:00+00:00,26.548000000000002,26.576,25.971,26.109,34063,10
2021-04-24 08:00:00+00:00,26.125,26.4,25.843,26.017,29064,9
2021-04-27 08:00:00+00:00,25.955,26.21,25.842,26.196,29480,10
2021-04-28 08:00:00+00:00,26.207,26.449,26.039,26.263,28096,10
2021-04-29 08:00:00+00:00,26.24,26.289,25.826,26.208,32707,9
2021-04-30 08:00:00+00:00,26.224,26.469,25.699,26.068,29471,11
2021-05-01 08:00:00+00:00,26.105,26.191,25.793,25.881,29033,12
2021-05-04 08:00:00+00:00,25.848,26.987,25.793,26.89,23554,9
2021-05-05 08:00:00+00:00,26.879,27.109,26.08,26.504,30226,10
2021-05-06 08:00:00+00:00,26.452,26.618,26.096,26.5,25999,10
2021-05-07 08:00:00+00:00,26.489,27.455,26.161,27.311,33091,9
2021-05-08 08:00:00+00:00,27.27,27.665,27.13,27.448,37702,10
2021-05-11 08:00:00+00:00,27.497,27.868,27.228,27.308,36471,10
2021-05-12 08:00:00+00:00,27.304,27.661,27.095,27.619,36150,9
2021-05-13 08:00:00+00:00,27.612,27.689,26.943,26.975,42456,9
2021-05-14 08:00:00+00:00,27.021,27.23,26.711,27.074,44702,10
2021-05-15 08:00:00+00:00,27.093,27.476,26.809,27.409,34743,10
2021-05-18 08:00:00+00:00,27.41,28.282,27.338,28.166,33838,11
2021-05-19 08:00:00+00:00,28.199,28.739,27.997,28.186,37077,10
2021-05-20 08:00:00+00:00,28.166,28.229,27.36,27.713,46272,9
2021-05-21 08:00:00+00:00,27.728,27.995,27.393,27.761,35087,9
2021-05-22 08:00:00+00:00,27.75,28.06,27.19,27.543,36917,10
2021-05-25 08:00:00+00:00,27.532,27.897,27.453,27.765,31664,9
2021-05-26 08:00:00+00:00,27.73,28.027,27.453,28.004,33518,9
2021-05-27 08:00:00+00:00,27.974,28.226,27.597,27.675,34547,9
2021-05-28 08:00:00+00:00,27.676,27.881,27.493,27.861,30427,10
2021-05-29 08:00:00+00:00,27.872,27.968,27.393,27.914,31945,10
2021-06-01 08:00:00+00:00,27.923000000000002,28.126,27.867,28.023,18488,10
2021-06-02 08:00:00+00:00,28.057,28.551,27.814,27.88,32959,10
2021-06-03 08:00:00+00:00,27.858,28.178,27.68,28.173,26316,10
2021-06-04 08:00:00+00:00,28.141,28.226,27.023,27.422,32774,9
2021-06-05 08:00:00+00:00,27.449,27.841,27.22,27.782,30711,9
2021-06-08 08:00:00+00:00,27.751,27.947,27.47,27.901,25112,10
2021-06-09 08:00:00+00:00,27.867,27.969,27.495,27.615,30901,9
2021-06-10 08:00:00+00:00,27.587,27.995,27.511,27.783,25714,10
2021-06-11 08:00:00+00:00,27.753,28.026,27.457,28.0,31856,10
2021-06-12 08:00:00+00:00,27.989,28.279,27.88,27.905,31987,10
2021-06-15 08:00:00+00:00,27.924,28.013,27.461,27.836,28537,10
2021-06-16 08:00:00+00:00,27.875,27.88,27.384,27.651,27381,9
2021-06-17 08:00:00+00:00,27.659,27.825,26.596,26.917,31127,10
2021-06-18 08:00:00+00:00,27.008,27.24,25.763,25.857,46736,10
2021-06-19 08:00:00+00:00,25.949,26.489,25.748,25.791,34969,10
2021-06-22 08:00:00+00:00,25.86,26.077,25.542,25.964,41336,10
2021-06-23 08:00:00+00:00,25.967,26.032,25.681,25.76,32797,10
2021-06-24 08:00:00+00:00,25.784,26.287,25.746,25.874,31323,10
2021-06-25 08:00:00+00:00,25.875,26.164,25.806,25.943,28284,10
2021-06-26 08:00:00+00:00,25.956,26.291,25.902,26.101,28261,10
2021-06-29 08:00:00+00:00,26.103,26.215,25.781,26.093,30190,10
2021-06-30 08:00:00+00:00,26.067,26.109,25.519,25.761,31255,10
2021-07-01 08:00:00+00:00,25.774,26.143,25.695,26.122,27205,11
2021-07-02 08:00:00+00:00,26.114,26.397,25.939,26.022,30406,10
2021-07-03 08:00:00+00:00,26.01,26.562,25.969,26.455,28317,10
2021-07-06 08:00:00+00:00,26.44,26.609,26.37,26.465,18587,10
2021-07-07 08:00:00+00:00,26.465,26.769,26.0,26.155,31808,9
2021-07-08 08:00:00+00:00,26.118,26.431,25.972,26.136,29168,10
2021-07-09 08:00:00+00:00,26.137,26.207,25.796,25.924,32473,10
2021-07-10 08:00:00+00:00,25.928,26.204,25.755,26.113,27789,10
2021-07-13 08:00:00+00:00,26.103,26.277,25.861,26.19,25309,10
2021-07-14 08:00:00+00:00,26.202,26.34,25.927,25.967,26252,11
2021-07-15 08:00:00+00:00,25.963,26.46,25.93,26.237,25058,13
2021-07-16 08:00:00+00:00,26.234,26.388,26.148,26.321,26230,12
2021-07-17 08:00:00+00:00,26.321,26.443,25.591,25.637,30557,11
2021-07-20 08:00:00+00:00,25.637,25.755,24.99,25.16,35760,13
2021-07-21 08:00:00+00:00,25.165,25.263,24.804,24.928,31258,12
2021-07-22 08:00:00+00:00,24.933,25.303,24.745,25.277,28354,12
2021-07-23 08:00:00+00:00,25.272,25.45,25.005,25.4,25815,11
2021-07-24 08:00:00+00:00,25.404,25.463,24.995,25.178,25433,12
2021-07-27 08:00:00+00:00,25.183,25.427,25.109,25.187,24944,12
2021-07-28 08:00:00+00:00,25.194,25.258,24.49,24.693,26956,12
2021-07-29 08:00:00+00:00,24.703,25.008,24.602,24.971,27910,12
2021-07-30 08:00:00+00:00,24.964,25.794,24.954,25.526,23415,11
2021-07-31 08:00:00+00:00,25.524,25.628,25.334,25.476,25187,13
2021-08-03 08:00:00+00:00,25.483,25.627,25.292,25.393,25292,12
2021-08-04 08:00:00+00:00,25.401,25.596,25.237,25.531,20152,12
2021-08-05 08:00:00+00:00,25.506,25.997,25.316,25.374,21572,11
2021-08-06 08:00:00+00:00,25.386,25.502,25.078,25.148,20893,12
2021-08-07 08:00:00+00:00,25.152,25.194,24.186,24.284,24388,12
2021-08-10 08:00:00+00:00,24.283,24.307,22.269,23.44,40781,12
2021-08-11 08:00:00+00:00,23.431,23.665,23.224,23.319,25670,12
2021-08-12 08:00:00+00:00,23.341,23.581,23.203,23.541,27548,11
2021-08-13 08:00:00+00:00,23.524,23.546,22.997,23.191,23120,11
2021-08-14 08:00:00+00:00,23.192,23.826,23.157,23.714,21923,12
2021-08-17 08:00:00+00:00,23.747,23.893,23.418,23.842,24185,12
2021-08-18 08:00:00+00:00,23.84,23.948,23.561,23.639,27668,13
2021-08-19 08:00:00+00:00,23.663,23.818,23.28,23.505,26418,12
2021-08-20 08:00:00+00:00,23.507,23.532,23.084,23.228,31012,12
2021-08-21 08:00:00+00:00,23.23,23.319,22.866,23.023,26333,12
2021-08-24 08:00:00+00:00,23.065,23.687,22.965,23.624,22451,12
2021-08-25 08:00:00+00:00,23.621,23.946,23.526,23.874,21085,12
2021-08-26 08:00:00+00:00,23.813,23.886,23.571,23.828,23409,12
2021-08-27 08:00:00+00:00,23.826,23.864,23.425,23.522,25121,12
2021-08-28 08:00:00+00:00,23.554,24.111,23.336,24.058,27168,12
2021-08-31 08:00:00+00:00,24.029,24.21,23.907,24.017,19893,12
2021-09-01 08:00:00+00:00,24.01,24.199,23.794,23.909,23788,12
2021-09-02 08:00:00+00:00,23.893,24.26,23.745,24.134,22660,12
2021-09-03 08:00:00+00:00,24.133,24.211,23.782,23.883,20771,12
2021-09-04 08:00:00+00:00,23.886,24.866,23.868,24.71,22674,11
2021-09-07 08:00:00+00:00,24.737,24.812,24.632,24.678,12711,13
2021-09-08 08:00:00+00:00,24.67,24.818,24.155,24.297,25211,12
2021-09-09 08:00:00+00:00,24.306,24.404,23.9,23.947,26755,12
2021-09-10 08:00:00+00:00,23.938,24.283,23.832,24.024,26048,12
2021-09-11 08:00:00+00:00,24.039,24.291,23.729,23.729,24685,12
2021-09-14 08:00:00+00:00,23.767,23.849,23.372,23.74,26601,12
2021-09-15 08:00:00+00:00,23.724,23.955,23.414,23.842,26685,13
2021-09-16 08:00:00+00:00,23.822,23.905,23.655,23.826999999999998,22531,12
2021-09-17 08:00:00+00:00,23.834,23.962,22.594,22.882,32197,12
2021-09-18 08:00:00+00:00,22.9,23.126,22.323,22.371,29317,11
2021-09-21 08:00:00+00:00,22.391,22.505,22.028,22.259,26144,12
2021-09-22 08:00:00+00:00,22.264,22.716,22.23,22.478,25629,12
2021-09-23 08:00:00+00:00,22.484,23.138,22.454,22.687,31203,12
2021-09-24 08:00:00+00:00,22.71,22.872,22.479,22.479,26721,12
2021-09-25 08:00:00+00:00,22.534,22.792,22.102,22.387,22520,12
2021-09-28 08:00:00+00:00,22.431,22.842,22.388,22.611,26354,12
2021-09-29 08:00:00+00:00,22.617,22.663,22.093,22.442,33730,12
2021-09-30 08:00:00+00:00,22.444,22.547,21.417,21.51,31960,12
2021-10-01 08:00:00+00:00,21.52,22.229,21.463,22.176,31317,11
2021-10-02 08:00:00+00:00,22.154,22.579,21.982,22.511,28940,12
2021-10-05 08:00:00+00:00,22.518,22.76,22.272,22.642,28421,12
2021-10-06 08:00:00+00:00,22.617,22.652,22.363,22.603,26567,12
2021-10-07 08:00:00+00:00,22.617,22.674,22.2,22.642,31847,12
2021-10-08 08:00:00+00:00,22.628,22.799,22.376,22.586,24812,12
2021-10-09 08:00:00+00:00,22.584,23.183,22.422,22.626,30840,11
2021-10-12 08:00:00+00:00,22.691,22.813,22.486,22.574,24249,12
2021-10-13 08:00:00+00:00,22.57,22.762,22.333,22.555,28743,12
2021-10-14 08:00:00+00:00,22.568,23.241,22.459,23.065,27712,12
2021-10-15 08:00:00+00:00,23.078,23.576,22.892,23.518,25255,12
2021-10-16 08:00:00+00:00,23.513,23.583,23.062,23.31,27677,12
2021-10-19 08:00:00+00:00,23.333,23.443,23.002,23.185,30441,12
2021-10-20 08:00:00+00:00,23.186,24.116,23.175,23.658,29262,12
2021-10-21 08:00:00+00:00,23.639,24.414,23.562,24.29,28171,12
2021-10-22 08:00:00+00:00,24.317,24.473,24.002,24.126,31620,12
2021-10-23 08:00:00+00:00,24.143,24.818,24.111,24.294,33358,12
2021-10-26 08:00:00+00:00,24.321,24.613,24.294,24.555,28349,12
2021-10-27 08:00:00+00:00,24.557,24.559,23.869,24.149,28521,12
2021-10-28 08:00:00+00:00,24.143,24.246,23.824,24.064,30179,15
2021-10-29 08:00:00+00:00,24.049,24.243,23.95,24.057,31624,12
2021-10-30 08:00:00+00:00,24.063,24.079,23.647,23.879,32330,12
2021-11-02 08:00:00+00:00,23.857,24.091,23.735,24.032,25209,12
2021-11-03 08:00:00+00:00,24.029,24.055,23.381,23.513,25870,14
2021-11-04 08:00:00+00:00,23.523,23.616,22.941,23.546,29837,12
2021-11-05 08:00:00+00:00,23.537,24.037,23.429,23.771,27404,14
2021-11-06 08:00:00+00:00,23.748,24.148,23.598,24.145,31066,14
2021-11-09 08:00:00+00:00,24.139,24.505,24.047,24.453,26080,12
2021-11-10 08:00:00+00:00,24.435,24.466,24.018,24.298,26227,12
2021-11-11 08:00:00+00:00,24.299,25.119,24.042,24.646,33854,11
2021-11-12 08:00:00+00:00,24.599,25.256,24.578,25.242,29512,12
2021-11-13 08:00:00+00:00,25.233,25.375,24.839,25.283,26975,12
2021-11-16 08:00:00+00:00,25.303,25.376,24.9,25.063,25986,12
2021-11-17 08:00:00+00:00,25.051,25.395,24.759,24.796,31039,13
2021-11-18 08:00:00+00:00,24.799,25.202,24.792,25.059,25397,13
2021-11-19 08:00:00+00:00,25.046,25.15,24.668,24.796,26180,14
2021-11-20 08:00:00+00:00,24.795,24.973,24.545,24.612,29001,14
2021-11-23 08:00:00+00:00,24.563,24.879,24.094,24.167,30238,11
2021-11-24 08:00:00+00:00,24.21,24.315,23.267,23.659,31980,12
2021-11-25 08:00:00+00:00,23.636,23.682,23.392,23.547,25506,12
2021-11-26 08:00:00+00:00,23.537,23.716,23.509,23.587,12461,17
2021-11-27 08:00:00+00:00,23.598,23.719,22.912,23.106,29847,11
2021-11-30 08:00:00+00:00,23.155,23.433,22.746,22.904,27970,13
2021-12-01 08:00:00+00:00,22.89,23.305,22.684,22.803,34075,11
2021-12-02 08:00:00+00:00,22.85,23.023,22.178,22.298,33407,12
2021-12-03 08:00:00+00:00,22.303,22.493,22.205,22.389,27249,11
2021-12-04 08:00:00+00:00,22.404,22.573,22.027,22.53,28007,12
2021-12-07 08:00:00+00:00,22.529,22.593,22.117,22.367,21868,11
2021-12-08 08:00:00+00:00,22.378,22.594,22.222,22.5,17906,12
2021-12-09 08:00:00+00:00,22.484,22.553,22.298,22.414,19916,12
2021-12-10 08:00:00+00:00,22.429,22.465,21.857,21.951,23125,14
2021-12-11 08:00:00+00:00,21.971,22.224,21.82,22.17,18864,12
2021-12-14 08:00:00+00:00,22.199,22.411,22.145,22.309,20292,12
2021-12-15 08:00:00+00:00,22.317,22.328,21.683,21.938,22697,12
2021-12-16 08:00:00+00:00,21.942,22.121,21.395,22.056,30520,12
2021-12-17 08:00:00+00:00,22.077,22.528,21.902,22.466,26757,12
2021-12-18 08:00:00+00:00,22.454,22.67,22.354,22.373,26150,12
2021-12-21 08:00:00+00:00,22.375,22.436,22.185,22.248,21869,11
2021-12-22 08:00:00+00:00,22.259,22.782,22.174,22.502,20815,14
2021-12-23 08:00:00+00:00,22.488,22.826999999999998,22.43,22.783,20224,14
2021-12-24 08:00:00+00:00,22.783,22.928,22.643,22.884,18397,12
2021-12-28 08:00:00+00:00,22.774,23.109,22.64,23.054,17647,13
2021-12-29 08:00:00+00:00,23.036,23.426,22.956,23.002,19709,12
2021-12-30 08:00:00+00:00,22.989,23.149,22.579,22.817,21503,13
2021-12-31 08:00:00+00:00,22.802,23.106,22.592,23.044,19867,12
2022-01-01 08:00:00+00:00,23.044,23.333,23.02,23.3,19584,15
2022-01-04 08:00:00+00:00,23.337,23.396,22.665,22.88,23237,12
2022-01-05 08:00:00+00:00,22.889,23.095,22.632,23.041,29366,12
2022-01-06 08:00:00+00:00,23.041,23.251,22.72,22.783,27549,12
2022-01-07 08:00:00+00:00,22.75,22.821,21.996,22.167,32456,12
2022-01-08 08:00:00+00:00,22.187,22.432,21.938,22.314,27595,12
2022-01-11 08:00:00+00:00,22.34,22.512,22.185,22.471,30386,12
2022-01-12 08:00:00+00:00,22.446,22.798000000000002,22.436,22.777,26108,11
2022-01-13 08:00:00+00:00,22.751,23.213,22.638,23.14,26357,12
2022-01-14 08:00:00+00:00,23.147,23.264,22.992,23.083,26148,12
2022-01-15 08:00:00+00:00,23.059,23.304,22.818,22.949,29273,12
2022-01-18 08:00:00+00:00,22.913,23.108,22.825,23.005,14508,13
2022-01-19 08:00:00+00:00,22.995,23.631,22.799,23.458,30995,13
2022-01-20 08:00:00+00:00,23.457,24.2,23.378,24.151,30843,14
2022-01-21 08:00:00+00:00,24.139,24.695,24.067,24.432,32025,14
2022-01-22 08:00:00+00:00,24.461,24.57,24.157,24.247,34764,15
2022-01-25 08:00:00+00:00,24.194,24.3,23.556,23.961,35786,15
2022-01-26 08:00:00+00:00,23.959,23.961,23.589,23.809,33593,16
2022-01-27 08:00:00+00:00,23.817,23.965,23.423,23.464,37652,14
2022-01-28 08:00:00+00:00,23.528,23.586,22.568,22.76,40285,15
2022-01-29 08:00:00+00:00,22.769,22.81,22.138,22.428,37822,15
2022-02-01 08:00:00+00:00,22.373,22.634,22.239,22.468,32187,15
2022-02-02 08:00:00+00:00,22.459,23.035,22.393,22.637,32141,15
2022-02-03 08:00:00+00:00,22.613,22.854,22.458,22.642,27530,15
2022-02-04 08:00:00+00:00,22.621,22.647,21.994,22.413,27070,16
2022-02-05 08:00:00+00:00,22.418,22.661,22.103,22.471,30845,14
2022-02-08 08:00:00+00:00,22.552,23.092,22.526,23.008,32754,15
2022-02-09 08:00:00+00:00,22.995,23.25,22.767,23.179,26158,15
2022-02-10 08:00:00+00:00,23.167,23.346,23.081,23.293,24096,15
2022-02-11 08:00:00+00:00,23.277,23.704,23.122,23.185,35718,14
2022-02-12 08:00:00+00:00,23.18,23.679,22.85,23.61,41587,15
2022-02-15 08:00:00+00:00,23.514,23.932,23.511,23.849,40516,15
2022-02-16 08:00:00+00:00,23.855,23.978,23.069,23.362,37458,15
2022-02-17 08:00:00+00:00,23.378,23.656,23.271,23.55,34517,16
2022-02-18 08:00:00+00:00,23.6,23.912,23.414,23.814,43028,14
2022-02-19 08:00:00+00:00,23.796,24.079,23.674,23.958,36985,16
2022-02-22 08:00:00+00:00,24.003,24.024,23.686,23.922,27666,14
2022-02-23 08:00:00+00:00,24.036,24.354,23.893,24.114,45902,15
2022-02-24 08:00:00+00:00,24.135,24.581,24.021,24.519,31650,14
2022-02-25 08:00:00+00:00,24.519,25.611,23.826999999999998,24.184,60321,14
2022-02-26 08:00:00+00:00,24.265,24.49,23.867,24.194,43021,15
2022-03-01 08:00:00+00:00,24.595,24.621,24.082,24.439,39491,15
2022-03-02 08:00:00+00:00,24.44,25.535,24.269,25.371,37272,15
2022-03-03 08:00:00+00:00,25.35,25.375,24.851,25.271,43713,15
2022-03-04 08:00:00+00:00,25.302,25.469,24.96,25.188,39554,15
2022-03-05 08:00:00+00:00,25.196,25.732,25.033,25.645,38692,14
2022-03-08 08:00:00+00:00,25.926,26.134,25.283,25.622,58953,14
2022-03-09 08:00:00+00:00,25.667,26.934,25.346,26.407,56249,15
2022-03-10 08:00:00+00:00,26.415,26.745,25.379,25.765,44111,14
2022-03-11 08:00:00+00:00,25.722,26.053,25.291,25.896,42028,15
2022-03-12 08:00:00+00:00,25.92,25.991,25.387,25.823,34735,19
2022-03-15 08:00:00+00:00,25.752,25.833,24.917,25.026,33672,14
2022-03-16 08:00:00+00:00,25.04,25.104,24.513,24.852,40196,16
2022-03-17 08:00:00+00:00,24.85,25.094,24.446,25.04,40022,19
2022-03-18 08:00:00+00:00,25.028,25.531,24.988,25.354,31650,16
2022-03-19 08:00:00+00:00,25.344,25.424,24.819,24.91,30648,17
2022-03-22 08:00:00+00:00,25.036,25.297,24.864,25.171,28031,18
2022-03-23 08:00:00+00:00,25.202,25.369,24.561,24.769,31520,18
2022-03-24 08:00:00+00:00,24.769,25.194,24.656,25.122,26570,10
2022-03-25 08:00:00+00:00,25.106,25.843,24.95,25.512,31041,7
2022-03-26 08:00:00+00:00,25.535,25.716,25.247,25.414,28926,8
2022-03-29 08:00:00+00:00,25.524,25.575,24.774,24.833,33813,8
2022-03-30 08:00:00+00:00,24.861,25.003,23.954,24.765,30336,7
2022-03-31 08:00:00+00:00,24.781,25.056,24.688,24.864,34529,9
2022-04-01 08:00:00+00:00,24.863,25.08,24.559,24.784,28265,10
2022-04-02 08:00:00+00:00,24.789,24.85,24.415,24.62,31029,12
2022-04-05 08:00:00+00:00,24.628,24.839,24.267,24.541,28669,11
2022-04-06 08:00:00+00:00,24.541,24.94,24.215,24.287,25337,10
2022-04-07 08:00:00+00:00,24.357,24.561,24.116,24.452,31691,10
2022-04-08 08:00:00+00:00,24.452,24.656,24.23,24.584,29965,8
2022-04-09 08:00:00+00:00,24.602,24.801,24.365,24.755,25748,8
2022-04-12 08:00:00+00:00,24.812,25.363,24.661,25.076,30222,8
2022-04-13 08:00:00+00:00,25.054,25.603,24.853,25.364,25222,8
2022-04-14 08:00:00+00:00,25.389,25.823,25.341,25.707,25627,8
2022-04-15 08:00:00+00:00,25.712,25.862,25.29,25.625,22212,8
2022-04-19 08:00:00+00:00,25.634,26.211,25.61,25.841,26062,8
2022-04-20 08:00:00+00:00,25.837,25.991,25.048,25.169,23868,9
2022-04-21 08:00:00+00:00,25.169,25.279,24.88,25.204,31911,11
2022-04-22 08:00:00+00:00,25.172,25.175,24.412,24.659,30392,9
2022-04-23 08:00:00+00:00,24.627,24.66,24.043,24.17,36675,10
2022-04-26 08:00:00+00:00,24.151,24.167,23.397,23.607,34796,8
2022-04-27 08:00:00+00:00,23.653,23.917,23.386,23.515,29197,10
2022-04-28 08:00:00+00:00,23.515,23.687,23.228,23.287,30785,7
2022-04-29 08:00:00+00:00,23.334,23.4,22.874,23.17,28999,7
2022-04-30 08:00:00+00:00,23.171,23.556,22.672,22.741,33490,10
2022-05-03 08:00:00+00:00,22.838,22.848,22.111,22.643,26876,8
2022-05-04 08:00:00+00:00,22.639,22.833,22.411,22.573,28199,12
2022-05-05 08:00:00+00:00,22.599,23.086,22.203,22.992,26953,8
2022-05-06 08:00:00+00:00,22.951,23.273,22.309,22.5,34714,8
2022-05-07 08:00:00+00:00,22.486,22.634,22.097,22.333,33900,10
2022-05-10 08:00:00+00:00,22.327,22.356,21.68,21.755,33743,8
2022-05-11 08:00:00+00:00,21.789,22.094,21.173,21.265,36707,8
2022-05-12 08:00:00+00:00,21.292,21.955,21.23,21.543,29347,7
2022-05-13 08:00:00+00:00,21.555,21.648,20.613,20.706,31640,8
2022-05-14 08:00:00+00:00,20.698,21.081,20.445,21.07,31171,8
2022-05-17 08:00:00+00:00,21.176,21.679,20.833,21.604,30284,8
2022-05-18 08:00:00+00:00,21.611,21.905,21.503,21.604,26008,7
2022-05-19 08:00:00+00:00,21.624,21.744,21.364,21.395,24200,9
2022-05-20 08:00:00+00:00,21.409,21.985,21.271,21.905,31165,8
2022-05-21 08:00:00+00:00,21.934,22.069,21.598,21.752,25046,9
2022-05-24 08:00:00+00:00,21.823,22.183,21.66,21.767,22610,9
2022-05-25 08:00:00+00:00,21.772,22.199,21.657,22.093,22820,8
2022-05-26 08:00:00+00:00,22.093,22.135,21.73,21.993,22650,8
2022-05-27 08:00:00+00:00,21.993,22.066,21.711,22.003,19196,8
2022-05-28 08:00:00+00:00,22.003,22.438,21.929,22.093,22117,8
2022-05-31 08:00:00+00:00,22.059,22.273,21.901,21.966,15997,14
2022-06-01 08:00:00+00:00,21.971,21.99,21.468,21.536,22940,7
2022-06-02 08:00:00+00:00,21.566,21.967,21.422,21.823,23084,9
2022-06-03 08:00:00+00:00,21.817,22.326,21.75,22.294,23706,8
2022-06-04 08:00:00+00:00,22.322,22.48,21.839,21.942,23061,11
2022-06-07 08:00:00+00:00,21.92,22.506,21.886,22.067,22180,10
2022-06-08 08:00:00+00:00,22.06,22.279,21.851,22.22,21678,10
2022-06-09 08:00:00+00:00,22.221,22.236,21.797,22.025,18770,9
2022-06-10 08:00:00+00:00,22.025,22.136,21.546,21.67,24648,7
2022-06-11 08:00:00+00:00,21.692,21.988,21.258,21.88,29256,8
2022-06-14 08:00:00+00:00,21.969,21.998,20.956,21.082,34161,7
2022-06-15 08:00:00+00:00,21.065,21.372,20.884,21.024,30493,8
2022-06-16 08:00:00+00:00,21.039,21.837,20.998,21.687,38837,8
2022-06-17 08:00:00+00:00,21.61,21.953,21.337,21.943,35093,8
2022-06-18 08:00:00+00:00,21.886,21.944,21.568,21.681,30678,8
2022-06-21 08:00:00+00:00,21.537,21.752,21.455,21.588,17638,9
2022-06-22 08:00:00+00:00,21.569,21.934,21.485,21.678,23369,9
2022-06-23 08:00:00+00:00,21.666,21.671,21.237,21.409,26541,8
2022-06-24 08:00:00+00:00,21.416,21.497,20.917,20.95,30376,8
2022-06-25 08:00:00+00:00,20.984,21.216,20.595,21.125,33073,7
2022-06-28 08:00:00+00:00,21.208,21.532,21.081,21.146,28844,10
2022-06-29 08:00:00+00:00,21.159,21.356,20.786,20.815,22095,8
2022-06-30 08:00:00+00:00,20.819,21.05,20.622,20.737,30241,8
2022-07-01 08:00:00+00:00,20.74,20.811,20.202,20.27,32987,9
2022-07-02 08:00:00+00:00,20.258,20.279,19.373,19.846,39542,4
2022-07-05 08:00:00+00:00,19.879,19.982,19.756,19.961,20554,3
2022-07-06 08:00:00+00:00,19.946,20.196,19.089,19.218,33827,3
2022-07-07 08:00:00+00:00,19.231,19.382,18.912,19.193,38139,4
2022-07-08 08:00:00+00:00,19.183,19.479,19.085,19.227,30015,4
2022-07-09 08:00:00+00:00,19.199,19.445,19.009,19.307,30541,4
2022-07-12 08:00:00+00:00,19.272,19.364,19.058,19.111,26851,5
2022-07-13 08:00:00+00:00,19.102,19.192,18.735,18.931,29423,4
2022-07-14 08:00:00+00:00,18.91,19.403,18.857,19.208,34192,5
2022-07-15 08:00:00+00:00,19.211,19.218,18.135,18.421,37522,4
2022-07-16 08:00:00+00:00,18.334,18.772,18.177,18.704,31887,4
2022-07-19 08:00:00+00:00,18.713,19.012,18.631,18.69,26434,4
2022-07-20 08:00:00+00:00,18.714,18.894,18.572,18.748,20800,4
2022-07-21 08:00:00+00:00,18.75,19.092,18.638,18.67,22323,4
2022-07-22 08:00:00+00:00,18.684,18.879,18.23,18.85,32233,4
2022-07-23 08:00:00+00:00,18.822,18.943,18.503,18.595,30569,4
2022-07-26 08:00:00+00:00,18.592,18.778,18.307,18.43,22590,4
2022-07-27 08:00:00+00:00,18.421,18.721,18.376,18.622,21628,5
2022-07-28 08:00:00+00:00,18.645,19.127,18.442,19.087,22148,4
2022-07-29 08:00:00+00:00,19.091,20.025,19.045,20.007,31521,4
2022-07-30 08:00:00+00:00,19.971,20.363,19.842,20.343,28587,4
2022-08-02 08:00:00+00:00,20.32,20.497,20.073,20.355,28875,4
2022-08-03 08:00:00+00:00,20.344,20.502,19.942,19.983,33118,5
2022-08-04 08:00:00+00:00,19.979,20.165,19.772,20.06,28990,4
2022-08-05 08:00:00+00:00,20.054,20.381,19.953,20.177,27610,5
2022-08-06 08:00:00+00:00,20.198,20.31,19.546,19.897,28098,5
2022-08-09 08:00:00+00:00,19.882,20.734,19.785,20.67,22251,4
2022-08-10 08:00:00+00:00,20.657,20.73,20.407,20.53,19514,4
2022-08-11 08:00:00+00:00,20.508,20.838,20.34,20.588,24415,4
2022-08-12 08:00:00+00:00,20.594,20.627,20.237,20.305,26254,4
2022-08-13 08:00:00+00:00,20.302,20.826999999999998,20.231,20.803,24119,4
2022-08-16 08:00:00+00:00,20.81,20.866,20.079,20.267,26470,4
2022-08-17 08:00:00+00:00,20.287,20.309,19.906,20.132,22423,4
2022-08-18 08:00:00+00:00,20.141,20.268,19.692,19.791,25896,0
2022-08-19 08:00:00+00:00,19.782,19.937,19.481,19.538,25987,0
2022-08-20 08:00:00+00:00,19.558,19.58,19.021,19.052,23861,0
2022-08-23 08:00:00+00:00,19.023,19.155,18.716,18.989,27395,0
2022-08-24 08:00:00+00:00,18.998,19.278,18.793,19.111,25971,0
2022-08-25 08:00:00+00:00,19.14,19.23,18.95,19.11,24017,0
2022-08-26 08:00:00+00:00,19.113,19.401,19.099,19.249,24128,0
2022-08-27 08:00:00+00:00,19.25,19.428,18.818,18.9,28757,0
2022-08-30 08:00:00+00:00,18.796,18.911,18.496,18.765,22317,0
2022-08-31 08:00:00+00:00,18.766,18.844,18.349,18.43,27729,0
2022-09-01 08:00:00+00:00,18.41,18.538,17.931,17.986,27032,0
2022-09-02 08:00:00+00:00,17.983,18.0,17.553,17.806,31963,0
2022-09-03 08:00:00+00:00,17.798000000000002,18.287,17.778,18.057,27778,0
2022-09-06 08:00:00+00:00,18.021,18.25,17.941,18.14,18349,0
2022-09-07 08:00:00+00:00,18.135,18.582,17.942,17.997,30256,0
2022-09-08 08:00:00+00:00,18.004,18.469,17.847,18.448,25667,0
2022-09-09 08:00:00+00:00,18.451,18.737,18.322,18.534,31755,0
2022-09-10 08:00:00+00:00,18.531,18.943,18.519,18.831,29395,0
2022-09-13 08:00:00+00:00,18.872,20.013,18.835,19.803,30193,0
2022-09-14 08:00:00+00:00,19.786,19.945,19.327,19.334,31786,0
2022-09-15 08:00:00+00:00,19.312,19.694,19.235,19.622,33345,0
2022-09-16 08:00:00+00:00,19.619,19.659,19.108,19.17,32034,0
2022-09-17 08:00:00+00:00,19.15,19.622,18.778,19.561,34237,0
2022-09-20 08:00:00+00:00,19.547,19.65,19.217,19.551,26507,0
2022-09-21 08:00:00+00:00,19.557,19.576999999999998,19.062,19.271,28805,0
2022-09-22 08:00:00+00:00,19.275,19.92,19.233,19.548000000000002,33042,0
2022-09-23 08:00:00+00:00,19.559,19.855,19.249,19.624,40950,0
2022-09-24 08:00:00+00:00,19.618,19.708,18.772,18.865,35209,0
2022-09-27 08:00:00+00:00,18.862,19.03,18.321,18.344,39533,0
2022-09-28 08:00:00+00:00,18.351,18.784,18.318,18.385,33197,0
2022-09-29 08:00:00+00:00,18.383,18.974,17.963,18.884,40011,0
2022-09-30 08:00:00+00:00,18.888,18.911,18.49,18.818,39826,0
2022-10-01 08:00:00+00:00,18.797,19.291,18.771,19.03,39257,0
2022-10-04 08:00:00+00:00,19.025,20.716,19.02,20.7,39370,0
2022-10-05 08:00:00+00:00,20.682,21.24,20.604,21.058,37818,0
2022-10-06 08:00:00+00:00,21.035,21.068,19.937,20.635,35541,0
2022-10-07 08:00:00+00:00,20.638,20.867,20.356,20.649,36855,0
2022-10-08 08:00:00+00:00,20.649,20.826999999999998,19.996,20.126,36113,0
2022-10-11 08:00:00+00:00,20.107,20.182,19.516,19.591,35056,0
2022-10-12 08:00:00+00:00,19.608,19.719,19.062,19.142,37821,0
2022-10-13 08:00:00+00:00,19.15,19.308,18.86,19.017,38708,0
2022-10-14 08:00:00+00:00,19.038,19.308,18.447,18.878,40556,0
2022-10-15 08:00:00+00:00,18.882,19.073,18.086,18.268,40876,0
2022-10-18 08:00:00+00:00,18.241,18.941,18.24,18.662,30230,0
2022-10-19 08:00:00+00:00,18.661,18.922,18.543,18.731,34709,0
2022-10-20 08:00:00+00:00,18.735,18.806,18.36,18.452,30766,0
2022-10-21 08:00:00+00:00,18.443,18.999,18.224,18.674,36428,0
2022-10-22 08:00:00+00:00,18.657,19.385,18.281,19.38,42479,0
2022-10-25 08:00:00+00:00,19.452,19.679,19.012,19.221,44751,0
2022-10-26 08:00:00+00:00,19.224,19.431,18.785,19.335,35216,0
2022-10-27 08:00:00+00:00,19.33,19.776,19.209,19.58,38475,0
2022-10-28 08:00:00+00:00,19.55,19.668,19.286,19.598,39422,0
2022-10-29 08:00:00+00:00,19.603,19.636,18.994,19.26,35844,0
2022-11-01 08:00:00+00:00,19.208,19.252,18.902,19.162,28299,0
2022-11-02 08:00:00+00:00,19.132,20.029,19.123,19.625,35753,0
2022-11-03 08:00:00+00:00,19.635,20.08,19.207,19.222,34829,0
2022-11-04 08:00:00+00:00,19.2,19.542,18.83,19.46,35004,0
2022-11-05 08:00:00+00:00,19.46,20.907,19.409,20.823,42604,0
2022-11-08 08:00:00+00:00,20.54,21.006,20.381,20.796,38037,0
2022-11-09 08:00:00+00:00,20.79,21.625,20.487,21.35,34530,0
2022-11-10 08:00:00+00:00,21.336,21.609,20.991,21.066,42181,0
2022-11-11 08:00:00+00:00,21.022,21.83,20.955,21.676,43551,0
2022-11-12 08:00:00+00:00,21.646,22.06,21.274,21.701999999999998,44228,0
2022-11-15 08:00:00+00:00,21.553,22.086,21.289,21.986,36414,0
2022-11-16 08:00:00+00:00,21.967,22.247,21.383,21.556,47122,0
2022-11-17 08:00:00+00:00,21.539,22.047,21.393,21.465,41028,0
2022-11-18 08:00:00+00:00,21.464,21.473,20.75,20.95,36371,0
2022-11-19 08:00:00+00:00,20.965,21.293,20.839,20.939,32471,0
2022-11-22 08:00:00+00:00,20.974,21.011,20.576999999999998,20.836,32601,0
2022-11-23 08:00:00+00:00,20.841,21.333,20.831,21.079,32971,0
2022-11-24 08:00:00+00:00,21.067,21.592,20.908,21.525,33241,0
2022-11-25 08:00:00+00:00,21.539,21.676,21.454,21.498,22823,0
2022-11-26 08:00:00+00:00,21.473,21.548000000000002,21.159,21.451,24751,0
2022-11-29 08:00:00+00:00,21.36,21.613,20.863,20.932,28728,0
2022-11-30 08:00:00+00:00,20.941,21.448,20.892,21.252,32948,0
2022-12-01 08:00:00+00:00,21.24,22.199,21.196,22.183,37948,0
2022-12-02 08:00:00+00:00,22.193,22.782,22.043,22.742,40713,0
2022-12-03 08:00:00+00:00,22.728,23.233,22.275,23.138,38680,0
2022-12-06 08:00:00+00:00,23.052,23.519,22.164,22.245,37657,0
2022-12-07 08:00:00+00:00,22.234,22.604,22.027,22.193,34962,0
2022-12-08 08:00:00+00:00,22.163,22.815,22.086,22.72,39642,0
2022-12-09 08:00:00+00:00,22.727,23.216,22.545,23.06,31856,0
2022-12-10 08:00:00+00:00,23.09,23.68,22.954,23.462,33454,0
2022-12-13 08:00:00+00:00,23.436,23.531,23.104,23.301,32283,0
2022-12-14 08:00:00+00:00,23.301,24.125,23.286,23.724,39035,0
2022-12-15 08:00:00+00:00,23.723,24.047,23.373,23.927,36850,0
2022-12-16 08:00:00+00:00,23.922,23.936,22.956,23.078,41655,0
2022-12-17 08:00:00+00:00,23.072,23.247,22.55,23.215,38783,0
2022-12-20 08:00:00+00:00,23.194,23.406,22.834,22.984,31563,0
2022-12-21 08:00:00+00:00,22.97,24.249,22.878,24.141,43372,0
2022-12-22 08:00:00+00:00,24.137,24.297,23.826999999999998,23.956,31958,0
2022-12-23 08:00:00+00:00,23.958,24.086,23.377,23.568,33311,0
2022-12-24 08:00:00+00:00,23.557,23.896,23.51,23.731,28739,0
2022-12-28 08:00:00+00:00,23.891,24.281,23.767,24.04,26754,0
2022-12-29 08:00:00+00:00,24.025,24.065,23.46,23.539,27672,0
2022-12-30 08:00:00+00:00,23.54,24.059,23.514,23.899,25921,0
2022-12-31 08:00:00+00:00,23.829,24.147,23.517,23.948,27003,0
2023-01-04 08:00:00+00:00,24.005,24.541,23.878,23.998,37683,0
2023-01-05 08:00:00+00:00,23.977,24.458,23.582,23.751,36716,0
2023-01-06 08:00:00+00:00,23.774,23.91,23.111,23.238,35982,0
2023-01-07 08:00:00+00:00,23.238,23.905,23.177,23.832,33419,0
2023-01-10 08:00:00+00:00,23.89,24.097,23.575,23.65,32660,0
2023-01-11 08:00:00+00:00,23.638,23.764,23.425,23.594,29401,0
2023-01-12 08:00:00+00:00,23.578,24.036,23.214,23.41,29263,0
2023-01-13 08:00:00+00:00,23.394,24.179,23.365,23.766,32816,0
2023-01-14 08:00:00+00:00,23.755,24.291,23.493,24.255,31953,0
2023-01-17 08:00:00+00:00,24.216,24.504,23.925,24.27,19626,0
2023-01-18 08:00:00+00:00,24.265,24.365,23.824,23.921,30495,0
2023-01-19 08:00:00+00:00,23.91,24.344,23.42,23.466,35304,0
2023-01-20 08:00:00+00:00,23.459,23.934,23.161,23.84,30919,0
2023-01-21 08:00:00+00:00,23.844,24.074,23.699,23.904,30487,0
2023-01-24 08:00:00+00:00,23.969,24.156,22.753,23.454,29229,0
2023-01-25 08:00:00+00:00,23.454,23.738,23.209,23.664,26013,0
2023-01-26 08:00:00+00:00,23.65,23.936,23.328,23.904,29885,0
2023-01-27 08:00:00+00:00,23.92,24.289,23.591,23.906,29020,0
2023-01-28 08:00:00+00:00,23.885,24.0,23.294,23.592,24460,0
2023-01-31 08:00:00+00:00,23.586,23.801,23.536,23.597,25511,0
2023-02-01 08:00:00+00:00,23.592,23.764,22.969,23.725,26438,0
2023-02-02 08:00:00+00:00,23.709,24.033,23.359,23.961,29484,0
2023-02-03 08:00:00+00:00,23.966,24.632,23.414,23.462,35939,0
2023-02-04 08:00:00+00:00,23.452,23.6,22.286,22.354,33941,0
2023-02-07 08:00:00+00:00,22.243,22.608,22.151,22.269,29193,0
2023-02-08 08:00:00+00:00,22.258,22.459,22.051,22.167,30441,0
2023-02-09 08:00:00+00:00,22.2,22.534,22.172,22.309,26216,0
2023-02-10 08:00:00+00:00,22.32,22.599,21.909,21.97,27421,0
2023-02-11 08:00:00+00:00,21.965,22.302,21.825,22.006,32949,0
2023-02-14 08:00:00+00:00,22.008,22.081,21.79,21.989,24076,0
2023-02-15 08:00:00+00:00,21.989,22.039,21.601,21.848,34750,0
2023-02-16 08:00:00+00:00,21.851,21.876,21.421,21.618,29853,0
2023-02-17 08:00:00+00:00,21.631,21.807,21.428,21.567,32240,0
2023-02-18 08:00:00+00:00,21.582,21.806,21.176,21.719,30745,0
2023-02-21 08:00:00+00:00,21.696,21.907,21.545,21.812,19888,0
2023-02-22 08:00:00+00:00,21.807,21.973,21.644,21.824,29410,0
2023-02-23 08:00:00+00:00,21.836,21.977,21.435,21.513,31697,0
2023-02-24 08:00:00+00:00,21.505,21.673000000000002,21.262,21.301,28402,0
2023-02-25 08:00:00+00:00,21.325,21.397,20.727,20.748,26078,0
2023-02-28 08:00:00+00:00,20.812,20.839,20.555,20.623,24865,0
2023-03-01 08:00:00+00:00,20.631,21.001,20.415,20.893,24218,0
2023-03-02 08:00:00+00:00,20.888,21.179,20.826,20.983,26033,0
2023-03-03 08:00:00+00:00,20.992,21.012,20.67,20.886,25719,0
2023-03-04 08:00:00+00:00,20.89,21.268,20.835,21.252,24563,0
2023-03-07 08:00:00+00:00,21.191,21.3,20.972,21.043,23502,0
2023-03-08 08:00:00+00:00,21.033,21.138,20.021,20.058,26813,0
2023-03-09 08:00:00+00:00,20.09,20.223,19.907,20.016,26180,0
2023-03-10 08:00:00+00:00,20.029,20.291,19.971,20.06,22051,0
2023-03-11 08:00:00+00:00,20.092,20.791,19.894,20.52,35697,0
2023-03-14 08:00:00+00:00,20.69,21.922,20.586,21.79,47997,0
2023-03-15 08:00:00+00:00,21.802,21.972,21.411,21.677,37652,0
2023-03-16 08:00:00+00:00,21.706,22.382,21.533,21.76,44320,0
2023-03-17 08:00:00+00:00,21.796,22.087,21.465,21.684,38963,0
2023-03-18 08:00:00+00:00,21.71,22.602,21.657,22.579,30518,0
2023-03-21 08:00:00+00:00,22.541,22.713,22.219,22.534,39079,0
2023-03-22 08:00:00+00:00,22.529,22.65,22.153,22.387,29998,0
2023-03-23 08:00:00+00:00,22.372,23.066,22.265,22.984,30650,0
2023-03-24 08:00:00+00:00,22.974,23.218,22.754,23.098,33922,0
2023-03-25 08:00:00+00:00,23.088,23.525,22.957,23.218,35088,0
2023-03-28 08:00:00+00:00,23.259,23.259,22.846,23.067,23507,0
2023-03-29 08:00:00+00:00,23.082,23.376,22.826,23.32,22559,0
2023-03-30 08:00:00+00:00,23.335,23.413,23.046,23.332,18409,0
2023-03-31 08:00:00+00:00,23.318,23.925,23.233,23.897,22682,0
2023-04-01 08:00:00+00:00,23.906,24.157,23.69,24.089,23245,0
2023-04-04 08:00:00+00:00,24.061,24.192,23.562,23.982,26374,0
2023-04-05 08:00:00+00:00,23.974,25.017,23.802,25.001,25294,0
2023-04-06 08:00:00+00:00,24.951999999999998,25.13,24.636,24.944,24445,0
2023-04-07 08:00:00+00:00,24.949,25.009,24.563,24.969,23009,0
2023-04-11 08:00:00+00:00,24.773,25.072,24.713,24.866,18183,0
2023-04-12 08:00:00+00:00,24.838,25.131,24.83,25.046,18687,0
2023-04-13 08:00:00+00:00,25.031,25.667,25.031,25.493,27000,0
2023-04-14 08:00:00+00:00,25.462,25.97,25.385,25.818,25547,0
2023-04-15 08:00:00+00:00,25.824,26.085,25.147,25.38,30365,0
2023-04-18 08:00:00+00:00,25.303,25.605,24.803,25.026,26430,0
2023-04-19 08:00:00+00:00,25.021,25.319,24.927,25.182,20543,0
2023-04-20 08:00:00+00:00,25.187,25.369,24.639,25.285,25196,0
2023-04-21 08:00:00+00:00,25.275,25.493,25.05,25.285,25267,0
2023-04-22 08:00:00+00:00,25.266,25.382,24.895,25.075,27090,0
2023-04-25 08:00:00+00:00,25.053,25.234,24.784,25.154,23146,0
2023-04-26 08:00:00+00:00,25.156,25.359,24.495,25.013,29254,0
2023-04-27 08:00:00+00:00,24.98,25.227,24.722,24.864,25018,0
2023-04-28 08:00:00+00:00,24.884,25.132,24.501,24.923000000000002,25779,0
2023-04-29 08:00:00+00:00,24.913,25.068,24.722,25.045,28056,0
2023-05-02 08:00:00+00:00,25.111,25.91,24.88,24.984,24013,0
2023-05-03 08:00:00+00:00,24.974,25.482,24.576,25.375,26927,0
2023-05-04 08:00:00+00:00,25.366,25.61,25.084,25.56,28202,0
2023-05-05 08:00:00+00:00,25.662,26.058,25.434,26.035,38411,0
2023-05-06 08:00:00+00:00,26.015,26.131,25.166,25.657,25801,0
2023-05-09 08:00:00+00:00,25.667,25.735,25.502,25.548000000000002,19117,0
2023-05-10 08:00:00+00:00,25.543,25.67,25.32,25.595,17879,0
2023-05-11 08:00:00+00:00,25.584,25.916,25.218,25.38,26692,0
2023-05-12 08:00:00+00:00,25.34,25.472,24.135,24.175,29221,0
2023-05-13 08:00:00+00:00,24.17,24.205,23.734,23.969,26686,0
2023-05-16 08:00:00+00:00,23.936,24.21,23.871,24.086,22348,0
2023-05-17 08:00:00+00:00,24.081,24.101,23.63,23.742,26349,0
2023-05-18 08:00:00+00:00,23.737,23.877,23.536,23.736,22440,0
2023-05-19 08:00:00+00:00,23.728,23.778,23.323,23.486,24391,0
2023-05-20 08:00:00+00:00,23.498,24.012,23.391,23.839,24286,0
2023-05-23 08:00:00+00:00,23.864,23.917,23.603,23.624,21847,0
2023-05-24 08:00:00+00:00,23.634,23.649,23.103,23.442,25002,0
2023-05-25 08:00:00+00:00,23.437,23.531,23.026,23.058,25198,0
2023-05-26 08:00:00+00:00,23.063,23.146,22.695,22.727,24530,0
2023-05-27 08:00:00+00:00,22.726,23.333,22.675,23.318,25649,0
2023-05-30 08:00:00+00:00,23.292,23.375,23.153,23.165,19253,0
2023-05-31 08:00:00+00:00,23.14,23.339,22.922,23.187,32134,0
2023-06-01 08:00:00+00:00,23.181,23.615,23.073,23.505,34341,0
2023-06-02 08:00:00+00:00,23.494,23.924,23.276,23.874,31419,0
2023-06-03 08:00:00+00:00,23.864,24.017,23.58,23.606,33453,0
2023-06-06 08:00:00+00:00,23.584,23.687,23.249,23.568,30014,0
2023-06-07 08:00:00+00:00,23.559,23.773,23.336,23.588,28976,0
2023-06-08 08:00:00+00:00,23.596,24.053,23.401,23.434,29690,0
2023-06-09 08:00:00+00:00,23.418,24.357,23.418,24.26,26686,0
2023-06-10 08:00:00+00:00,24.27,24.526,24.193,24.269,24854,0
2023-06-13 08:00:00+00:00,24.232,24.301,23.875,24.053,26543,0
2023-06-14 08:00:00+00:00,24.05,24.402,23.597,23.661,29265,0
2023-06-15 08:00:00+00:00,23.653,24.077,23.65,23.916,26972,0
2023-06-16 08:00:00+00:00,23.903,23.93,23.201,23.878,34055,0
2023-06-17 08:00:00+00:00,23.868,24.208,23.83,24.189,29491,0
2023-06-20 08:00:00+00:00,24.142,24.18,23.885,23.948,19394,0
2023-06-21 08:00:00+00:00,23.974,24.024,23.053,23.134,28279,0
2023-06-22 08:00:00+00:00,23.163,23.171,22.491,22.641,33238,0
2023-06-23 08:00:00+00:00,22.66,22.726,22.173,22.241,30157,0
2023-06-24 08:00:00+00:00,22.236,22.684,22.103,22.416,31000,0
2023-06-27 08:00:00+00:00,22.401,22.888,22.392,22.78,27124,0
2023-06-28 08:00:00+00:00,22.777,23.093,22.749,22.851,27770,0
2023-06-29 08:00:00+00:00,22.851,22.957,22.554,22.684,25671,0
2023-06-30 08:00:00+00:00,22.681,22.881,22.271,22.563,34980,0
2023-07-01 08:00:00+00:00,22.556,22.844,22.341,22.758,28408,0
2023-07-04 08:00:00+00:00,22.753,23.073,22.701,22.898,25327,0
2023-07-05 08:00:00+00:00,22.876,23.057,22.858,22.958,15174,0
2023-07-06 08:00:00+00:00,22.93,23.303,22.768,23.12,24056,0
2023-07-07 08:00:00+00:00,23.118,23.254,22.526,22.706,28835,0
2023-07-08 08:00:00+00:00,22.696,23.152,22.613,23.086,27754,0
2023-07-11 08:00:00+00:00,23.046,23.154,22.747,23.133,22480,0
2023-07-12 08:00:00+00:00,23.128,23.388,23.017,23.108,23442,0
2023-07-13 08:00:00+00:00,23.117,24.152,23.104,24.118,28911,0
2023-07-14 08:00:00+00:00,24.088,24.876,24.082,24.865,26879,0
2023-07-15 08:00:00+00:00,24.841,25.024,24.674,24.927,32172,0
2023-07-18 08:00:00+00:00,24.893,24.943,24.602,24.829,26185,0
2023-07-19 08:00:00+00:00,24.818,25.167,24.767,25.048,29971,0
2023-07-20 08:00:00+00:00,25.046,25.238,24.943,25.146,24835,0
2023-07-21 08:00:00+00:00,25.13,25.266,24.707,24.751,28965,0
2023-07-22 08:00:00+00:00,24.759,24.92,24.587,24.602,29160,0
2023-07-25 08:00:00+00:00,24.595,24.726,24.262,24.337,29927,0
2023-07-26 08:00:00+00:00,24.33,24.722,24.28,24.679,27930,0
2023-07-27 08:00:00+00:00,24.686,25.034,24.514,24.931,29243,0
2023-07-28 08:00:00+00:00,24.915,25.145,24.035,24.125,31793,0
2023-07-29 08:00:00+00:00,24.124,24.406,24.101,24.34,32129,0
2023-08-01 08:00:00+00:00,24.319,24.839,24.188,24.747,23029,0
2023-08-02 08:00:00+00:00,24.748,24.76,24.128,24.285,30530,0
2023-08-03 08:00:00+00:00,24.34,24.491,23.639,23.709,33757,0
2023-08-04 08:00:00+00:00,23.692,23.841,23.402,23.563,33856,0
2023-08-05 08:00:00+00:00,23.555,23.796,23.202,23.622,27743,0
2023-08-08 08:00:00+00:00,23.615,23.68,23.069,23.127,31824,0
2023-08-09 08:00:00+00:00,23.106,23.189,22.658,22.773,21772,0
2023-08-10 08:00:00+00:00,22.756,22.946,22.613,22.659,24710,0
2023-08-11 08:00:00+00:00,22.664,22.997,22.619,22.691,30181,0
2023-08-12 08:00:00+00:00,22.705,22.844,22.572,22.678,25743,0
2023-08-15 08:00:00+00:00,22.673000000000002,22.763,22.363,22.596,24372,0
2023-08-16 08:00:00+00:00,22.585,22.709,22.219,22.52,29585,0
2023-08-17 08:00:00+00:00,22.519,22.783,22.399,22.409,26809,0
2023-08-18 08:00:00+00:00,22.419,23.013,22.35,22.68,27059,0
2023-08-19 08:00:00+00:00,22.683,22.883,22.634,22.739,29201,0
2023-08-22 08:00:00+00:00,22.735,23.318,22.668,23.305,27387,0
2023-08-23 08:00:00+00:00,23.312,23.454,23.208,23.397,29527,0
2023-08-24 08:00:00+00:00,23.401,24.357,23.401,24.306,26503,0
2023-08-25 08:00:00+00:00,24.302,24.352,24.055,24.118,24317,0
2023-08-26 08:00:00+00:00,24.133,24.382,23.919,24.213,34375,0
2023-08-29 08:00:00+00:00,24.206,24.354,24.047,24.229,29084,0
2023-08-30 08:00:00+00:00,24.218,24.796,24.174,24.716,26905,0
2023-08-31 08:00:00+00:00,24.721,25.012,24.532,24.61,29979,0
2023-09-01 08:00:00+00:00,24.619,24.678,24.368,24.431,34396,0
2023-09-02 08:00:00+00:00,24.418,24.823,24.153,24.166,31199,0
2023-09-05 08:00:00+00:00,24.171,24.295,23.961,23.978,19173,0
2023-09-06 08:00:00+00:00,23.976,24.003,23.478,23.537,28132,0
2023-09-07 08:00:00+00:00,23.534,23.595,23.002,23.163,25570,0
2023-09-08 08:00:00+00:00,23.174,23.181,22.838,22.963,21510,0
2023-09-09 08:00:00+00:00,22.964,23.173,22.856,22.921,21877,0
2023-09-12 08:00:00+00:00,22.934,23.222,22.89,23.076,22994,0
2023-09-13 08:00:00+00:00,23.072,23.183,22.835,23.066,20812,0
2023-09-14 08:00:00+00:00,23.063,23.094,22.72,22.826999999999998,23744,0
2023-09-15 08:00:00+00:00,22.825,22.978,22.301,22.64,27895,0
2023-09-16 08:00:00+00:00,22.636,23.29,22.621,23.03,30627,0
2023-09-19 08:00:00+00:00,23.028,23.262,22.96,23.244,23444,0
2023-09-20 08:00:00+00:00,23.243,23.424,23.096,23.195,23579,0
2023-09-21 08:00:00+00:00,23.19,23.585,23.049,23.234,27838,0
2023-09-22 08:00:00+00:00,23.216,23.468,22.802,23.394,33138,0
2023-09-23 08:00:00+00:00,23.386,23.771,23.384,23.545,23937,1
2023-09-26 08:00:00+00:00,23.52,23.643,23.03,23.123,24597,0
2023-09-27 08:00:00+00:00,23.111,23.131,22.838,22.843,21829,1
2023-09-28 08:00:00+00:00,22.832,22.869,22.398,22.536,25412,2
2023-09-29 08:00:00+00:00,22.527,22.724,22.387,22.619,28919,2
2023-09-30 08:00:00+00:00,22.616,23.546,22.108,22.184,28413,0
2023-10-03 08:00:00+00:00,22.166,22.187,21.017,21.041,32959,11
2023-10-04 08:00:00+00:00,21.069,21.386,20.679,21.152,34936,4
2023-10-05 08:00:00+00:00,21.163,21.392,20.681,21.002,33727,3
2023-10-06 08:00:00+00:00,21.0,21.291,20.703,20.968,27082,4
2023-10-07 08:00:00+00:00,20.97,21.615,20.808,21.584,30805,3
2023-10-10 08:00:00+00:00,21.788,22.006,21.561,21.879,30778,1
2023-10-11 08:00:00+00:00,21.871,21.942,21.625,21.834,25017,3
2023-10-12 08:00:00+00:00,21.819,22.117,21.787,22.036,25370,3
2023-10-13 08:00:00+00:00,22.01,22.234,21.744,21.821,24178,1
2023-10-14 08:00:00+00:00,21.813,22.81,21.8,22.701,29851,2
2023-10-17 08:00:00+00:00,22.638,22.72,22.469,22.608,25385,3
2023-10-18 08:00:00+00:00,22.595,23.0,22.362,22.8,26621,2
2023-10-19 08:00:00+00:00,22.802,23.314,22.673000000000002,22.846,28915,3
2023-10-20 08:00:00+00:00,22.836,23.078,22.632,23.05,31612,3
2023-10-21 08:00:00+00:00,23.015,23.69,22.867,23.355,32299,0
2023-10-24 08:00:00+00:00,23.002,23.327,22.909,22.974,26883,5
2023-10-25 08:00:00+00:00,22.947,23.201,22.654,22.908,27494,3
2023-10-26 08:00:00+00:00,22.888,23.013,22.543,22.857,25642,3
2023-10-27 08:00:00+00:00,22.831,23.132,22.432,22.786,28087,4
2023-10-28 08:00:00+00:00,22.788,23.114,22.633,23.104,29357,3
2023-10-31 08:00:00+00:00,23.099,23.598,23.002,23.316,28470,3
2023-11-01 08:00:00+00:00,23.297,23.318,22.725,22.848,29051,2
2023-11-02 08:00:00+00:00,22.826999999999998,23.004,22.529,22.944,29052,0
2023-11-03 08:00:00+00:00,22.922,23.12,22.646,22.763,25334,2
2023-11-04 08:00:00+00:00,22.768,23.296,22.58,23.199,28516,4
2023-11-07 08:00:00+00:00,23.2,23.249,22.98,23.024,25955,3
2023-11-08 08:00:00+00:00,23.015,23.069,22.421,22.622,25412,6
2023-11-09 08:00:00+00:00,22.622,22.837,22.292,22.539,23319,6
2023-11-10 08:00:00+00:00,22.507,22.985,22.355,22.636,28694,6
2023-11-11 08:00:00+00:00,22.626,22.734,22.186,22.252,26382,6
2023-11-14 08:00:00+00:00,22.253,22.357,21.874,22.304,23091,6
2023-11-15 08:00:00+00:00,22.295,23.176,22.286,23.081,25734,6
2023-11-16 08:00:00+00:00,23.058,23.611,23.025,23.434,28446,6
2023-11-17 08:00:00+00:00,23.436,24.068,23.273,23.735,27166,6
2023-11-18 08:00:00+00:00,23.718,24.14,23.657,23.715,25934,6
2023-11-21 08:00:00+00:00,23.668,23.807,23.236,23.427,27821,6
2023-11-22 08:00:00+00:00,23.406,24.008,23.402,23.737,30860,6
2023-11-23 08:00:00+00:00,23.728,23.938,23.529,23.632,29139,6
2023-11-24 08:00:00+00:00,23.586,23.836,23.583,23.785,16935,6
2023-11-25 08:00:00+00:00,23.671,24.337,23.556,24.312,20025,6
2023-11-28 08:00:00+00:00,24.294,24.871,24.256,24.638,31526,7
2023-11-29 08:00:00+00:00,24.605,25.027,24.537,25.021,27451,7
2023-11-30 08:00:00+00:00,24.989,25.252,24.839,25.017,32227,7
2023-12-01 08:00:00+00:00,24.99,25.282,24.917,25.264,28680,7
2023-12-02 08:00:00+00:00,25.273,25.513,25.081,25.452,30925,7
2023-12-05 08:00:00+00:00,25.419,25.943,24.405,24.492,47142,7
2023-12-06 08:00:00+00:00,24.497,24.629,23.957,24.151,34892,7
2023-12-07 08:00:00+00:00,24.148,24.352,23.866,23.894,30495,7
2023-12-08 08:00:00+00:00,23.878,24.021,23.574,23.801,29961,7
2023-12-09 08:00:00+00:00,23.794,23.888,22.928,22.993,33387,7
2023-12-12 08:00:00+00:00,22.992,23.097,22.71,22.813,26734,7
2023-12-13 08:00:00+00:00,22.806,23.143,22.679,22.762,26332,7
2023-12-14 08:00:00+00:00,22.756,23.806,22.502,23.799,30034,7
2023-12-15 08:00:00+00:00,23.768,24.211,23.741,24.171,39438,7
2023-12-16 08:00:00+00:00,24.16,24.278,23.745,23.849,35672,7
2023-12-19 08:00:00+00:00,23.823,24.047,23.653,23.796,31521,4
2023-12-20 08:00:00+00:00,23.786,24.163,23.753,24.044,30310,6
2023-12-21 08:00:00+00:00,24.041,24.43,23.945,24.137,31362,7
2023-12-22 08:00:00+00:00,24.11,24.476,24.11,24.393,30369,6
2023-12-23 08:00:00+00:00,24.405,24.595,23.19,24.179,33886,7
2023-12-27 08:00:00+00:00,24.178,24.409,24.053,24.221,22617,7
2023-12-28 08:00:00+00:00,24.218,24.45,23.94,24.265,30419,5
2023-12-29 08:00:00+00:00,24.263,24.477,23.931,23.967,31565,6
2023-12-30 08:00:00+00:00,23.966,23.978,23.529,23.785,27677,7
2024-01-03 08:00:00+00:00,23.804,24.091,23.622,23.652,34200,6
2024-01-04 08:00:00+00:00,23.642,23.724,22.826999999999998,22.974,38943,7
2024-01-05 08:00:00+00:00,22.981,23.062,22.678,23.004,30842,7
2024-01-06 08:00:00+00:00,23.003,23.509,22.569,23.177,39425,7
2024-01-09 08:00:00+00:00,23.116,23.204,22.83,23.1,32635,7
2024-01-10 08:00:00+00:00,23.1,23.365,22.883,22.969,32170,7
2024-01-11 08:00:00+00:00,22.964,23.098,22.762,22.893,29516,6
2024-01-12 08:00:00+00:00,22.879,23.405,22.465,22.746,37298,7
2024-01-13 08:00:00+00:00,22.745,23.523,22.741,23.182,36865,6
2024-01-16 08:00:00+00:00,23.125,23.324,23.102,23.212,18505,7
2024-01-17 08:00:00+00:00,23.214,23.22,22.848,22.91,35864,4
2024-01-18 08:00:00+00:00,22.904,23.619,22.497,22.551,33736,6
2024-01-19 08:00:00+00:00,22.528,22.758,22.402,22.735,32593,5
2024-01-20 08:00:00+00:00,22.729,22.834,22.454,22.603,30969,5
2024-01-23 08:00:00+00:00,22.592,22.646,21.916,22.09,32697,6
2024-01-24 08:00:00+00:00,22.074,22.454,22.039,22.436,30196,4
2024-01-25 08:00:00+00:00,22.425,22.954,22.325,22.663,34555,5
2024-01-26 08:00:00+00:00,22.651,23.019,22.632,22.909,35089,4
2024-01-27 08:00:00+00:00,22.892,22.98,22.691,22.797,26920,6
2024-01-30 08:00:00+00:00,22.895,23.211,22.761,23.193,28717,6
2024-01-31 08:00:00+00:00,23.19,23.296,22.93,23.157,28000,6
2024-02-01 08:00:00+00:00,23.153,23.316,22.77,22.927,35930,3
2024-02-02 08:00:00+00:00,22.925,23.246,22.503,23.172,38968,6
2024-02-03 08:00:00+00:00,23.166,23.242,22.391,22.684,36145,5
2024-02-06 08:00:00+00:00,22.719,22.719,22.234,22.348,35495,6
2024-02-07 08:00:00+00:00,22.333,22.479,22.25,22.426,37500,6
2024-02-08 08:00:00+00:00,22.424,22.44,22.175,22.208,42473,5
2024-02-09 08:00:00+00:00,22.19,22.627,22.134,22.578,42499,6
2024-02-10 08:00:00+00:00,22.576999999999998,22.716,22.352,22.607,37575,6
2024-02-13 08:00:00+00:00,22.574,23.066,22.508,22.689,36492,4
2024-02-14 08:00:00+00:00,22.668,22.95,21.977,22.113,47003,6
2024-02-15 08:00:00+00:00,22.11,22.45,21.926,22.365,42483,6
2024-02-16 08:00:00+00:00,22.361,23.029,22.334,22.924,45418,6
2024-02-17 08:00:00+00:00,22.919,23.498,22.782,23.415,45384,6
2024-02-20 08:00:00+00:00,23.39,23.44,22.927,22.959,30896,5
2024-02-21 08:00:00+00:00,22.954,23.183,22.908,23.0,40327,4
2024-02-22 08:00:00+00:00,22.98,23.174,22.746,22.882,45473,5
2024-02-23 08:00:00+00:00,22.872,23.157,22.723,22.739,45815,6
2024-02-24 08:00:00+00:00,22.718,22.991,22.554,22.94,45937,6
2024-02-27 08:00:00+00:00,22.921,22.923000000000002,22.437,22.515,44367,6
2024-02-28 08:00:00+00:00,22.512,22.705,22.411,22.451,36690,6
2024-02-29 08:00:00+00:00,22.445,22.512,22.272,22.459,19422,6
2024-03-01 08:00:00+00:00,22.456,22.785,22.308,22.664,21856,6
2024-03-02 08:00:00+00:00,22.651,23.267,22.505,23.137,24957,6
2024-03-05 08:00:00+00:00,23.108,23.941,23.018,23.885,29114,6
2024-03-06 08:00:00+00:00,23.894,24.225,23.62,23.667,34005,5
2024-03-07 08:00:00+00:00,23.665,24.301,23.569,24.164,33531,5
2024-03-08 08:00:00+00:00,24.157,24.5,24.007,24.321,33426,5
2024-03-09 08:00:00+00:00,24.309,24.629,24.173,24.307,39246,5
2024-03-12 08:00:00+00:00,24.367,24.52,24.238,24.462,34520,5
2024-03-13 08:00:00+00:00,24.458,24.681,24.004,24.136,48128,5
2024-03-14 08:00:00+00:00,24.123,25.029,24.069,25.009,40708,5
2024-03-15 08:00:00+00:00,25.0,25.155,24.735,24.805,40459,6
2024-03-16 08:00:00+00:00,24.8,25.444,24.782,25.178,41699,6
2024-03-19 08:00:00+00:00,25.09,25.326,24.943,25.035,32847,6
2024-03-20 08:00:00+00:00,25.039,25.152,24.726,24.907,36483,6
2024-03-21 08:00:00+00:00,24.893,25.639,24.743,25.576,45828,6
2024-03-22 08:00:00+00:00,25.565,25.774,24.639,24.733,59569,6
2024-03-23 08:00:00+00:00,24.721,24.944,24.401,24.664,42201,6
2024-03-26 08:00:00+00:00,24.633,24.887,24.552,24.672,35681,6
2024-03-27 08:00:00+00:00,24.646,24.889,24.362,24.448,43170,6
2024-03-28 08:00:00+00:00,24.432,24.657,24.324,24.643,34981,5
2024-03-29 08:00:00+00:00,24.611,25.005,24.388,24.957,48661,6
2024-04-02 08:00:00+00:00,24.949,25.381,24.741,25.078,46849,6
2024-04-03 08:00:00+00:00,25.096,26.164,25.066,26.131,51807,6
2024-04-04 08:00:00+00:00,26.145,27.179,26.102,27.175,64150,7
2024-04-05 08:00:00+00:00,27.162,27.335,26.669,26.903,54442,7
2024-04-06 08:00:00+00:00,26.933,27.493,26.279,27.456,69525,7
2024-04-09 08:00:00+00:00,27.423,28.079,26.857,27.845,86133,7
2024-04-10 08:00:00+00:00,27.83,28.322,27.613,28.146,81038,6
2024-04-11 08:00:00+00:00,28.149,28.518,27.526,27.92,91148,6
2024-04-12 08:00:00+00:00,27.925,28.496,27.746,28.441,71679,7
2024-04-13 08:00:00+00:00,28.43,29.791,27.917,27.925,106205,7
2024-04-16 08:00:00+00:00,28.077,28.886,27.585,28.864,99104,7
2024-04-17 08:00:00+00:00,28.852,29.012,27.949,28.093,87155,6
2024-04-18 08:00:00+00:00,28.077,28.802,28.063,28.21,75370,7
2024-04-19 08:00:00+00:00,28.195,28.655,28.134,28.231,69588,7
2024-04-20 08:00:00+00:00,28.215,28.937,28.065,28.666,88003,7
2024-04-23 08:00:00+00:00,28.662,28.701999999999998,27.11,27.186,71249,7
2024-04-24 08:00:00+00:00,27.165,27.38,26.665,27.3,80227,7
2024-04-25 08:00:00+00:00,27.28,27.487,27.028,27.158,55110,7
2024-04-26 08:00:00+00:00,27.149,27.575,26.973,27.433,71016,7
2024-04-27 08:00:00+00:00,27.416,27.73,27.083,27.205,65083,7
2024-04-30 08:00:00+00:00,27.181,27.434,26.94,27.135,56439,7
2024-05-01 08:00:00+00:00,27.131,27.137,26.241,26.287,65797,7
2024-05-02 08:00:00+00:00,26.286,26.968,26.229,26.642,73408,7
2024-05-03 08:00:00+00:00,26.65,26.814,26.012,26.671,53393,7
2024-05-04 08:00:00+00:00,26.66,26.869,26.111,26.555,62086,7
2024-05-07 08:00:00+00:00,26.554,27.479,26.428,27.441,49784,7
2024-05-08 08:00:00+00:00,27.439,27.518,27.152,27.229,43912,7
2024-05-09 08:00:00+00:00,27.204,27.476,27.007,27.327,42572,7
2024-05-10 08:00:00+00:00,27.313,28.338,27.285,28.327,48217,7
2024-05-11 08:00:00+00:00,28.323,28.763,28.035,28.171,61820,7
2024-05-14 08:00:00+00:00,28.189,28.382,27.962,28.194,51251,7
2024-05-15 08:00:00+00:00,28.171,28.743,28.076,28.604,54670,6
2024-05-16 08:00:00+00:00,28.584,29.737,28.429,29.66,68071,6
2024-05-17 08:00:00+00:00,29.63,29.842,29.325,29.576999999999998,61058,6
2024-05-18 08:00:00+00:00,29.574,31.595,29.456,31.432,73899,2
2024-05-21 08:00:00+00:00,31.514,32.513,30.941,31.817,85353,7
2024-05-22 08:00:00+00:00,31.817,32.501,31.063,31.975,68776,7
2024-05-23 08:00:00+00:00,31.973,32.202,30.748,30.786,73442,7
2024-05-24 08:00:00+00:00,30.777,30.981,30.059,30.12,84072,7
2024-05-25 08:00:00+00:00,30.117,30.621,30.039,30.347,55121,7
2024-05-28 08:00:00+00:00,30.32,31.847,30.318,31.606,45544,9
2024-05-29 08:00:00+00:00,31.599,32.244,31.238,32.087,75522,7
2024-05-30 08:00:00+00:00,32.078,32.299,31.6,31.944,70810,7
2024-05-31 08:00:00+00:00,31.933,32.094,31.004,31.137,85426,8
2024-06-01 08:00:00+00:00,31.159,31.768,30.188,30.381,91693,9
2024-06-04 08:00:00+00:00,30.39,30.798000000000002,29.768,30.703,80265,10
2024-06-05 08:00:00+00:00,30.716,30.885,29.372,29.472,84675,6
2024-06-06 08:00:00+00:00,29.484,30.042,29.387,29.977,66291,10
2024-06-07 08:00:00+00:00,29.997,31.339,29.964,31.298,71302,10
2024-06-08 08:00:00+00:00,31.298,31.542,29.113,29.148,96167,10
2024-06-11 08:00:00+00:00,29.182,29.815,29.111,29.726,51039,10
2024-06-12 08:00:00+00:00,29.785,29.856,29.025,29.262,60961,10
2024-06-13 08:00:00+00:00,29.27,30.25,29.176,29.712,79919,10
2024-06-14 08:00:00+00:00,29.701,29.715,28.653,28.945,75295,10
2024-06-15 08:00:00+00:00,28.929,29.57,28.825,29.544,68873,10
2024-06-18 08:00:00+00:00,29.534,29.556,29.02,29.451,52801,10
2024-06-19 08:00:00+00:00,29.449,29.671,28.919,29.53,62795,8
2024-06-20 08:00:00+00:00,29.523,29.784,29.336,29.751,36340,10
2024-06-21 08:00:00+00:00,29.727,30.785,29.712,30.725,68397,10
2024-06-22 08:00:00+00:00,30.714,30.848,29.463,29.532,73881,10
2024-06-25 08:00:00+00:00,29.457,29.724,29.342,29.567,53415,10
2024-06-26 08:00:00+00:00,29.555,29.656,28.839,28.901,57623,9
2024-06-27 08:00:00+00:00,28.891,29.068,28.564,28.758,58198,9
2024-06-28 08:00:00+00:00,28.767,29.248,28.676,28.967,54823,9
2024-06-29 08:00:00+00:00,28.958,29.621,28.766,29.13,58121,9
2024-07-02 08:00:00+00:00,29.152,29.476,28.954,29.441,52367,9
2024-07-03 08:00:00+00:00,29.443,29.817,29.198,29.513,52882,9
2024-07-04 08:00:00+00:00,29.508,30.666,29.472,30.491,58563,9
2024-07-05 08:00:00+00:00,30.44,30.582,30.2,30.386,32618,9
2024-07-06 08:00:00+00:00,30.395,31.488,30.099,31.2,69822,8
2024-07-09 08:00:00+00:00,31.114,31.368,30.427,30.751,60027,5
2024-07-10 08:00:00+00:00,30.749,31.147,30.508,30.79,63643,8
2024-07-11 08:00:00+00:00,30.784,31.156,30.648,30.811,52752,8
2024-07-12 08:00:00+00:00,30.8,31.748,30.8,31.448,69287,8
2024-07-13 08:00:00+00:00,31.434,31.436,30.381,30.794,68747,8
2024-07-16 08:00:00+00:00,30.747,31.091,30.521,30.672,61602,8
2024-07-17 08:00:00+00:00,30.663,31.4,30.483,31.24,61354,8
2024-07-18 08:00:00+00:00,31.214,31.423,30.04,30.294,78928,8
2024-07-19 08:00:00+00:00,30.265,30.587,29.741,29.822,67043,8
2024-07-20 08:00:00+00:00,29.795,29.835,28.869,29.198,72284,8
2024-07-23 08:00:00+00:00,29.162,29.425,28.742,29.123,63168,9
2024-07-24 08:00:00+00:00,29.113,29.295,28.662,29.23,58407,9
2024-07-25 08:00:00+00:00,29.226,29.446,28.886,28.891,62975,9
2024-07-26 08:00:00+00:00,28.859,28.915,27.406,27.845,98518,9
2024-07-27 08:00:00+00:00,27.834,28.071,27.584,27.919,65811,9
2024-07-30 08:00:00+00:00,27.884,28.188,27.304,27.85,68494,8
2024-07-31 08:00:00+00:00,27.852,28.408,27.545,28.375,67382,8
2024-08-01 08:00:00+00:00,28.364,29.035,28.233,28.996,80365,8
2024-08-02 08:00:00+00:00,28.986,29.151,28.214,28.515,89812,8
2024-08-03 08:00:00+00:00,28.53,29.221,27.94,28.547,108785,8
2024-08-06 08:00:00+00:00,28.607,28.669,26.5,27.24,142050,5
2024-08-07 08:00:00+00:00,27.212,27.563,26.594,26.962,92870,8
2024-08-08 08:00:00+00:00,26.966,27.263,26.571,26.604,75916,8
2024-08-09 08:00:00+00:00,26.527,27.603,26.413,27.533,76336,8
2024-08-10 08:00:00+00:00,27.541,27.759,27.254,27.454,65387,8
2024-08-13 08:00:00+00:00,27.422,28.038,27.213,27.95,57751,8
2024-08-14 08:00:00+00:00,27.944,28.05,27.45,27.845,54014,8
2024-08-15 08:00:00+00:00,27.852,28.022,27.174,27.558,67338,8
2024-08-16 08:00:00+00:00,27.529,28.514,27.472,28.352,66846,8
2024-08-17 08:00:00+00:00,28.335,29.0,28.037,28.99,65409,8
2024-08-20 08:00:00+00:00,29.004,29.48,28.717,29.438,60734,8
2024-08-21 08:00:00+00:00,29.433,29.967,29.2,29.43,67496,8
2024-08-22 08:00:00+00:00,29.418,29.733,29.194,29.598,60381,7
2024-08-23 08:00:00+00:00,29.589,29.675,28.782,28.978,69805,7
2024-08-24 08:00:00+00:00,28.983,29.884,28.941,29.822,70820,7
2024-08-27 08:00:00+00:00,29.802,30.187,29.65,29.901,61235,7
2024-08-28 08:00:00+00:00,29.889,30.085,29.69,29.965,58250,7
2024-08-29 08:00:00+00:00,29.951,30.098,29.075,29.125,57831,7
2024-08-30 08:00:00+00:00,29.096,29.68,29.096,29.415,61172,7
2024-08-31 08:00:00+00:00,29.401,29.585,28.685,28.847,66433,7
2024-09-03 08:00:00+00:00,28.818,28.969,28.321,28.538,36757,7
2024-09-04 08:00:00+00:00,28.541,28.566,27.701,28.043,69500,7
2024-09-05 08:00:00+00:00,28.036,28.353,27.768,28.265,61019,7
2024-09-06 08:00:00+00:00,28.26,29.174,28.206,28.816,66788,7
2024-09-07 08:00:00+00:00,28.794,29.11,27.682,27.928,87413,7
2024-09-10 08:00:00+00:00,27.903,28.359,27.697,28.341,58368,7
2024-09-11 08:00:00+00:00,28.329,28.55,28.029,28.395,59446,7
2024-09-12 08:00:00+00:00,28.38,28.869,28.065,28.67,75550,7
2024-09-13 08:00:00+00:00,28.668,29.908,28.528,29.867,72192,7
2024-09-14 08:00:00+00:00,29.864,30.917,29.843,30.706,64743,7
2024-09-17 08:00:00+00:00,30.701,31.092,30.588,30.729,49837,7
2024-09-18 08:00:00+00:00,30.707,30.986,30.511,30.695,53229,7
2024-09-19 08:00:00+00:00,30.694,31.233,29.699,30.068,83818,7
2024-09-20 08:00:00+00:00,30.086,31.292,29.903,30.781,92669,7
2024-09-21 08:00:00+00:00,30.739,31.428,30.729,31.156,75480,7
2024-09-24 08:00:00+00:00,31.205,31.212,30.351,30.686,67955,7
2024-09-25 08:00:00+00:00,30.689,32.262,30.648,32.092,87040,7
2024-09-26 08:00:00+00:00,32.093,32.282,31.563,31.802,80411,7
2024-09-27 08:00:00+00:00,31.796,32.706,31.74,32.009,95603,7
2024-09-28 08:00:00+00:00,32.002,32.294,31.355,31.638,92594,7
2024-10-01 08:00:00+00:00,31.634,31.843,30.877,31.15,82377,7
2024-10-02 08:00:00+00:00,31.133,31.845,31.106,31.429,74284,7
2024-10-03 08:00:00+00:00,31.399,32.298,30.993,31.826999999999998,68997,7
2024-10-04 08:00:00+00:00,31.818,32.212,31.408,32.02,71238,7
2024-10-05 08:00:00+00:00,31.997,32.954,31.497,32.183,78301,7
2024-10-08 08:00:00+00:00,32.179,32.325,31.412,31.681,65375,7
2024-10-09 08:00:00+00:00,31.678,31.769,30.117,30.664,101665,7
2024-10-10 08:00:00+00:00,30.628,30.777,30.215,30.492,76889,6
2024-10-11 08:00:00+00:00,30.485,31.185,30.353,31.155,81221,6
2024-10-12 08:00:00+00:00,31.144,31.631,31.057,31.521,57545,6
2024-10-15 08:00:00+00:00,31.184,31.541,30.719,31.173,59343,6
2024-10-16 08:00:00+00:00,31.175,31.688,30.755,31.494,106324,3
2024-10-17 08:00:00+00:00,31.494,32.173,31.409,31.669,67698,6
2024-10-18 08:00:00+00:00,31.673000000000002,32.017,31.309,31.688,80344,6
2024-10-19 08:00:00+00:00,31.68,33.754,31.629,33.713,82144,6
2024-10-22 08:00:00+00:00,33.714,34.268,33.454,33.781,93340,6
2024-10-23 08:00:00+00:00,33.78,34.86,33.77,34.845,113483,6
2024-10-24 08:00:00+00:00,34.836,34.841,33.421,33.696,88755,6
2024-10-25 08:00:00+00:00,33.696,34.298,33.237,33.661,80182,6
2024-10-26 08:00:00+00:00,33.662,34.015,33.083,33.674,113143,6
2024-10-29 08:00:00+00:00,33.455,33.986,33.224,33.667,95327,6
2024-10-30 08:00:00+00:00,33.666,34.54,33.583,34.449,87010,6
2024-10-31 08:00:00+00:00,34.45,34.519,33.407,33.766,83944,7
2024-11-01 08:00:00+00:00,33.767,33.894,32.502,32.656,87850,7
2024-11-02 08:00:00+00:00,32.637,33.12,32.328,32.437,73182,7
2024-11-05 08:00:00+00:00,32.373,32.874,32.285,32.45,71910,7
2024-11-06 08:00:00+00:00,32.433,32.918,32.241,32.644,67429,7
2024-11-07 08:00:00+00:00,32.644,32.723,30.825,31.17,142312,7
2024-11-08 08:00:00+00:00,31.169,32.154,30.869,32.042,131430,7
2024-11-09 08:00:00+00:00,32.043,32.06,31.186,31.291,133174,7
2024-11-12 08:00:00+00:00,31.241,31.561,30.421,30.68,88392,6
2024-11-13 08:00:00+00:00,30.678,30.818,30.184,30.708,97923,6
2024-11-14 08:00:00+00:00,30.712,31.144,30.281,30.302,97214,6
2024-11-15 08:00:00+00:00,30.302,30.649,29.674,30.438,108078,6
2024-11-16 08:00:00+00:00,30.439,30.813,30.176,30.234,129793,6
2024-11-19 08:00:00+00:00,30.275,31.266,30.251,31.165,78871,6
2024-11-20 08:00:00+00:00,31.165,31.533,31.043,31.203,85431,6
2024-11-21 08:00:00+00:00,31.206,31.328,30.771,30.851,71557,6
2024-11-22 08:00:00+00:00,30.85,31.307,30.64,30.792,113608,6
2024-11-23 08:00:00+00:00,30.791,31.403,30.731,31.32,124250,5
2024-11-26 08:00:00+00:00,31.283,31.468,30.061,30.298,96329,5
2024-11-27 08:00:00+00:00,30.285,30.69,29.978,30.432,78551,5
2024-11-28 08:00:00+00:00,30.433,30.7,29.972,30.088,109185,5
2024-11-29 08:00:00+00:00,30.087,30.289,29.637,30.217,76758,5
2024-11-30 08:00:00+00:00,30.219,30.892,30.18,30.603,61942,5
2024-12-03 08:00:00+00:00,30.591,30.674,30.052,30.498,71424,5
2024-12-04 08:00:00+00:00,30.494,31.087,30.456,31.02,73382,5
2024-12-05 08:00:00+00:00,31.018,31.475,30.465,31.284,109172,5
2024-12-06 08:00:00+00:00,31.286,31.419,31.01,31.323,120527,5
2024-12-07 08:00:00+00:00,31.317,31.434,30.822,30.963,86733,5
2024-12-10 08:00:00+00:00,30.992,32.273,30.863,31.822,89193,5
2024-12-11 08:00:00+00:00,31.82,32.088,31.7,31.895,108699,5
2024-12-12 08:00:00+00:00,31.893,32.183,31.47,31.903,113340,5
2024-12-13 08:00:00+00:00,31.802,32.343,30.874,30.959,75781,5
2024-12-14 08:00:00+00:00,30.96,31.095,30.285,30.55,67764,5
2024-12-17 08:00:00+00:00,30.535,30.751,30.462,30.516,48354,5
2024-12-18 08:00:00+00:00,30.496,30.6,30.145,30.529,52729,5
2024-12-19 08:00:00+00:00,30.53,30.572,29.302,29.351,72120,5
2024-12-20 08:00:00+00:00,29.345,29.704,28.738,29.032,79917,5
2024-12-21 08:00:00+00:00,28.995,29.69,28.806,29.51,71685,5
2024-12-24 08:00:00+00:00,29.345,29.867,29.345,29.618,55730,5
2024-12-25 08:00:00+00:00,29.606,29.789,29.47,29.624,31671,5
2024-12-27 08:00:00+00:00,29.516,29.868,29.493,29.781,33677,5
2024-12-28 08:00:00+00:00,29.655,29.886,29.311,29.372,47304,5
2024-12-31 08:00:00+00:00,29.299,29.522,28.791,28.951999999999998,45394,5
2025-01-01 08:00:00+00:00,28.937,29.025,28.767,28.895,42694,5
2025-01-03 08:00:00+00:00,28.898,29.59,28.855,29.554,68676,5
2025-01-04 08:00:00+00:00,29.555,29.891,29.491,29.625,93569,5
2025-01-07 08:00:00+00:00,29.524,30.341,29.404,29.937,76262,5
2025-01-08 08:00:00+00:00,29.938,30.382,29.876,30.035,294983,5
2025-01-09 08:00:00+00:00,30.037,30.344,29.801,30.103,136015,5
2025-01-10 08:00:00+00:00,30.101,30.47,29.994,30.108,76296,5
2025-01-11 08:00:00+00:00,30.024,30.656,29.932,30.385,68364,5
2025-01-14 08:00:00+00:00,30.426,30.489,29.501,29.621,59411,5
2025-01-15 08:00:00+00:00,29.618,29.966,29.509,29.888,84794,5
2025-01-16 08:00:00+00:00,29.886,30.745,29.73,30.626,54176,5
2025-01-17 08:00:00+00:00,30.629,30.964,30.514,30.801,93485,5
2025-01-18 08:00:00+00:00,30.79,30.832,30.123,30.326,54970,5
2025-01-21 08:00:00+00:00,30.23,30.615,29.982,30.475,43812,5
2025-01-22 08:00:00+00:00,30.483,30.852,30.182,30.825,53598,5
2025-01-23 08:00:00+00:00,30.826,30.951999999999998,30.559,30.801,78402,5
2025-01-24 08:00:00+00:00,30.802,30.857,30.085,30.43,85443,5
2025-01-25 08:00:00+00:00,30.43,31.02,30.427,30.601,57694,5
2025-01-28 08:00:00+00:00,30.46,30.62,29.698,30.199,63914,5
2025-01-29 08:00:00+00:00,30.2,30.488,29.882,30.397,46482,5
2025-01-30 08:00:00+00:00,30.404,30.983,30.281,30.826,67698,5
2025-01-31 08:00:00+00:00,30.825,31.726,30.799,31.627,138485,5
2025-02-01 08:00:00+00:00,31.605,31.705,31.09,31.305,69430,5
2025-02-04 08:00:00+00:00,31.431,31.675,30.678,31.564,105861,5
2025-02-05 08:00:00+00:00,31.511,32.375,31.352,32.124,62965,5
2025-02-06 08:00:00+00:00,32.113,32.551,31.926,32.296,72509,5
2025-02-07 08:00:00+00:00,32.295,32.42,31.736,32.208,139614,5
2025-02-08 08:00:00+00:00,32.201,32.645,31.767,31.783,128579,5
2025-02-11 08:00:00+00:00,31.701,32.333,31.613,32.027,52117,5
2025-02-12 08:00:00+00:00,31.961,32.242,31.249,31.803,63586,5
2025-02-13 08:00:00+00:00,31.812,32.361,31.489,32.216,63238,5
2025-02-14 08:00:00+00:00,32.21,32.413,31.986,32.31,62685,5
2025-02-15 08:00:00+00:00,32.187,33.392,32.065,32.138,85227,5
2025-02-18 08:00:00+00:00,32.151,32.486,31.909,32.354,41474,5
2025-02-19 08:00:00+00:00,32.349,32.915,32.07,32.866,58189,5
2025-02-20 08:00:00+00:00,32.862,33.071,32.438,32.691,98213,5
2025-02-21 08:00:00+00:00,32.717,33.207,32.578,32.936,58674,5
2025-02-22 08:00:00+00:00,32.938,33.063,32.486,32.491,123190,5
2025-02-25 08:00:00+00:00,32.444,32.757,32.089,32.346,70826,5
2025-02-26 08:00:00+00:00,32.298,32.481,31.284,31.725,85118,5
2025-02-27 08:00:00+00:00,31.669,31.953,31.49,31.836,65540,5
2025-02-28 08:00:00+00:00,31.834,31.937,31.181,31.252,111052,5
2025-03-01 08:00:00+00:00,31.267,31.397,30.803,31.141,71999,5
2025-03-04 08:00:00+00:00,31.057,31.84,31.056,31.684,76890,5
2025-03-05 08:00:00+00:00,31.677,32.012,31.462,31.954,82732,5
2025-03-06 08:00:00+00:00,31.967,32.706,31.768,32.613,94250,5
2025-03-07 08:00:00+00:00,32.614,32.761,32.255,32.621,115711,5
2025-03-08 08:00:00+00:00,32.623,32.694,32.101,32.505,124941,5
2025-03-11 08:00:00+00:00,32.467,32.665,31.933,32.094,141115,5
2025-03-12 08:00:00+00:00,32.094,32.972,31.802,32.928,94752,5
2025-03-13 08:00:00+00:00,32.965,33.316,32.702,33.254,112460,5
2025-03-14 08:00:00+00:00,33.228,33.957,32.93,33.864,84864,5
2025-03-15 08:00:00+00:00,33.914,34.075,33.525,33.741,78728,5
2025-03-18 08:00:00+00:00,33.849,33.894,33.433,33.842,78631,5
2025-03-19 08:00:00+00:00,33.839,34.232,33.742,33.987,72967,5
2025-03-20 08:00:00+00:00,33.987,34.09,33.447,33.789,72710,5
2025-03-21 08:00:00+00:00,33.789,33.943,33.098,33.569,62493,5
2025-03-22 08:00:00+00:00,33.576,33.589,32.659,33.02,71888,5
2025-03-25 08:00:00+00:00,33.035,33.3,32.862,33.002,80562,5
2025-03-26 08:00:00+00:00,33.015,33.8,32.914,33.711,50868,5
2025-03-27 08:00:00+00:00,33.737,33.925,33.507,33.635,59340,0
2025-03-28 08:00:00+00:00,33.635,34.467,33.546,34.407,98077,0
2025-03-29 08:00:00+00:00,34.416,34.578,33.925,34.095,86798,0
2025-04-01 08:00:00+00:00,34.117,34.464,33.5,34.071,97090,5
2025-04-02 08:00:00+00:00,34.052,34.204,33.47,33.668,87688,5
2025-04-03 08:00:00+00:00,33.692,34.138,33.601,34.02,82995,5
2025-04-04 08:00:00+00:00,34.02,34.02,31.715,31.82,141442,5
2025-04-05 08:00:00+00:00,31.824,31.982,29.185,29.56,171200,5
2025-04-08 08:00:00+00:00,28.95,30.817,28.218,30.06,195518,5
2025-04-09 08:00:00+00:00,30.059,30.529,29.619,29.8,130852,5
2025-04-10 08:00:00+00:00,29.799,31.047,29.331,30.983,519075,5
2025-04-11 08:00:00+00:00,30.98,31.31,30.566,31.227,199051,5
2025-04-12 08:00:00+00:00,31.229,32.279,30.904,32.267,203576,5
2025-04-15 08:00:00+00:00,32.244,32.396,31.733,32.337,85896,5
2025-04-16 08:00:00+00:00,32.349,32.398,32.09,32.3,60586,5
2025-04-17 08:00:00+00:00,32.313,33.109,32.267,32.733,98256,5
2025-04-18 08:00:00+00:00,32.734,32.936,32.078,32.522,476880,5
2025-04-22 08:00:00+00:00,32.342,33.047,32.299,32.656,72388,11
2025-04-23 08:00:00+00:00,32.66,33.145,32.275,32.463,106986,5
2025-04-24 08:00:00+00:00,32.463,33.671,32.088,33.549,103951,5
2025-04-25 08:00:00+00:00,33.549,33.677,33.167,33.562,73637,5
2025-04-26 08:00:00+00:00,33.584,33.679,32.773,33.072,73736,5
2025-04-29 08:00:00+00:00,33.066,33.191,32.651,33.141,71374,5
2025-04-30 08:00:00+00:00,33.141,33.53,32.802,32.915,63884,5
2025-05-01 08:00:00+00:00,32.9,33.103,32.178,32.601,77606,5
2025-05-02 08:00:00+00:00,32.592,32.668,31.667,32.4,74493,5
2025-05-03 08:00:00+00:00,32.399,32.71,31.931,31.997,108144,5
2025-05-06 08:00:00+00:00,32.002,32.669,31.972,32.473,62590,5
2025-05-07 08:00:00+00:00,32.479,33.242,32.434,33.222,73695,5
2025-05-08 08:00:00+00:00,33.221,33.252,32.245,32.442,121065,5
2025-05-09 08:00:00+00:00,32.441,32.943,32.218,32.451,112857,5
2025-05-10 08:00:00+00:00,32.452,32.866,32.216,32.717,111998,5
2025-05-13 08:00:00+00:00,32.34,32.99,31.888,32.586,97414,5
2025-05-14 08:00:00+00:00,32.59,33.224,32.515,32.898,75745,5
2025-05-15 08:00:00+00:00,32.894,32.972,32.083,32.208,76498,5
2025-05-16 08:00:00+00:00,32.218,32.64,31.651,32.629,71721,5
2025-05-17 08:00:00+00:00,32.642,32.687,31.864,32.269,69526,5
2025-05-20 08:00:00+00:00,32.298,32.621,32.233,32.344,57142,5
2025-05-21 08:00:00+00:00,32.343,33.124,32.122,33.092,60564,5
2025-05-22 08:00:00+00:00,33.094,33.57,32.919,33.386,105950,5
2025-05-23 08:00:00+00:00,33.386,33.695,32.609,33.032,79152,5
2025-05-24 08:00:00+00:00,33.033,33.541,32.895,33.474,107259,5
2025-05-27 08:00:00+00:00,33.391,33.561,33.234,33.479,37231,5
2025-05-28 08:00:00+00:00,33.472,33.52,32.756,33.248,59590,5
2025-05-29 08:00:00+00:00,33.249,33.433,32.895,32.956,85520,5
2025-05-30 08:00:00+00:00,32.962,33.494,32.689,33.307,65927,5
2025-05-31 08:00:00+00:00,33.319,33.336,32.761,32.964,62242,5
2025-06-03 08:00:00+00:00,33.016,34.788,32.954,34.736,71611,5
2025-06-04 08:00:00+00:00,34.735,34.76,33.955,34.499,81323,5
2025-06-05 08:00:00+00:00,34.499,34.644,34.177,34.491,52628,5
2025-06-06 08:00:00+00:00,34.492,36.067,34.428,35.637,127718,5
2025-06-07 08:00:00+00:00,35.629,36.331,35.603,35.995,79238,5
2025-06-10 08:00:00+00:00,36.02,36.884,35.91,36.747,68835,5
2025-06-11 08:00:00+00:00,36.747,36.824,36.302,36.538,69958,5
2025-06-12 08:00:00+00:00,36.536,36.638,36.016,36.237,109335,5
2025-06-13 08:00:00+00:00,36.236,36.449,35.444,36.343,118105,5
2025-06-14 08:00:00+00:00,36.345,36.639,35.97,36.309,160729,5
2025-06-17 08:00:00+00:00,36.343,36.535,36.046,36.303,74082,5
2025-06-18 08:00:00+00:00,36.301,37.251,36.132,37.116,80213,5
2025-06-19 08:00:00+00:00,37.133,37.309,36.527,36.73,73714,5
2025-06-20 08:00:00+00:00,36.668,36.782,36.203,36.392,53751,5
2025-06-21 08:00:00+00:00,36.331,36.427,35.504,35.967,76916,5
2025-06-24 08:00:00+00:00,35.965,36.361,35.799,36.07,82263,4
2025-06-25 08:00:00+00:00,36.068,36.196,35.276,35.908,121381,5
2025-06-26 08:00:00+00:00,35.918,36.324,35.671,36.255,85097,5
2025-06-27 08:00:00+00:00,36.255,36.828,36.227,36.638,81224,5
2025-06-28 08:00:00+00:00,36.651,36.72,35.788,35.967,94242,5
2025-07-01 08:00:00+00:00,35.96,36.234,35.414,36.098,61477,5
2025-07-02 08:00:00+00:00,36.07,36.615,35.802,36.02,66920,5
2025-07-03 08:00:00+00:00,36.029,36.581,35.864,36.543,59461,5
2025-07-04 08:00:00+00:00,36.548,37.072,36.334,36.83,59513,5
2025-07-05 08:00:00+00:00,36.845,36.955,36.617,36.927,32265,5
2025-07-08 08:00:00+00:00,36.904,37.223,36.15,36.762,69213,5
2025-07-09 08:00:00+00:00,36.76,36.879,36.285,36.731,96484,5
2025-07-10 08:00:00+00:00,36.743,36.761,36.264,36.383,92511,5
2025-07-11 08:00:00+00:00,36.375,37.12,36.347,36.964,100962,5
2025-07-12 08:00:00+00:00,36.962,38.528,36.893,38.324,129329,0
2025-07-15 08:00:00+00:00,38.332,39.126,38.061,38.082,89464,0
2025-07-16 08:00:00+00:00,38.091,38.379,37.587,37.691,67410,2
2025-07-17 08:00:00+00:00,37.689,38.085,37.499,37.905,103913,2
2025-07-18 08:00:00+00:00,37.826,38.163,37.531,38.131,57710,2
2025-07-19 08:00:00+00:00,38.009,38.44,37.998,38.205,58159,2
2025-07-22 08:00:00+00:00,37.931,39.054,37.918,38.929,65080,2
2025-07-23 08:00:00+00:00,38.548,39.311,38.548,39.279,73110,2
2025-07-24 08:00:00+00:00,39.234,39.526,39.038,39.256,83142,12
2025-07-25 08:00:00+00:00,39.28,39.344,38.682,39.042,75995,12
2025-07-26 08:00:00+00:00,39.016,39.19,37.943,38.15,76438,12
2025-07-29 08:00:00+00:00,37.853,38.327,37.846,38.147,66144,12
2025-07-30 08:00:00+00:00,38.136,38.287,37.9,38.19,65612,12
2025-07-31 08:00:00+00:00,38.221,38.239,36.778,37.11,87285,12
2025-08-01 08:00:00+00:00,37.11,37.266,36.204,36.699,81077,12
2025-08-02 08:00:00+00:00,36.709,37.178,36.354,37.001,86591,12
2025-08-05 08:00:00+00:00,37.024,37.473,36.665,37.403,59120,12
2025-08-06 08:00:00+00:00,37.41,37.875,37.3,37.798,55655,12
2025-08-07 08:00:00+00:00,37.807,37.943,37.605,37.815,50814,12
2025-08-08 08:00:00+00:00,37.836,38.501,37.811,38.249,80297,12
2025-08-09 08:00:00+00:00,38.261,38.478,37.946,38.291,83718,12
2025-08-12 08:00:00+00:00,38.256,38.402,37.542,37.602,69884,12
2025-08-13 08:00:00+00:00,37.561,38.015,37.49,37.903,62537,12
2025-08-14 08:00:00+00:00,37.853,38.64,37.84,38.485,46558,12
2025-08-15 08:00:00+00:00,38.531,38.731,37.829,37.997,71071,12
2025-08-16 08:00:00+00:00,38.009,38.097,37.675,37.971,53859,12
2025-08-19 08:00:00+00:00,38.005,38.265,37.809,38.018,49917,12
2025-08-20 08:00:00+00:00,37.953,38.145,37.271,37.378,56878,12
2025-08-21 08:00:00+00:00,37.327,37.935,36.953,37.881,54848,12
2025-08-22 08:00:00+00:00,37.922,38.202,37.527,38.122,52238,12
2025-08-23 08:00:00+00:00,38.07,39.059,37.686,38.855,63811,12
2025-08-26 08:00:00+00:00,38.87,38.992,38.52,38.557,47327,12
2025-08-27 08:00:00+00:00,38.538,38.849,38.331,38.6,64220,12
2025-08-28 08:00:00+00:00,38.555,38.695,38.073,38.57,56859,12
2025-08-29 08:00:00+00:00,38.532,39.118,38.532,39.025,58693,12
2025-08-30 08:00:00+00:00,38.981,39.964,38.713,39.654,66552,12
2025-09-02 08:00:00+00:00,39.699,40.756,39.509,40.687,87782,12
2025-09-03 08:00:00+00:00,40.631,40.928,40.132,40.881,117082,12
2025-09-04 08:00:00+00:00,40.846,41.456,40.62,41.186,114505,12
2025-09-05 08:00:00+00:00,41.138,41.222,40.392,40.648,114698,12
2025-09-06 08:00:00+00:00,40.587,41.412,40.544,40.97,109381,12
2025-09-09 08:00:00+00:00,40.944,41.661,40.521,41.318,107347,12
2025-09-10 08:00:00+00:00,41.274,41.475,40.776,40.859,115223,12
2025-09-11 08:00:00+00:00,40.859,41.285,40.706,41.129,86561,12
2025-09-12 08:00:00+00:00,41.13,41.759,40.869,41.525,128097,12
2025-09-13 08:00:00+00:00,41.524,42.46,41.386,42.149,118525,12
2025-09-16 08:00:00+00:00,42.137,42.731,41.998,42.654,74709,12
2025-09-17 08:00:00+00:00,42.654,42.961,42.247,42.535,86952,12
2025-09-18 08:00:00+00:00,42.535,42.632,41.106,41.649,114409,12
2025-09-19 08:00:00+00:00,41.653,41.966,41.186,41.788,165099,12
2025-09-20 08:00:00+00:00,41.788,43.075,41.644,43.053,73953,12
2025-09-23 08:00:00+00:00,43.098,44.11,43.017,44.046,94532,12
2025-09-24 08:00:00+00:00,44.046,44.457,43.632,44.027,106536,12
2025-09-25 08:00:00+00:00,43.982,44.308,43.664,43.904,96255,12
2025-09-26 08:00:00+00:00,43.907,45.219,43.763,45.17,147311,12
2025-09-27 08:00:00+00:00,45.17,46.624,44.595,46.043,123181,12
2025-09-30 08:00:00+00:00,46.135,47.175,45.939,46.923,154674,12
2025-10-01 08:00:00+00:00,46.912,47.166,45.797,46.654,191412,12
2025-10-02 08:00:00+00:00,46.654,47.82,46.621,47.288,139917,12
2025-10-03 08:00:00+00:00,47.289,48.045,45.905,46.937,165983,12
2025-10-04 08:00:00+00:00,46.937,48.368,46.637,47.956,109447,12
2025-10-07 08:00:00+00:00,48.053,48.761,47.935,48.504,125931,10
2025-10-08 08:00:00+00:00,48.504,48.642,47.333,47.816,139137,12
2025-10-09 08:00:00+00:00,47.816,49.543,47.733,48.848,141105,12
2025-10-10 08:00:00+00:00,48.852,51.243,48.351,49.269,185580,8
2025-10-11 08:00:00+00:00,48.886,51.132,48.653,50.063,196876,12
2025-10-14 08:00:00+00:00,50.196,52.449,49.896,52.39,155941,12
2025-10-15 08:00:00+00:00,52.387,53.528,50.129,51.338,348521,14
2025-10-16 08:00:00+00:00,51.338,53.165,51.338,52.921,185485,21
2025-10-17 08:00:00+00:00,52.921,54.162,52.421,54.044,204720,21
2025-10-18 08:00:00+00:00,54.042,54.453,50.606,51.565,361850,16
2025-10-21 08:00:00+00:00,51.49,52.764,51.132,52.234,229319,22
2025-10-22 08:00:00+00:00,52.324,52.602,47.822,48.628,277665,22
2025-10-23 08:00:00+00:00,48.517,49.294,47.32,48.419,275826,22
2025-10-24 08:00:00+00:00,48.415,49.449,47.89,48.829,698472,22
2025-10-25 08:00:00+00:00,48.759,49.022,47.816,48.536,164772,22
2025-10-28 08:00:00+00:00,48.447,48.683,46.063,46.727,203224,22
2025-10-29 08:00:00+00:00,46.728,47.244,45.538,47.032,189219,22
2025-10-30 08:00:00+00:00,47.044,48.439,46.79,47.554,176983,22
2025-10-31 08:00:00+00:00,47.559,48.974,47.248,48.895,165913,22
2025-11-01 08:00:00+00:00,48.8,49.353,48.355,48.632,194426,22
2025-11-04 08:00:00+00:00,48.481,49.093,47.999,48.07,152106,22
2025-11-05 08:00:00+00:00,48.068,48.211,46.845,47.134,157224,22
2025-11-06 08:00:00+00:00,47.155,48.258,46.828,47.997,135996,22
2025-11-07 08:00:00+00:00,47.272,48.782,47.199,47.986,125522,22
2025-11-08 08:00:00+00:00,47.569,48.864,47.394,48.293,144838,22
2025-11-11 08:00:00+00:00,48.158,50.595,47.718,50.473,166746,22
2025-11-12 08:00:00+00:00,50.473,51.239,50.268,51.188,159817,17
2025-11-13 08:00:00+00:00,51.214,53.66,50.846,53.242,212619,16
2025-11-14 08:00:00+00:00,53.242,54.382,52.05,52.301,230691,12
2025-11-15 08:00:00+00:00,52.301,53.551,50.039,50.538,239509,18
2025-11-18 08:00:00+00:00,50.551,51.298,49.561,50.19,207839,19
2025-11-19 08:00:00+00:00,50.168,51.17,49.339,50.653,192695,12
2025-11-20 08:00:00+00:00,50.656,52.457,50.351,51.31,202697,17
2025-11-21 08:00:00+00:00,51.306,51.843,50.206,50.617,253188,12
2025-11-22 08:00:00+00:00,50.616,50.842,48.62,49.952,271633,12
2025-11-25 08:00:00+00:00,50.148,51.403,49.693,51.328,157858,18
2025-11-26 08:00:00+00:00,51.354,51.736,50.679,51.427,175839,20
2025-11-27 08:00:00+00:00,51.427,53.375,51.281,53.333,150038,14
2025-11-28 08:00:00+00:00,53.333,53.899,52.676,53.382,100166,14
2025-11-29 08:00:00+00:00,53.369,56.531,53.234,56.395,80246,14
2025-12-02 08:00:00+00:00,56.118,58.827,56.118,57.976,240164,22
2025-12-03 08:00:00+00:00,57.973,58.633,56.577,58.423,231978,21
2025-12-04 08:00:00+00:00,58.439,58.966,57.527,58.482,192022,22
2025-12-05 08:00:00+00:00,58.376,58.738,56.437,57.111,194823,22
2025-12-06 08:00:00+00:00,57.109,59.315,56.87,58.308,230495,22
2025-12-09 08:00:00+00:00,58.154,59.429,57.5,58.127,164298,21
2025-12-10 08:00:00+00:00,58.126,60.824,57.581,60.642,208475,22
2025-12-11 08:00:00+00:00,60.643,61.935,60.078,61.793,208313,22
2025-12-12 08:00:00+00:00,61.793,64.303,61.423,63.5,214121,22
2025-12-13 08:00:00+00:00,63.503,64.651,60.789,61.926,601517,16
2025-12-16 08:00:00+00:00,61.542,64.157,61.193,64.052,208506,16
2025-12-17 08:00:00+00:00,64.04,64.141,62.145,63.728,255416,18
2025-12-18 08:00:00+00:00,63.734,66.882,63.668,66.215,260930,18
2025-12-19 08:00:00+00:00,66.216,66.609,64.613,65.443,256675,20
2025-12-20 08:00:00+00:00,65.443,67.451,64.463,67.127,193139,20
2025-12-23 08:00:00+00:00,67.345,69.438,67.063,69.03,182877,22
2025-12-24 08:00:00+00:00,69.03,71.566,68.817,71.403,202820,3
2025-12-25 08:00:00+00:00,71.41,72.698,70.173,71.817,194069,22
2025-12-27 08:00:00+00:00,72.741,79.324,72.057,79.045,261692,22
2025-12-30 08:00:00+00:00,79.713,83.879,70.507,72.11,328214,9
2025-12-31 08:00:00+00:00,72.107,78.05,71.154,76.142,735611,22
2026-01-01 08:00:00+00:00,76.135,76.439,70.052,71.506,737902,22
2026-01-02 08:00:00+00:00,71.504,71.506,71.504,71.504,11444015,129
2026-01-03 08:00:00+00:00,71.506,74.556,70.984,72.764,699324,22
2026-01-06 08:00:00+00:00,73.697,77.859,72.771,76.579,241185,0
2026-01-07 08:00:00+00:00,76.693,81.415,75.884,81.254,246135,14
2026-01-08 08:00:00+00:00,81.248,82.738,76.347,78.159,304687,16
2026-01-09 08:00:00+00:00,78.159,79.013,73.83,76.909,256882,16
2026-01-10 08:00:00+00:00,76.904,80.511,75.478,79.901,271358,17
2026-01-13 08:00:00+00:00,80.728,86.232,79.734,85.025,275893,19
2026-01-14 08:00:00+00:00,85.04,89.117,83.294,86.91,759261,14
2026-01-15 08:00:00+00:00,87.04,93.497,86.82,93.193,308401,16
2026-01-16 08:00:00+00:00,93.186,93.658,86.298,92.361,809002,0
2026-01-17 08:00:00+00:00,92.355,92.807,86.854,90.038,312192,15
2026-01-20 08:00:00+00:00,90.934,94.658,90.238,94.317,168187,0
2026-01-21 08:00:00+00:00,94.364,95.872,92.575,94.546,274241,22
2026-01-22 08:00:00+00:00,94.761,95.557,90.332,92.916,280291,16
2026-01-23 08:00:00+00:00,92.922,96.587,90.801,96.167,280994,22
2026-01-24 08:00:00+00:00,96.169,103.363,96.154,103.255,331617,22
2026-01-27 08:00:00+00:00,104.306,117.724,101.893,103.886,397064,10
2026-01-28 08:00:00+00:00,103.68,113.474,102.951,112.053,391016,0
2026-01-29 08:00:00+00:00,112.004,117.438,110.507,116.784,345901,8
2026-01-30 08:00:00+00:00,116.685,121.628,106.68,115.699,429627,0
2026-01-31 08:00:00+00:00,115.926,118.456,73.565,84.717,480121,0
2026-02-03 08:00:00+00:00,82.964,87.917,71.344,79.181,457139,0
2026-02-04 08:00:00+00:00,79.574,89.154,78.519,85.241,403658,29
2026-02-05 08:00:00+00:00,85.16,92.2,83.223,88.108,307970,24
2026-02-06 08:00:00+00:00,87.626,90.411,70.607,70.98,399180,10
2026-02-07 08:00:00+00:00,70.976,78.13,64.055,77.773,314872,23
2026-02-10 08:00:00+00:00,78.626,84.007,78.481,83.437,263978,31
2026-02-11 08:00:00+00:00,83.468,84.04,79.947,80.689,243781,32
2026-02-12 08:00:00+00:00,80.815,86.285,80.566,84.249,236960,30
2026-02-13 08:00:00+00:00,84.409,84.989,74.403,75.261,259344,32
2026-02-14 08:00:00+00:00,75.067,79.332,73.961,77.404,251868,32
2026-02-17 08:00:00+00:00,78.257,78.649,74.338,76.612,106573,26
2026-02-18 08:00:00+00:00,76.079,76.882,71.967,73.466,250134,26
2026-02-19 08:00:00+00:00,73.155,78.334,72.294,77.086,185865,26
2026-02-20 08:00:00+00:00,77.333,79.465,76.46,78.417,182311,26
2026-02-21 08:00:00+00:00,78.536,84.644,77.441,84.536,207283,3
2026-02-24 08:00:00+00:00,84.386,89.034,84.268,88.182,208848,22
2026-02-25 08:00:00+00:00,88.314,88.909,84.955,87.131,257260,22
2026-02-26 08:00:00+00:00,86.979,91.274,86.573,89.11,233614,22
2026-02-27 08:00:00+00:00,89.338,90.346,85.237,88.27,279484,0
2026-02-28 08:00:00+00:00,88.788,94.145,87.806,93.71,268519,22
2026-03-03 08:00:00+00:00,95.491,96.815,86.51,89.41,354533,22
2026-03-04 08:00:00+00:00,89.271,91.331,77.947,82.095,393470,22
2026-03-05 08:00:00+00:00,82.02,86.794,81.255,83.498,303755,22
2026-03-06 08:00:00+00:00,83.383,85.54,80.505,82.225,319405,22
2026-03-07 08:00:00+00:00,82.286,84.963,81.667,84.417,300970,21
2026-03-10 08:00:00+00:00,84.673,87.004,79.622,86.975,342087,17
2026-03-11 08:00:00+00:00,86.696,89.988,85.886,88.326,270565,22
2026-03-12 08:00:00+00:00,88.26,89.41,84.44,85.743,220012,22
2026-03-13 08:00:00+00:00,85.802,87.449,83.016,83.847,252724,22
2026-03-14 08:00:00+00:00,83.722,85.446,79.419,80.495,267760,22
2026-03-17 08:00:00+00:00,80.025,81.629,77.062,80.719,300170,0
2026-03-18 08:00:00+00:00,80.819,82.535,78.239,79.268,223161,19
2026-03-19 08:00:00+00:00,79.216,80.182,75.005,75.383,268778,20
2026-03-20 08:00:00+00:00,75.435,76.687,65.488,72.782,362222,8
2026-03-21 08:00:00+00:00,72.997,74.54,67.677,67.856,349225,20
2026-03-24 08:00:00+00:00,67.178,70.777,60.986,69.101,471174,4
2026-03-25 08:00:00+00:00,69.182,71.231,66.005,71.168,387357,20
2026-03-26 08:00:00+00:00,71.316,74.557,70.889,71.225,300113,18
2026-03-27 08:00:00+00:00,71.319,72.202,66.698,67.939,271965,18
2026-03-28 08:00:00+00:00,68.218,71.618,67.383,69.733,205360,20
2026-03-31 08:00:00+00:00,69.569,71.737,67.671,70.108,204611,14
2026-04-01 08:00:00+00:00,70.043,75.349,69.02,75.087,203954,13
2026-04-02 08:00:00+00:00,75.327,76.12,73.749,75.081,179170,20
2026-04-03 08:00:00+00:00,75.027,75.867,69.541,72.967,204881,20
2026-04-07 08:00:00+00:00,72.333,73.565,71.183,72.787,160236,20
2026-04-08 08:00:00+00:00,72.842,73.319,69.796,72.931,181846,14
2026-04-09 08:00:00+00:00,73.231,77.628,72.83,74.071,186404,20
2026-04-10 08:00:00+00:00,74.237,76.615,72.874,75.266,152028,17
2026-04-11 08:00:00+00:00,75.792,76.83,74.807,75.905,141288,2
2026-04-14 08:00:00+00:00,74.764,75.851,72.575,75.555,163870,20
2026-04-15 08:00:00+00:00,75.35,79.665,75.349,79.547,154154,20
2026-04-16 08:00:00+00:00,79.354,81.0,78.216,78.939,165639,20
2026-04-17 08:00:00+00:00,78.952,80.839,78.044,78.416,145883,18
2026-04-18 08:00:00+00:00,78.603,83.042,77.758,80.898,150042,20
2026-04-21 08:00:00+00:00,79.922,80.662,78.626,79.713,170613,20
2026-04-22 08:00:00+00:00,79.934,80.202,75.401,76.663,179877,1
2026-04-23 08:00:00+00:00,76.805,78.668,76.647,77.694,150401,18
2026-04-24 08:00:00+00:00,77.794,78.379,74.218,75.421,204302,18
2026-04-25 08:00:00+00:00,75.415,76.658,73.927,75.669,185385,20
2026-04-28 08:00:00+00:00,75.64,76.564,74.641,75.482,150894,20
2026-04-29 08:00:00+00:00,75.472,76.137,72.027,73.09,161612,20
2026-04-30 08:00:00+00:00,73.05,73.931,70.844,71.289,163818,15
2026-05-01 08:00:00+00:00,71.446,73.901,71.208,73.72,167556,20
2026-05-02 08:00:00+00:00,73.661,76.953,72.966,75.327,128201,13
2026-05-05 08:00:00+00:00,75.835,76.101,72.182,72.698,165812,14
2026-05-06 08:00:00+00:00,72.804,74.179,72.391,72.794,123696,20
2026-05-07 08:00:00+00:00,72.85,77.795,72.63,77.339,178645,20
2026-05-08 08:00:00+00:00,77.413,82.123,76.974,78.52,179942,19
2026-05-09 08:00:00+00:00,78.481,81.556,78.013,80.336,170598,20
2026-05-12 08:00:00+00:00,79.627,86.212,79.055,86.078,176954,20
2026-05-13 08:00:00+00:00,86.117,87.193,83.024,86.529,191073,20
2026-05-14 08:00:00+00:00,86.415,89.353,85.608,87.461,183937,18
2026-05-15 08:00:00+00:00,87.737,88.433,83.097,83.501,176269,20
2026-05-16 08:00:00+00:00,83.545,83.874,75.717,75.894,217519,20
2026-05-19 08:00:00+00:00,75.479,78.187,73.853,77.658,212296,20
2026-05-20 08:00:00+00:00,77.723,78.884,73.08,73.675,187998,20
2026-05-21 08:00:00+00:00,73.997,76.608,73.108,75.828,191445,20
2026-05-22 08:00:00+00:00,75.772,77.107,74.402,76.647,192803,20
2026-05-23 08:00:00+00:00,76.697,77.026,74.953,75.449,154955,20
2026-05-26 08:00:00+00:00,76.31,78.811,76.079,78.05,114110,20
2026-05-27 08:00:00+00:00,77.883,78.46,75.483,76.933,150970,19
2026-05-28 08:00:00+00:00,77.098,77.512,73.438,74.626,149730,20
2026-05-29 08:00:00+00:00,74.725,76.012,71.782,75.63,164646,20
2026-05-30 08:00:00+00:00,75.502,76.657,74.58,75.262,140890,20
2026-06-02 08:00:00+00:00,75.226,76.277,73.237,74.829,145235,20
2026-06-03 08:00:00+00:00,74.714,76.99,74.466,75.113,135977,20
2026-06-04 08:00:00+00:00,75.174,75.32,72.602,72.707,151558,20
2026-06-05 08:00:00+00:00,72.906,75.057,72.45,73.874,152938,20
2026-06-06 08:00:00+00:00,73.775,74.114,67.559,67.782,187412,20
2026-06-09 08:00:00+00:00,67.371,68.919,66.148,68.164,212280,15
2026-06-10 08:00:00+00:00,68.231,69.016,64.344,65.311,194258,8
2026-06-11 08:00:00+00:00,64.848,65.742,63.294,63.393,228918,13
2026-06-12 08:00:00+00:00,63.288,67.551,61.477,67.315,229731,20
2026-06-13 08:00:00+00:00,67.423,68.337,65.864,68.012,199053,20
2026-06-16 08:00:00+00:00,68.936,71.306,68.585,69.957,149104,18
2026-06-17 08:00:00+00:00,69.85,71.187,69.052,70.023,137720,20
2026-06-18 08:00:00+00:00,70.084,71.542,66.782,67.922,152679,20
2026-06-19 08:00:00+00:00,67.77,69.837,65.051,65.703,170567,20
2026-06-20 08:00:00+00:00,65.759,65.866,63.262,64.813,113023,20
2026-06-23 08:00:00+00:00,63.549,67.132,63.549,65.081,157920,20
2026-06-24 08:00:00+00:00,65.005,65.185,61.317,61.533,174011,20
2026-06-25 08:00:00+00:00,61.394,62.355,55.582,57.413,202511,20
2026-06-26 08:00:00+00:00,57.531,59.009,56.33,57.836,195885,20
2026-06-27 08:00:00+00:00,57.81,59.557,55.68,58.949,185675,20
2026-06-30 08:00:00+00:00,58.677,59.482,57.405,58.287,145461,0
2026-07-01 08:00:00+00:00,58.284,60.422,56.595,58.569,153027,4
2026-07-02 08:00:00+00:00,58.477,60.999,57.152,59.104,140372,12
2026-07-03 08:00:00+00:00,59.197,62.055,58.898,60.957,161020,10
2026-07-04 08:00:00+00:00,61.061,62.868,60.892,62.353,89841,30
2026-07-07 08:00:00+00:00,62.613,63.246,61.338,62.054,115145,30
2026-07-08 08:00:00+00:00,62.087,62.14,59.417,60.222,110522,30
2026-07-09 08:00:00+00:00,59.801,61.006,57.195,58.397,134478,30
2026-07-10 08:00:00+00:00,58.362,60.596,57.569,59.884,73257,30
2026-07-11 08:00:00+00:00,59.981,60.745,58.854,59.674,108006,30
2026-07-14 08:00:00+00:00,59.18,59.37,57.245,57.677,129696,30
2026-07-15 08:00:00+00:00,57.598,59.653,56.847,58.784,119115,30
2026-07-16 08:00:00+00:00,58.702,59.051,56.594,57.721,94557,30
2026-07-17 08:00:00+00:00,57.775,57.889,55.307,55.714,111495,30
2026-07-18 08:00:00+00:00,55.584,56.187,54.748,56.146,120158,30
2026-07-21 08:00:00+00:00,55.779,57.468,55.491,56.413,95051,16
2026-07-22 08:00:00+00:00,56.469,59.242,56.087,58.721,82928,16
2026-07-23 08:00:00+00:00,58.754,60.932,58.713,59.645,83096,18
2026-07-24 08:00:00+00:00,59.566,60.065,57.045,57.574,91131,16
2026-07-25 08:00:00+00:00,57.654,58.971,57.067,58.193,78725,16
2026-07-28 08:00:00+00:00,59.611,60.087,58.163,58.55,78004,16
2026-07-29 08:00:00+00:00,58.509,58.556,56.628,57.174,76903,16
2026-07-30 08:00:00+00:00,57.153,59.26,56.739,57.243,84182,8
2026-07-31 08:00:00+00:00,57.612,59.25,56.928,59.187,85461,16
2026-08-01 08:00:00+00:00,59.017,59.156,57.022,57.917,71327,16
2026-08-04 08:00:00+00:00,58.568,58.609,56.555,58.062,73845,16
2026-08-05 08:00:00+00:00,58.167,60.052,57.967,59.564,71130,16
2026-08-06 08:00:00+00:00,59.531,62.774,59.375,62.029,75584,18
2026-08-07 08:00:00+00:00,62.084,62.909,60.868,61.784,76144,18
2026-08-08 08:00:00+00:00,61.553,65.132,61.141,63.613,80088,18
2026-08-11 08:00:00+00:00,63.653,66.067,62.965,65.722,75828,18
2026-08-12 08:00:00+00:00,65.707,66.483,64.218,64.758,77528,18
2026-08-13 08:00:00+00:00,64.71,66.797,64.68,65.36,77110,18
2026-08-14 08:00:00+00:00,65.237,66.292,64.203,64.381,72966,18
2026-08-15 08:00:00+00:00,64.439,65.699,63.489,64.722,70812,18
2026-08-18 08:00:00+00:00,64.87,66.548,64.65,65.897,70591,18
2026-08-19 08:00:00+00:00,65.698,66.554,63.341,63.553,72587,18
2026-08-20 08:00:00+00:00,63.258,66.437,62.544,66.389,77936,18
2026-08-21 08:00:00+00:00,66.988,68.992,65.628,68.27,82794,18
2026-08-22 08:00:00+00:00,68.089,70.018,67.892,69.386,76733,18
2026-08-25 08:00:00+00:00,69.069,69.917,68.295,68.816,86326,18
2026-08-26 08:00:00+00:00,68.955,69.931,67.439,68.93,82152,18
2026-08-27 08:00:00+00:00,68.677,69.731,67.516,68.14,78267,18
2026-08-28 08:00:00+00:00,68.207,69.724,67.626,69.454,73447,15
2026-08-29 08:00:00+00:00,69.272,71.174,66.1,66.452,90684,18
2026-09-01 08:00:00+00:00,65.717,67.458,65.57,66.574,77404,18
2026-09-02 08:00:00+00:00,66.594,67.077,64.009,64.094,86481,18
2026-09-03 08:00:00+00:00,64.199,65.575,63.281,65.358,80619,18
2026-09-04 08:00:00+00:00,65.355,67.467,65.191,67.016,78602,18
2026-09-05 08:00:00+00:00,66.921,67.191,64.728,66.209,72808,18
2026-09-08 08:00:00+00:00,65.679,66.736,65.392,66.144,54638,18
2026-09-09 08:00:00+00:00,66.237,67.162,65.523,65.728,82377,18
2026-09-10 08:00:00+00:00,65.725,68.326,65.489,67.228,79619,18
2026-09-11 08:00:00+00:00,67.293,67.929,63.515,63.653,87723,18
2026-09-12 08:00:00+00:00,63.582,65.281,62.732,64.357,85006,18
2026-09-15 08:00:00+00:00,63.956,64.469,62.325,62.956,85203,18
2026-09-16 08:00:00+00:00,63.328,63.943,62.549,63.67,75920,11
2026-09-17 08:00:00+00:00,63.689,64.931,62.29,63.155,85086,18
2026-09-18 08:00:00+00:00,62.982,66.151,62.83,65.299,84358,18
