timestamp,open,high,low,close,volume,spread
2015-03-31 08:00:00+00:00,740.18,746.8,723.27,729.37,3584,0
2015-04-01 08:00:00+00:00,727.77,739.02,724.07,735.52,3311,0
2015-04-02 08:00:00+00:00,734.19,750.59,733.09,748.19,3074,0
2015-04-03 08:00:00+00:00,748.26,755.5,741.04,746.26,2950,0
2015-04-07 08:00:00+00:00,747.94,774.12,747.94,768.41,2699,0
2015-04-08 08:00:00+00:00,768.07,777.82,764.72,769.71,2997,0
2015-04-09 08:00:00+00:00,769.38,773.08,753.95,755.25,2919,0
2015-04-10 08:00:00+00:00,755.36,765.01,752.6,763.05,3131,0
2015-04-11 08:00:00+00:00,762.09,779.48,759.97,777.21,2692,0
2015-04-14 08:00:00+00:00,778.35,787.56,765.55,770.3,3007,0
2015-04-15 08:00:00+00:00,769.42,770.93,756.34,764.45,3391,0
2015-04-16 08:00:00+00:00,763.24,773.4,759.37,770.69,2821,0
2015-04-17 08:00:00+00:00,768.99,783.18,768.05,780.37,3368,0
2015-04-18 08:00:00+00:00,779.87,786.03,777.46,785.89,2808,0
2015-04-21 08:00:00+00:00,785.54,787.79,765.1,774.03,3414,0
2015-04-22 08:00:00+00:00,772.44,779.13,768.2,768.95,3314,0
2015-04-23 08:00:00+00:00,768.37,773.58,754.89,755.82,5196,0
2015-04-24 08:00:00+00:00,755.35,777.03,755.35,770.06,4473,0
2015-04-25 08:00:00+00:00,769.08,777.99,768.11,771.31,4175,0
2015-04-28 08:00:00+00:00,772.84,785.67,767.72,779.14,4354,0
2015-04-29 08:00:00+00:00,777.55,782.87,771.33,776.95,3826,0
2015-04-30 08:00:00+00:00,775.96,785.2,772.89,781.77,4223,0
2015-05-01 08:00:00+00:00,782.22,784.41,769.68,777.35,4097,0
2015-05-02 08:00:00+00:00,778.11,781.16,771.03,773.73,2965,0
2015-05-05 08:00:00+00:00,771.52,784.26,770.83,781.99,3560,0
2015-05-06 08:00:00+00:00,781.39,798.15,777.87,792.07,3721,0
2015-05-07 08:00:00+00:00,792.3,796.84,787.63,793.46,3094,0
2015-05-08 08:00:00+00:00,792.21,793.91,787.64,788.79,1837,0
2015-05-23 08:00:00+00:00,777.86,784.79,769.71,782.73,1618,0
2015-05-26 08:00:00+00:00,782.19,789.1,776.81,787.99,598,0
2015-05-27 08:00:00+00:00,786.92,788.07,779.16,780.16,2780,0
2015-05-28 08:00:00+00:00,780.18,787.3,778.09,785.82,1967,0
2015-05-29 08:00:00+00:00,784.41,788.64,780.38,785.3,1897,0
2015-05-30 08:00:00+00:00,783.82,786.53,775.32,776.48,2975,0
2015-06-02 08:00:00+00:00,776.16,778.89,771.28,772.9,2753,0
2015-06-03 08:00:00+00:00,771.65,776.28,764.24,767.58,2742,0
2015-06-04 08:00:00+00:00,767.47,768.8,751.71,757.48,2404,0
2015-06-05 08:00:00+00:00,757.51,760.3,753.23,754.55,3085,0
2015-06-06 08:00:00+00:00,754.82,757.22,747.0,752.03,2350,0
2015-06-09 08:00:00+00:00,751.59,754.27,742.11,744.42,2251,0
2015-06-10 08:00:00+00:00,743.48,751.63,739.38,739.86,2846,0
2015-06-11 08:00:00+00:00,741.19,749.01,739.22,744.23,2306,0
2015-06-12 08:00:00+00:00,743.33,747.89,738.27,744.03,2836,0
2015-06-13 08:00:00+00:00,744.51,746.99,735.94,736.82,2496,0
2015-06-16 08:00:00+00:00,737.15,740.19,732.95,734.34,2681,0
2015-06-17 08:00:00+00:00,734.18,741.42,731.83,732.73,1906,0
2015-06-18 08:00:00+00:00,731.61,733.64,717.65,723.63,2223,0
2015-06-19 08:00:00+00:00,723.01,727.16,717.24,720.7,2957,0
2015-06-20 08:00:00+00:00,719.23,720.7,705.98,706.16,2037,0
2015-06-23 08:00:00+00:00,706.81,709.06,691.14,695.81,2575,0
2015-06-24 08:00:00+00:00,695.99,704.4,692.83,696.85,1709,0
2015-06-25 08:00:00+00:00,695.04,703.53,693.98,695.34,1889,0
2015-06-26 08:00:00+00:00,694.37,699.05,670.24,678.91,2710,0
2015-06-27 08:00:00+00:00,677.67,681.05,669.54,678.81,2457,0
2015-06-30 08:00:00+00:00,679.94,681.56,665.75,666.69,2918,0
2015-07-01 08:00:00+00:00,666.8,675.28,664.11,674.25,2843,0
2015-07-02 08:00:00+00:00,673.85,702.81,673.85,696.04,3155,0
2015-07-03 08:00:00+00:00,697.25,703.27,692.59,693.15,2523,0
2015-07-04 08:00:00+00:00,692.35,696.26,677.97,685.3,1403,0
2015-07-07 08:00:00+00:00,685.63,685.91,666.12,681.86,3545,0
2015-07-08 08:00:00+00:00,681.5,684.37,641.71,649.72,4703,0
2015-07-09 08:00:00+00:00,650.74,656.19,630.18,654.71,4932,0
2015-07-10 08:00:00+00:00,653.73,664.83,636.4,638.54,3856,0
2015-07-11 08:00:00+00:00,638.28,655.84,636.29,651.95,3364,0
2015-07-14 08:00:00+00:00,651.91,668.28,641.59,660.1,3801,0
2015-07-15 08:00:00+00:00,659.93,666.03,651.15,651.95,2728,0
2015-07-16 08:00:00+00:00,652.68,660.04,637.87,642.16,3037,0
2015-07-17 08:00:00+00:00,641.3,648.43,625.74,631.29,3282,0
2015-07-18 08:00:00+00:00,630.97,631.56,614.72,615.1,2785,0
2015-07-21 08:00:00+00:00,616.62,619.19,595.08,606.15,4205,0
2015-07-22 08:00:00+00:00,605.64,631.03,601.18,626.48,4016,0
2015-07-23 08:00:00+00:00,627.3,630.66,613.21,627.16,3760,0
2015-07-24 08:00:00+00:00,627.61,640.62,614.11,618.01,3727,0
2015-07-25 08:00:00+00:00,618.27,628.49,610.93,624.71,4079,0
2015-07-28 08:00:00+00:00,624.26,631.95,612.17,613.0,3494,0
2015-07-29 08:00:00+00:00,613.27,623.63,612.12,620.9,2406,0
2015-07-30 08:00:00+00:00,620.44,627.65,613.67,621.26,3301,0
2015-07-31 08:00:00+00:00,620.69,625.48,617.15,620.76,3318,0
2015-08-01 08:00:00+00:00,620.75,621.85,607.75,611.64,3604,0
2015-08-04 08:00:00+00:00,612.38,627.5,593.88,598.22,3665,0
2015-08-05 08:00:00+00:00,596.58,603.06,588.03,598.38,4095,0
2015-08-06 08:00:00+00:00,597.05,600.75,592.2,593.49,2942,0
2015-08-07 08:00:00+00:00,592.6,602.85,592.6,599.15,2643,0
2015-08-08 08:00:00+00:00,597.99,608.45,597.25,599.34,4237,0
2015-08-11 08:00:00+00:00,599.08,616.85,595.4,610.55,3685,0
2015-08-12 08:00:00+00:00,609.53,622.2,599.71,600.98,4749,0
2015-08-13 08:00:00+00:00,600.59,627.43,596.63,624.9,3598,0
2015-08-14 08:00:00+00:00,624.14,626.36,613.38,615.56,2795,0
2015-08-15 08:00:00+00:00,613.83,624.47,611.57,617.7,2056,0
2015-08-18 08:00:00+00:00,615.33,620.64,610.66,614.24,2517,0
2015-08-19 08:00:00+00:00,613.93,614.4,590.51,597.01,3549,0
2015-08-20 08:00:00+00:00,597.19,613.29,590.32,613.1,3507,0
2015-08-21 08:00:00+00:00,612.76,624.68,609.69,624.01,3045,0
2015-08-22 08:00:00+00:00,624.41,625.11,599.37,601.82,3229,0
2015-08-25 08:00:00+00:00,601.76,603.31,563.36,573.23,4462,0
2015-08-26 08:00:00+00:00,574.86,575.34,526.59,536.62,4427,0
2015-08-27 08:00:00+00:00,537.66,547.63,521.06,531.42,3320,0
2015-08-28 08:00:00+00:00,532.83,568.76,530.39,561.93,3492,0
2015-08-29 08:00:00+00:00,562.88,591.61,560.01,587.48,3705,0
2015-09-01 08:00:00+00:00,585.79,605.35,579.52,599.7,3563,0
2015-09-02 08:00:00+00:00,598.88,598.9,568.36,570.93,5390,0
2015-09-03 08:00:00+00:00,570.23,587.28,567.56,583.77,3640,0
2015-09-04 08:00:00+00:00,583.38,591.91,572.14,573.79,4503,0
2015-09-05 08:00:00+00:00,573.3,583.16,571.41,572.83,4921,0
2015-09-08 08:00:00+00:00,574.68,582.99,571.74,581.61,3814,0
2015-09-09 08:00:00+00:00,580.1,598.23,577.8,588.31,3572,0
2015-09-10 08:00:00+00:00,588.23,594.96,575.48,576.16,6840,0
2015-09-11 08:00:00+00:00,577.01,593.49,574.08,589.69,5390,0
2015-09-12 08:00:00+00:00,589.42,596.28,577.06,594.7,4369,0
2015-09-15 08:00:00+00:00,593.22,598.31,582.69,586.97,10026,0
2015-09-16 08:00:00+00:00,586.0,603.16,579.84,602.23,8973,0
2015-09-17 08:00:00+00:00,599.9,612.81,592.4,610.65,8886,0
2015-09-18 08:00:00+00:00,608.3,617.38,594.84,609.17,11549,0
2015-09-19 08:00:00+00:00,608.3,612.4,602.1,606.19,10643,0
2015-09-22 08:00:00+00:00,604.17,618.91,601.41,615.77,9633,0
2015-09-23 08:00:00+00:00,613.7,615.75,593.87,609.12,9628,0
2015-09-24 08:00:00+00:00,605.7,651.19,604.9,649.01,10964,0
2015-09-25 08:00:00+00:00,647.3,663.27,637.6,655.28,8809,0
2015-09-26 08:00:00+00:00,654.6,677.4,648.1,663.71,10404,0
2015-09-29 08:00:00+00:00,662.53,669.25,644.8,648.4,8603,0
2015-09-30 08:00:00+00:00,648.0,659.07,638.1,656.7,6644,0
2015-10-01 08:00:00+00:00,655.9,669.0,647.66,652.32,5418,0
2015-10-02 08:00:00+00:00,651.7,680.62,650.12,676.1,4224,0
2015-10-03 08:00:00+00:00,675.44,700.41,674.11,699.3,3229,0
2015-10-06 08:00:00+00:00,698.39,712.31,683.85,692.34,4382,0
2015-10-07 08:00:00+00:00,691.11,713.73,684.96,706.6,4854,0
2015-10-08 08:00:00+00:00,704.89,712.54,690.26,696.08,3317,0
2015-10-09 08:00:00+00:00,696.66,708.41,686.18,701.15,5671,0
2015-10-10 08:00:00+00:00,700.45,723.87,699.01,710.39,5289,0
2015-10-13 08:00:00+00:00,707.37,716.45,691.05,693.38,5032,0
2015-10-14 08:00:00+00:00,692.93,697.97,680.22,681.38,5166,0
2015-10-15 08:00:00+00:00,680.74,703.58,680.48,699.45,5310,0
2015-10-16 08:00:00+00:00,699.39,706.94,694.44,704.2,4401,0
2015-10-17 08:00:00+00:00,703.22,703.95,692.19,695.72,6440,0
2015-10-20 08:00:00+00:00,696.67,696.9,676.63,683.87,4835,0
2015-10-21 08:00:00+00:00,683.83,698.83,680.72,693.33,4763,0
2015-10-22 08:00:00+00:00,692.45,695.2,671.88,675.91,5080,0
2015-10-23 08:00:00+00:00,674.12,685.8,666.95,685.55,3049,0
2015-10-24 08:00:00+00:00,685.35,702.23,684.35,693.45,3278,0
2015-10-27 08:00:00+00:00,690.55,693.38,677.77,682.48,3811,0
2015-10-28 08:00:00+00:00,681.96,683.61,674.76,676.34,2042,0
2015-10-29 08:00:00+00:00,676.81,691.78,670.49,680.79,4991,0
2015-10-30 08:00:00+00:00,677.94,681.67,666.78,669.99,3446,0
2015-10-31 08:00:00+00:00,670.98,688.68,669.2,675.51,4087,0
2015-11-03 08:00:00+00:00,673.88,674.5,645.12,648.02,3641,0
2015-11-04 08:00:00+00:00,647.43,653.61,639.19,643.37,3750,0
2015-11-05 08:00:00+00:00,641.08,650.56,620.6,628.16,3441,0
2015-11-06 08:00:00+00:00,627.16,630.25,602.31,605.7,3426,0
2015-11-07 08:00:00+00:00,604.8,623.65,597.15,620.73,4171,0
2015-11-10 08:00:00+00:00,618.5,619.83,593.89,597.53,2954,0
2015-11-11 08:00:00+00:00,598.76,614.58,594.5,594.5,2235,0
2015-11-12 08:00:00+00:00,595.66,601.76,572.88,574.57,2550,0
2015-11-13 08:00:00+00:00,575.01,581.91,556.66,559.71,2822,0
2015-11-14 08:00:00+00:00,560.05,563.04,531.94,536.9,4573,0
2015-11-17 08:00:00+00:00,541.16,552.52,538.15,549.61,2944,0
2015-11-18 08:00:00+00:00,548.73,557.72,535.5,542.89,3458,0
2015-11-19 08:00:00+00:00,542.44,550.13,526.7,535.56,2215,0
2015-11-20 08:00:00+00:00,535.7,548.94,525.72,537.67,3762,0
2015-11-21 08:00:00+00:00,540.26,561.86,538.74,561.21,2751,0
2015-11-24 08:00:00+00:00,561.38,562.4,536.37,539.6,2895,0
2015-11-25 08:00:00+00:00,542.24,543.74,533.02,537.17,3152,0
2015-11-26 08:00:00+00:00,537.43,560.83,527.59,555.56,3816,0
2015-11-27 08:00:00+00:00,554.11,568.57,549.51,555.53,3108,0
2015-11-28 08:00:00+00:00,556.39,560.66,546.18,550.37,3835,0
2015-12-01 08:00:00+00:00,548.33,550.48,538.93,543.72,3279,0
2015-12-02 08:00:00+00:00,540.83,554.01,537.26,539.3,4403,0
2015-12-03 08:00:00+00:00,539.2,542.76,522.75,524.9,4295,0
2015-12-04 08:00:00+00:00,524.1,538.43,523.64,537.24,3346,0
2015-12-05 08:00:00+00:00,536.61,573.02,535.62,566.16,4865,0
2015-12-08 08:00:00+00:00,567.56,569.29,545.83,553.04,2806,0
2015-12-09 08:00:00+00:00,552.4,560.45,545.77,547.74,2386,0
2015-12-10 08:00:00+00:00,547.17,555.53,543.77,550.22,2731,0
2015-12-11 08:00:00+00:00,548.99,556.56,540.15,540.15,2930,0
2015-12-12 08:00:00+00:00,541.19,548.55,539.45,540.42,2921,0
2015-12-15 08:00:00+00:00,541.72,550.61,541.27,546.66,2728,0
2015-12-16 08:00:00+00:00,545.7,568.23,544.89,566.76,2664,0
2015-12-17 08:00:00+00:00,565.37,573.14,561.18,570.71,2601,0
2015-12-18 08:00:00+00:00,568.99,569.27,550.84,555.58,2556,0
2015-12-19 08:00:00+00:00,555.45,562.43,544.66,557.36,2110,0
2015-12-22 08:00:00+00:00,558.08,560.29,549.51,551.04,1862,0
2015-12-23 08:00:00+00:00,550.14,558.15,548.16,554.86,1422,0
2015-12-24 08:00:00+00:00,555.28,559.75,548.55,551.82,1570,0
2015-12-25 08:00:00+00:00,551.6,559.57,550.1,558.38,1204,0
2015-12-29 08:00:00+00:00,558.39,563.54,548.62,549.84,1670,0
2015-12-30 08:00:00+00:00,549.73,558.27,548.92,557.14,1661,0
2015-12-31 08:00:00+00:00,556.05,561.8,540.37,543.82,1850,0
2016-01-01 08:00:00+00:00,543.51,561.88,542.26,561.61,1640,0
2016-01-05 08:00:00+00:00,554.74,558.31,537.04,538.66,3434,0
2016-01-06 08:00:00+00:00,538.83,547.84,533.26,533.5,3043,0
2016-01-07 08:00:00+00:00,534.31,537.32,502.7,507.76,3173,0
2016-01-08 08:00:00+00:00,507.84,510.16,483.93,493.48,3840,0
2016-01-09 08:00:00+00:00,493.24,504.54,487.98,493.57,2660,0
2016-01-12 08:00:00+00:00,494.04,495.43,472.63,478.03,2366,0
2016-01-13 08:00:00+00:00,479.15,480.92,451.33,469.24,3287,0
2016-01-14 08:00:00+00:00,467.73,497.83,464.22,485.33,3481,0
2016-01-15 08:00:00+00:00,484.49,493.96,478.98,492.81,2940,0
2016-01-16 08:00:00+00:00,491.38,497.22,482.67,494.08,2539,0
2016-01-19 08:00:00+00:00,491.71,496.64,487.62,494.94,1622,0
2016-01-20 08:00:00+00:00,493.04,505.03,490.08,494.23,2482,0
2016-01-21 08:00:00+00:00,493.85,495.12,482.91,494.94,2802,0
2016-01-22 08:00:00+00:00,493.11,500.83,491.48,496.84,2925,0
2016-01-23 08:00:00+00:00,497.45,508.47,495.49,495.49,2811,0
2016-01-26 08:00:00+00:00,497.73,501.8,487.4,488.36,3152,0
2016-01-27 08:00:00+00:00,487.65,501.16,486.33,493.09,2657,0
2016-01-28 08:00:00+00:00,493.48,503.04,491.72,499.18,2711,0
2016-01-29 08:00:00+00:00,499.77,505.17,489.62,491.56,2919,0
2016-01-30 08:00:00+00:00,490.0,502.39,490.0,498.18,3224,0
2016-02-02 08:00:00+00:00,496.98,505.77,494.49,503.28,2551,0
2016-02-03 08:00:00+00:00,502.07,503.96,489.43,490.81,2076,0
2016-02-04 08:00:00+00:00,491.24,514.84,488.15,508.93,2570,0
2016-02-05 08:00:00+00:00,508.66,516.26,504.97,512.24,1892,0
2016-02-06 08:00:00+00:00,513.05,517.56,496.71,502.27,2629,0
2016-02-09 08:00:00+00:00,502.24,518.0,493.05,513.93,2154,0
2016-02-10 08:00:00+00:00,513.62,517.71,508.81,514.04,1839,0
2016-02-11 08:00:00+00:00,516.46,523.86,506.55,521.66,2380,0
2016-02-12 08:00:00+00:00,520.28,530.0,518.99,521.63,2763,0
2016-02-13 08:00:00+00:00,523.39,529.94,519.19,522.55,1876,0
2016-02-16 08:00:00+00:00,521.87,522.78,508.91,512.39,1556,0
2016-02-17 08:00:00+00:00,511.48,512.66,505.0,506.71,1736,0
2016-02-18 08:00:00+00:00,505.84,515.06,505.84,513.08,1920,0
2016-02-19 08:00:00+00:00,512.64,516.91,495.8,502.25,1844,0
2016-02-20 08:00:00+00:00,502.3,504.16,494.87,498.28,1526,0
2016-02-23 08:00:00+00:00,499.94,502.07,494.16,494.58,1490,0
2016-02-24 08:00:00+00:00,495.44,501.17,492.86,499.67,1536,0
2016-02-25 08:00:00+00:00,498.04,499.8,483.47,486.52,2354,0
2016-02-26 08:00:00+00:00,485.4,493.31,479.52,483.46,1670,0
2016-02-27 08:00:00+00:00,484.26,493.52,479.15,482.84,2536,0
2016-03-01 08:00:00+00:00,486.18,498.21,481.63,492.49,2023,0
2016-03-02 08:00:00+00:00,491.44,522.29,490.31,515.44,2594,0
2016-03-03 08:00:00+00:00,514.38,521.28,508.75,516.45,2329,0
2016-03-04 08:00:00+00:00,516.09,543.32,511.81,539.8,3597,0
2016-03-05 08:00:00+00:00,539.95,562.91,534.16,555.13,3346,0
2016-03-08 08:00:00+00:00,557.27,578.38,552.09,578.16,2864,0
2016-03-09 08:00:00+00:00,577.31,580.33,556.89,557.31,2828,0
2016-03-10 08:00:00+00:00,558.19,570.22,548.14,565.2,2800,0
2016-03-11 08:00:00+00:00,563.57,574.48,557.5,570.81,3068,0
2016-03-12 08:00:00+00:00,569.42,585.01,568.31,573.71,2678,0
2016-03-15 08:00:00+00:00,576.06,576.53,564.12,568.11,2981,0
2016-03-16 08:00:00+00:00,568.88,570.37,558.03,567.21,2289,0
2016-03-17 08:00:00+00:00,566.52,583.56,562.97,580.58,2890,0
2016-03-18 08:00:00+00:00,580.3,597.7,577.16,591.77,2893,0
2016-03-19 08:00:00+00:00,592.86,596.24,583.87,588.62,2181,0
2016-03-22 08:00:00+00:00,590.01,602.32,583.79,600.89,2287,0
2016-03-23 08:00:00+00:00,600.89,606.49,597.44,603.71,2228,0
2016-03-24 08:00:00+00:00,604.4,605.41,579.02,579.6,2798,0
2016-03-25 08:00:00+00:00,580.66,584.56,569.82,573.24,2279,0
2016-03-29 08:00:00+00:00,573.57,584.31,565.0,568.45,1809,0
2016-03-30 08:00:00+00:00,567.96,578.23,555.07,576.2,2537,0
2016-03-31 08:00:00+00:00,575.13,578.83,562.67,563.44,2824,0
2016-04-01 08:00:00+00:00,564.13,575.22,561.69,563.64,2989,0
2016-04-02 08:00:00+00:00,564.42,574.16,556.51,565.55,3683,0
2016-04-05 08:00:00+00:00,563.45,563.78,549.07,549.85,2491,0
2016-04-06 08:00:00+00:00,550.09,559.9,540.47,544.92,3259,0
2016-04-07 08:00:00+00:00,545.38,555.43,536.41,540.68,3371,0
2016-04-08 08:00:00+00:00,541.73,544.02,532.85,535.8,2998,0
2016-04-09 08:00:00+00:00,535.74,543.21,534.34,540.77,2781,0
2016-04-12 08:00:00+00:00,541.83,553.38,539.79,546.28,2896,0
2016-04-13 08:00:00+00:00,546.61,555.02,541.27,545.7,2690,0
2016-04-14 08:00:00+00:00,546.16,551.05,537.55,544.69,2916,0
2016-04-15 08:00:00+00:00,543.71,565.04,535.01,560.57,3545,0
2016-04-16 08:00:00+00:00,562.38,570.18,558.16,570.18,2120,0
2016-04-19 08:00:00+00:00,568.37,569.35,560.43,564.71,2271,0
2016-04-20 08:00:00+00:00,565.25,585.58,562.32,582.09,2970,0
2016-04-21 08:00:00+00:00,582.18,598.63,580.07,593.98,2849,0
2016-04-22 08:00:00+00:00,594.2,616.4,590.35,605.12,3471,0
2016-04-23 08:00:00+00:00,604.65,618.61,600.91,602.48,3384,0
2016-04-26 08:00:00+00:00,599.94,607.98,594.25,603.16,3198,0
2016-04-27 08:00:00+00:00,603.41,609.33,592.82,603.52,2876,0
2016-04-28 08:00:00+00:00,602.72,613.9,598.98,609.88,3222,0
2016-04-29 08:00:00+00:00,609.46,626.15,607.17,622.55,3237,0
2016-04-30 08:00:00+00:00,621.4,635.32,620.87,622.29,3721,0
2016-05-03 08:00:00+00:00,623.93,630.41,616.4,620.31,2658,0
2016-05-04 08:00:00+00:00,619.39,624.99,598.63,605.95,2723,0
2016-05-05 08:00:00+00:00,605.24,607.53,591.83,596.82,2283,0
2016-05-06 08:00:00+00:00,596.4,608.63,594.9,597.73,2322,0
2016-05-07 08:00:00+00:00,597.77,607.66,595.09,605.79,2373,0
2016-05-10 08:00:00+00:00,602.99,605.22,575.22,582.13,2819,0
2016-05-11 08:00:00+00:00,581.81,595.67,578.07,593.94,2660,0
2016-05-12 08:00:00+00:00,594.1,610.42,591.41,606.15,2371,0
2016-05-13 08:00:00+00:00,606.96,611.56,591.66,592.63,2885,0
2016-05-14 08:00:00+00:00,591.33,600.58,587.44,591.63,2701,0
2016-05-17 08:00:00+00:00,589.89,596.92,587.79,589.93,2681,0
2016-05-18 08:00:00+00:00,589.76,594.76,581.03,584.34,2393,0
2016-05-19 08:00:00+00:00,582.96,584.6,572.01,573.42,3353,0
2016-05-20 08:00:00+00:00,572.29,577.23,556.17,558.39,3538,0
2016-05-21 08:00:00+00:00,557.51,566.93,556.51,559.77,2819,0
2016-05-24 08:00:00+00:00,559.87,560.51,546.92,548.8,2513,0
2016-05-25 08:00:00+00:00,549.8,550.23,530.3,531.46,1979,0
2016-05-26 08:00:00+00:00,531.34,538.41,522.57,532.22,2416,0
2016-05-27 08:00:00+00:00,531.65,545.72,529.76,542.26,2805,0
2016-05-28 08:00:00+00:00,542.49,551.43,531.93,536.98,2592,0
2016-05-31 08:00:00+00:00,534.71,541.47,530.58,540.62,1266,0
2016-06-01 08:00:00+00:00,540.75,548.6,536.8,545.89,2626,0
2016-06-02 08:00:00+00:00,545.49,549.58,541.18,544.23,2266,0
2016-06-03 08:00:00+00:00,543.03,548.32,530.63,532.5,2066,0
2016-06-04 08:00:00+00:00,530.73,557.98,530.28,553.41,2766,0
2016-06-07 08:00:00+00:00,551.51,558.33,550.47,556.71,2006,0
2016-06-08 08:00:00+00:00,556.27,559.1,543.67,553.77,2212,0
2016-06-09 08:00:00+00:00,553.22,569.75,551.25,560.69,2995,0
2016-06-10 08:00:00+00:00,560.65,565.21,552.05,558.7,3852,0
2016-06-11 08:00:00+00:00,559.66,559.83,552.6,553.28,607,0
2016-10-13 08:00:00+00:00,650.54,652.52,645.23,646.01,2588,0
2016-10-14 08:00:00+00:00,646.77,648.29,635.83,637.2,11508,0
2016-10-15 08:00:00+00:00,637.67,649.3,631.14,645.13,9868,0
2016-10-18 08:00:00+00:00,644.02,654.29,634.24,638.24,9008,0
2016-10-19 08:00:00+00:00,636.82,647.32,635.89,635.89,9736,0
2016-10-20 08:00:00+00:00,636.07,644.79,634.2,635.07,6241,0
2016-10-21 08:00:00+00:00,634.89,640.22,625.69,630.25,10101,0
2016-10-22 08:00:00+00:00,629.62,631.3,614.6,622.5,8396,0
2016-10-25 08:00:00+00:00,618.72,633.33,615.87,632.34,9191,0
2016-10-26 08:00:00+00:00,632.7,642.76,631.87,631.99,11252,0
2016-10-27 08:00:00+00:00,632.12,639.08,617.77,620.03,11722,0
2016-10-28 08:00:00+00:00,619.97,625.92,610.49,611.17,12140,0
2016-10-29 08:00:00+00:00,610.27,622.93,610.22,618.92,12155,0
2016-11-01 08:00:00+00:00,621.07,623.19,610.57,618.79,10835,0
2016-11-02 08:00:00+00:00,619.17,635.84,618.45,631.41,10621,0
2016-11-03 08:00:00+00:00,630.27,635.89,627.08,627.08,11526,0
2016-11-04 08:00:00+00:00,626.32,631.99,616.48,617.49,10901,0
2016-11-05 08:00:00+00:00,616.39,634.65,616.18,625.83,10973,0
2016-11-08 08:00:00+00:00,619.82,648.6,619.82,648.59,9083,0
2016-11-11 08:00:00+00:00,677.82,699.0,673.12,689.12,13621,0
2016-11-12 08:00:00+00:00,689.27,697.52,669.78,675.47,13077,0
2016-11-15 08:00:00+00:00,673.77,700.13,668.38,696.69,14469,0
2016-11-16 08:00:00+00:00,695.72,708.86,690.28,706.82,12416,0
2016-11-17 08:00:00+00:00,705.82,720.9,692.53,716.52,9764,0
2016-11-18 08:00:00+00:00,716.42,734.99,712.75,727.0,8673,0
2016-11-19 08:00:00+00:00,726.07,729.24,703.33,723.94,12247,0
2016-11-22 08:00:00+00:00,725.12,732.95,721.72,728.56,11420,0
2016-11-23 08:00:00+00:00,727.37,749.1,726.35,741.07,11508,0
2016-11-24 08:00:00+00:00,741.22,744.89,724.33,733.47,10210,0
2016-11-25 08:00:00+00:00,733.07,740.6,729.57,731.48,3650,0
2016-11-26 08:00:00+00:00,732.62,744.69,724.99,744.44,5298,0
2016-11-29 08:00:00+00:00,742.31,760.79,742.31,754.91,7092,0
2016-11-30 08:00:00+00:00,756.6,766.54,754.08,761.67,11680,0
2016-12-01 08:00:00+00:00,761.07,774.55,761.07,769.51,11284,0
2016-12-02 08:00:00+00:00,769.12,774.67,745.58,751.76,12326,0
2016-12-03 08:00:00+00:00,750.82,757.03,736.68,742.74,9570,0
2016-12-06 08:00:00+00:00,742.15,751.63,726.55,744.59,9802,0
2016-12-07 08:00:00+00:00,744.12,754.25,732.23,736.87,8640,0
2016-12-08 08:00:00+00:00,736.12,738.95,727.68,732.25,7638,0
2016-12-09 08:00:00+00:00,731.83,745.2,715.74,737.17,10862,0
2016-12-10 08:00:00+00:00,736.63,748.43,728.29,730.43,7926,0
2016-12-13 08:00:00+00:00,733.18,737.08,721.48,721.48,6840,0
2016-12-14 08:00:00+00:00,721.02,734.37,721.02,728.93,7541,0
2016-12-15 08:00:00+00:00,728.13,733.95,720.73,720.77,9026,0
2016-12-16 08:00:00+00:00,720.95,729.3,696.95,700.83,9485,0
2016-12-17 08:00:00+00:00,700.78,704.19,680.08,694.68,11251,0
2016-12-20 08:00:00+00:00,692.64,696.18,675.52,677.28,9521,0
2016-12-21 08:00:00+00:00,676.27,679.85,663.24,665.17,8120,0
2016-12-22 08:00:00+00:00,665.37,667.88,655.77,657.33,5747,0
2016-12-23 08:00:00+00:00,656.53,662.86,651.98,654.25,6566,0
2016-12-24 08:00:00+00:00,653.72,659.82,653.62,657.78,5740,0
2016-12-28 08:00:00+00:00,656.67,677.51,656.67,670.38,5058,0
2016-12-29 08:00:00+00:00,670.83,678.55,665.43,667.11,7726,0
2016-12-30 08:00:00+00:00,666.48,676.15,666.32,672.08,6289,0
2016-12-31 08:00:00+00:00,672.43,686.63,669.94,679.18,8033,0
2017-01-04 08:00:00+00:00,686.01,718.73,681.34,708.35,10971,0
2017-01-05 08:00:00+00:00,708.87,743.04,708.02,738.1,8022,0
2017-01-06 08:00:00+00:00,736.78,748.5,726.41,738.06,11808,0
2017-01-07 08:00:00+00:00,737.58,758.61,734.72,756.98,6310,0
2017-01-10 08:00:00+00:00,760.07,767.83,753.79,757.43,6231,0
2017-01-11 08:00:00+00:00,757.43,764.84,755.85,764.07,4876,0
2017-01-12 08:00:00+00:00,764.18,766.09,743.81,755.3,8987,0
2017-01-13 08:00:00+00:00,753.72,764.62,752.92,757.53,7203,0
2017-01-14 08:00:00+00:00,757.53,758.06,743.59,750.66,5385,0
2017-01-17 08:00:00+00:00,750.16,753.71,736.02,744.95,1735,0
2017-01-18 08:00:00+00:00,743.48,759.18,740.45,748.45,3833,0
2017-01-19 08:00:00+00:00,748.38,752.86,741.59,747.48,4846,0
2017-01-20 08:00:00+00:00,747.57,754.44,743.48,752.57,7272,0
2017-01-21 08:00:00+00:00,751.78,792.88,750.05,787.8,11746,0
2017-01-24 08:00:00+00:00,785.58,795.93,769.29,776.83,7988,0
2017-01-25 08:00:00+00:00,774.47,796.42,772.22,787.15,5826,0
2017-01-26 08:00:00+00:00,786.68,789.87,728.92,728.92,10565,0
2017-01-27 08:00:00+00:00,729.58,743.6,713.06,721.53,10499,0
2017-01-28 08:00:00+00:00,722.28,743.26,710.98,739.87,7544,0
2017-01-31 08:00:00+00:00,738.34,742.03,725.37,739.73,6339,0
2017-02-01 08:00:00+00:00,738.38,757.75,737.46,753.28,8691,0
2017-02-02 08:00:00+00:00,753.08,765.76,752.97,762.55,6266,0
2017-02-03 08:00:00+00:00,761.83,770.0,757.04,757.36,6386,0
2017-02-04 08:00:00+00:00,757.28,759.95,740.58,748.92,5926,0
2017-02-07 08:00:00+00:00,747.31,774.2,745.41,771.15,7623,0
2017-02-08 08:00:00+00:00,771.95,773.49,753.94,762.48,6363,0
2017-02-09 08:00:00+00:00,761.88,772.83,758.03,770.14,6940,0
2017-02-10 08:00:00+00:00,769.18,778.08,766.64,768.19,8233,0
2017-02-11 08:00:00+00:00,768.26,786.3,763.52,782.93,8939,0
2017-02-14 08:00:00+00:00,782.65,786.88,771.99,774.48,6198,0
2017-02-15 08:00:00+00:00,774.03,784.08,772.94,780.75,5967,0
2017-02-16 08:00:00+00:00,780.33,790.98,776.96,788.64,7393,0
2017-02-17 08:00:00+00:00,787.9,795.43,786.54,792.35,5752,0
2017-02-18 08:00:00+00:00,791.83,795.03,773.74,776.89,7432,0
2017-02-21 08:00:00+00:00,776.3,780.75,765.53,770.65,3458,0
2017-02-22 08:00:00+00:00,770.88,781.63,763.39,781.4,6775,0
2017-02-23 08:00:00+00:00,780.38,784.76,764.85,768.61,7794,0
2017-02-24 08:00:00+00:00,768.08,780.48,762.51,772.73,6146,0
2017-02-25 08:00:00+00:00,772.68,785.94,769.88,771.16,5930,0
2017-02-28 08:00:00+00:00,770.38,788.6,768.5,781.73,7553,0
2017-03-01 08:00:00+00:00,781.13,785.46,767.14,769.8,5431,0
2017-03-02 08:00:00+00:00,769.77,782.83,768.45,775.23,8085,0
2017-03-03 08:00:00+00:00,774.98,776.23,765.59,765.83,7117,0
2017-03-04 08:00:00+00:00,766.33,774.17,754.37,772.68,8521,0
2017-03-07 08:00:00+00:00,772.04,777.85,765.21,771.87,7502,0
2017-03-08 08:00:00+00:00,771.63,777.06,762.62,771.73,6825,0
2017-03-09 08:00:00+00:00,769.92,773.89,764.99,768.31,5405,0
2017-03-10 08:00:00+00:00,768.22,770.69,746.29,746.98,9225,0
2017-03-11 08:00:00+00:00,744.12,753.3,741.65,746.22,9556,0
2017-03-14 08:00:00+00:00,745.8,757.86,745.8,753.78,6476,0
2017-03-15 08:00:00+00:00,751.52,754.0,739.71,739.71,4709,0
2017-03-16 08:00:00+00:00,741.6,765.85,740.96,761.18,8665,0
2017-03-17 08:00:00+00:00,760.73,775.39,760.28,765.78,8734,0
2017-03-18 08:00:00+00:00,765.39,779.91,763.8,776.11,5973,0
2017-03-21 08:00:00+00:00,776.72,785.54,772.88,781.53,4735,0
2017-03-22 08:00:00+00:00,780.18,793.67,777.35,785.63,7013,0
2017-03-23 08:00:00+00:00,785.22,795.15,781.67,788.27,5610,0
2017-03-24 08:00:00+00:00,787.38,809.0,786.27,801.4,6427,0
2017-03-25 08:00:00+00:00,800.43,815.22,799.0,808.8,5155,0
2017-03-28 08:00:00+00:00,808.62,811.64,793.05,794.28,6354,0
2017-03-29 08:00:00+00:00,792.68,797.19,786.01,791.9,7503,0
2017-03-30 08:00:00+00:00,790.79,794.62,784.97,790.83,8169,0
2017-03-31 08:00:00+00:00,789.52,804.45,786.42,795.68,10344,0
2017-04-01 08:00:00+00:00,792.53,801.55,791.58,798.1,7368,0
2017-04-04 08:00:00+00:00,799.01,805.56,795.3,802.29,7026,0
2017-04-05 08:00:00+00:00,801.48,810.59,801.21,806.21,7125,0
2017-04-06 08:00:00+00:00,806.82,816.24,801.62,807.38,10264,0
2017-04-07 08:00:00+00:00,807.5,812.18,796.49,804.92,11112,0
2017-04-08 08:00:00+00:00,804.53,812.6,798.93,802.42,13084,0
2017-04-11 08:00:00+00:00,800.43,801.64,787.17,788.35,6220,0
2017-04-12 08:00:00+00:00,787.38,807.21,787.33,805.82,7115,0
2017-04-13 08:00:00+00:00,804.18,807.18,789.81,800.53,8534,0
2017-04-14 08:00:00+00:00,799.43,810.59,792.39,794.65,8747,0
2017-04-18 08:00:00+00:00,797.33,798.61,787.99,788.3,4872,0
2017-04-19 08:00:00+00:00,788.18,794.37,770.85,772.33,9967,0
2017-04-20 08:00:00+00:00,773.35,779.29,772.36,776.9,8419,0
2017-04-21 08:00:00+00:00,775.92,806.49,775.92,802.56,9410,0
2017-04-22 08:00:00+00:00,801.32,807.86,791.51,793.25,5647,0
2017-04-25 08:00:00+00:00,795.22,802.6,791.43,796.54,6484,0
2017-04-26 08:00:00+00:00,796.19,801.46,791.01,800.03,7633,0
2017-04-27 08:00:00+00:00,799.38,811.63,798.95,810.37,9383,0
2017-04-28 08:00:00+00:00,808.07,817.68,802.69,816.06,7398,0
2017-04-29 08:00:00+00:00,815.33,831.67,814.88,825.65,9303,0
2017-05-02 08:00:00+00:00,826.43,829.07,814.8,814.95,5761,520
2017-05-03 08:00:00+00:00,814.6,820.03,811.99,818.63,5991,0
2017-05-04 08:00:00+00:00,818.68,825.39,795.66,798.98,8649,320
2017-05-05 08:00:00+00:00,799.06,807.1,788.13,803.0,10610,150
2017-05-06 08:00:00+00:00,803.1,816.59,800.71,814.94,8107,150
2017-05-09 08:00:00+00:00,814.14,819.72,804.02,809.11,6329,450
2017-05-10 08:00:00+00:00,809.2,811.31,792.91,797.42,5529,630
2017-05-11 08:00:00+00:00,796.99,806.11,793.48,796.72,6656,460
2017-05-12 08:00:00+00:00,796.26,811.3,794.69,801.43,8181,150
2017-05-13 08:00:00+00:00,801.39,809.73,801.39,807.49,7050,150
2017-05-16 08:00:00+00:00,804.65,820.73,795.04,795.04,8878,150
2017-05-17 08:00:00+00:00,794.49,809.15,787.07,795.78,9922,190
2017-05-18 08:00:00+00:00,795.76,799.72,777.53,782.98,9647,400
2017-05-19 08:00:00+00:00,782.97,785.81,757.35,762.19,9085,160
2017-05-20 08:00:00+00:00,762.08,769.16,758.25,759.18,10933,180
2017-05-23 08:00:00+00:00,757.8,774.04,751.71,770.36,9316,490
2017-05-24 08:00:00+00:00,770.36,779.26,768.52,774.86,9650,370
2017-05-25 08:00:00+00:00,774.91,775.48,759.02,765.17,8729,260
2017-05-26 08:00:00+00:00,765.32,773.34,763.01,773.05,7538,220
2017-05-27 08:00:00+00:00,772.16,792.51,769.49,791.75,11808,360
2017-05-30 08:00:00+00:00,791.01,802.15,791.01,799.79,3786,500
2017-05-31 08:00:00+00:00,799.79,807.74,792.95,806.34,7346,240
2017-06-01 08:00:00+00:00,806.31,822.73,804.29,818.76,9612,150
2017-06-02 08:00:00+00:00,818.31,828.99,812.12,827.99,10572,150
2017-06-03 08:00:00+00:00,827.94,843.85,824.28,841.74,11065,150
2017-06-06 08:00:00+00:00,840.66,848.78,837.82,843.26,9547,150
2017-06-07 08:00:00+00:00,842.94,858.75,841.66,853.21,8461,150
2017-06-08 08:00:00+00:00,852.84,859.43,830.8,834.46,8331,150
2017-06-09 08:00:00+00:00,834.51,860.86,834.11,858.43,7045,150
2017-06-10 08:00:00+00:00,858.43,903.22,853.33,903.12,2333,1470
2017-06-16 08:00:00+00:00,854.36,868.12,850.18,865.61,2582,4780
2017-06-17 08:00:00+00:00,865.61,874.17,859.32,862.66,6818,400
2017-06-20 08:00:00+00:00,859.39,870.27,853.27,856.89,6088,4660
2017-06-21 08:00:00+00:00,857.29,875.16,854.81,872.3,7177,1470
2017-06-22 08:00:00+00:00,872.3,887.71,866.31,884.31,9163,2400
2017-06-23 08:00:00+00:00,884.18,890.06,880.07,883.86,7141,3930
2017-06-24 08:00:00+00:00,883.83,894.31,856.11,856.13,9864,2390
2017-06-27 08:00:00+00:00,855.47,871.73,849.41,870.85,7743,2120
2017-06-28 08:00:00+00:00,870.81,873.47,858.67,861.12,4569,330
2017-06-29 08:00:00+00:00,861.11,866.6,854.71,857.34,5148,1060
2017-06-30 08:00:00+00:00,857.51,862.9,845.67,848.68,6051,2520
2017-07-01 08:00:00+00:00,848.69,848.69,834.22,841.29,4900,1270
2017-07-04 08:00:00+00:00,838.11,847.5,836.96,846.44,2975,2190
2017-07-05 08:00:00+00:00,846.54,859.32,843.02,853.1,1841,2920
2017-07-06 08:00:00+00:00,853.1,857.98,834.18,839.99,3599,1760
2017-07-07 08:00:00+00:00,840.41,845.51,830.63,834.74,2374,2640
2017-07-08 08:00:00+00:00,834.63,841.84,828.33,839.67,2901,1520
2017-07-11 08:00:00+00:00,837.36,843.76,829.12,843.29,3144,730
2017-07-12 08:00:00+00:00,843.28,854.67,837.1,851.73,3147,670
2017-07-13 08:00:00+00:00,851.63,868.89,848.36,864.44,3655,980
2017-07-14 08:00:00+00:00,864.42,873.33,853.54,857.77,3151,1220
2017-07-15 08:00:00+00:00,857.71,868.96,854.21,860.38,4799,810
2017-07-18 08:00:00+00:00,856.56,869.04,853.26,864.06,3369,760
2017-07-19 08:00:00+00:00,866.48,869.82,861.76,863.72,3389,1520
2017-07-20 08:00:00+00:00,863.94,871.81,858.11,858.41,3177,1450
2017-07-21 08:00:00+00:00,858.44,858.44,835.61,846.06,5450,1530
2017-07-22 08:00:00+00:00,845.98,856.94,841.68,844.29,3572,930
2017-07-25 08:00:00+00:00,841.61,854.09,840.01,850.97,4671,670
2017-07-26 08:00:00+00:00,851.65,865.54,848.27,858.44,3213,810
2017-07-27 08:00:00+00:00,858.83,870.01,851.72,865.91,4968,150
2017-07-28 08:00:00+00:00,866.21,885.93,866.21,877.51,5418,140
2017-07-29 08:00:00+00:00,877.45,883.08,868.95,879.73,4404,1180
2017-08-01 08:00:00+00:00,881.01,898.22,877.56,885.09,5608,170
2017-08-02 08:00:00+00:00,885.14,900.7,882.06,893.82,5394,1150
2017-08-03 08:00:00+00:00,893.67,905.73,888.57,894.47,5739,3150
2017-08-04 08:00:00+00:00,891.97,897.73,880.77,882.03,5236,2800
2017-08-05 08:00:00+00:00,882.03,889.18,875.51,876.25,3909,1060
2017-08-08 08:00:00+00:00,874.86,887.76,867.01,887.21,2745,1500
2017-08-09 08:00:00+00:00,886.81,900.51,883.72,899.65,5979,150
2017-08-10 08:00:00+00:00,899.4,899.55,888.78,890.13,5479,160
2017-08-11 08:00:00+00:00,890.12,904.92,889.11,897.96,4863,1020
2017-08-12 08:00:00+00:00,898.03,901.37,891.87,893.48,5863,1970
2017-08-15 08:00:00+00:00,891.54,900.47,891.44,896.48,3516,800
2017-08-16 08:00:00+00:00,896.27,897.8,879.94,887.81,4548,210
2017-08-17 08:00:00+00:00,887.7,915.2,885.87,914.34,4712,150
2017-08-18 08:00:00+00:00,914.42,929.27,911.26,922.34,4344,1210
2017-08-19 08:00:00+00:00,922.24,933.53,918.49,922.96,3225,1090
2017-08-22 08:00:00+00:00,920.71,939.96,919.32,938.46,3729,1010
2017-08-23 08:00:00+00:00,938.55,938.78,928.56,929.92,5361,1000
2017-08-24 08:00:00+00:00,927.51,936.38,924.59,933.52,4252,1030
2017-08-25 08:00:00+00:00,933.78,936.22,929.23,933.02,4534,1270
2017-08-26 08:00:00+00:00,929.89,940.53,925.44,925.86,5575,3270
2017-08-29 08:00:00+00:00,927.26,938.08,925.51,934.3,5076,1510
2017-08-30 08:00:00+00:00,937.46,949.63,934.15,943.57,7233,140
2017-08-31 08:00:00+00:00,943.5,946.31,928.81,929.98,5472,1320
2017-09-01 08:00:00+00:00,930.9,939.57,927.51,934.72,6270,2110
2017-09-02 08:00:00+00:00,934.71,982.93,931.62,979.16,8597,1150
2017-09-05 08:00:00+00:00,979.61,1001.21,970.4,973.45,3418,1560
2017-09-06 08:00:00+00:00,973.55,990.17,954.77,957.55,6868,340
2017-09-07 08:00:00+00:00,957.96,965.73,935.92,941.53,8989,1170
2017-09-08 08:00:00+00:00,941.25,959.17,935.93,955.81,7651,600
2017-09-09 08:00:00+00:00,955.55,965.86,933.32,933.82,6290,1130
2017-09-12 08:00:00+00:00,929.54,953.92,929.34,935.0,6405,1090
2017-09-13 08:00:00+00:00,935.12,957.8,932.51,954.43,6771,270
2017-09-14 08:00:00+00:00,954.37,954.37,935.42,938.5,6250,1160
2017-09-15 08:00:00+00:00,939.16,943.67,916.83,925.68,8440,580
2017-09-16 08:00:00+00:00,925.12,930.51,916.82,922.73,5938,990
2017-09-19 08:00:00+00:00,921.21,939.01,920.6,935.53,8199,770
2017-09-20 08:00:00+00:00,935.47,936.75,905.87,909.44,6691,1080
2017-09-21 08:00:00+00:00,909.14,916.26,901.91,915.2,9124,1060
2017-09-22 08:00:00+00:00,915.33,920.37,906.44,913.64,7752,1100
2017-09-23 08:00:00+00:00,913.52,924.08,908.53,921.35,5476,950
2017-09-26 08:00:00+00:00,919.23,926.4,909.17,913.45,9177,1000
2017-09-27 08:00:00+00:00,913.36,919.5,909.57,917.15,7077,950
2017-09-28 08:00:00+00:00,916.54,934.61,910.73,930.11,9133,770
2017-09-29 08:00:00+00:00,930.17,939.01,922.65,932.82,9018,330
2017-09-30 08:00:00+00:00,932.69,939.78,929.26,934.05,7525,1040
2017-10-03 08:00:00+00:00,935.31,939.48,908.56,909.76,7575,1150
2017-10-04 08:00:00+00:00,909.76,921.37,906.39,916.9,5555,1170
2017-10-05 08:00:00+00:00,916.97,926.6,915.91,924.8,5859,860
2017-10-06 08:00:00+00:00,924.97,942.57,921.7,942.3,4226,1000
2017-10-07 08:00:00+00:00,942.3,945.21,918.15,921.33,7512,1650
2017-10-10 08:00:00+00:00,918.11,930.67,915.77,928.54,5438,1610
2017-10-11 08:00:00+00:00,928.6,940.47,927.83,933.47,6033,760
2017-10-12 08:00:00+00:00,933.46,961.46,929.46,960.07,6155,1390
2017-10-13 08:00:00+00:00,959.84,985.83,954.13,971.49,6663,1360
2017-10-14 08:00:00+00:00,971.46,996.48,969.89,988.25,5735,1730
2017-10-17 08:00:00+00:00,984.67,1009.3,970.28,974.68,9024,140
2017-10-18 08:00:00+00:00,974.71,991.83,971.82,981.95,7541,1020
2017-10-19 08:00:00+00:00,982.08,990.4,954.91,957.76,8875,160
2017-10-20 08:00:00+00:00,957.89,967.49,948.77,960.22,8165,260
2017-10-21 08:00:00+00:00,960.37,979.53,957.72,975.37,7040,180
2017-10-24 08:00:00+00:00,973.67,974.42,953.76,956.27,7156,160
2017-10-25 08:00:00+00:00,957.22,968.17,954.27,965.33,7867,140
2017-10-26 08:00:00+00:00,965.4,972.36,953.46,960.41,6529,1100
2017-10-27 08:00:00+00:00,960.43,974.4,960.07,970.99,8688,870
2017-10-28 08:00:00+00:00,970.88,972.09,961.48,970.74,11645,180
2017-10-31 08:00:00+00:00,966.92,975.71,961.67,965.39,4535,200
2017-11-01 08:00:00+00:00,965.44,984.53,963.12,983.03,5698,1110
2017-11-02 08:00:00+00:00,982.89,1005.98,980.67,1003.59,7323,1000
2017-11-03 08:00:00+00:00,1003.76,1006.35,989.69,997.27,4839,140
2017-11-04 08:00:00+00:00,997.28,1002.62,990.52,1000.73,6577,650
2017-11-07 08:00:00+00:00,999.27,1006.48,993.43,1000.85,5051,750
2017-11-08 08:00:00+00:00,1001.01,1002.65,993.93,996.74,6722,140
2017-11-09 08:00:00+00:00,996.58,1019.52,994.67,1016.31,6144,440
2017-11-10 08:00:00+00:00,1014.62,1026.67,1005.65,1011.62,8655,850
2017-11-11 08:00:00+00:00,1011.69,1013.28,993.17,994.2,6035,140
2017-11-14 08:00:00+00:00,995.42,1003.52,989.5,992.39,6055,280
2017-11-15 08:00:00+00:00,992.42,998.44,976.83,987.72,8899,210
2017-11-16 08:00:00+00:00,987.54,991.32,975.61,986.22,8428,890
2017-11-17 08:00:00+00:00,985.52,991.13,982.15,988.56,5420,1100
2017-11-18 08:00:00+00:00,989.24,999.63,987.47,995.46,6850,140
2017-11-21 08:00:00+00:00,993.07,1001.28,987.06,990.27,9194,140
2017-11-22 08:00:00+00:00,990.97,1003.33,987.65,1001.12,8333,140
2017-11-23 08:00:00+00:00,1001.12,1007.86,998.72,1005.76,8304,140
2017-11-24 08:00:00+00:00,1004.92,1014.09,1000.61,1012.27,2619,680
2017-11-25 08:00:00+00:00,1011.77,1012.73,995.83,996.59,3445,340
2017-11-28 08:00:00+00:00,997.22,1006.67,992.56,1005.38,4810,830
2017-11-29 08:00:00+00:00,1004.52,1030.59,1000.76,1029.88,8458,140
2017-11-30 08:00:00+00:00,1028.17,1029.25,1012.48,1015.62,8818,140
2017-12-01 08:00:00+00:00,1013.37,1022.95,1006.66,1010.37,7702,560
2017-12-02 08:00:00+00:00,1008.02,1024.68,1008.02,1021.36,7158,1020
2017-12-05 08:00:00+00:00,1018.87,1023.69,992.84,993.76,5998,1370
2017-12-06 08:00:00+00:00,993.27,1001.52,980.83,984.72,8037,1590
2017-12-07 08:00:00+00:00,983.32,997.82,982.59,996.26,7362,1080
2017-12-08 08:00:00+00:00,994.82,1020.43,992.79,1014.93,6097,900
2017-12-09 08:00:00+00:00,1013.97,1018.04,999.37,1007.34,5925,290
2017-12-12 08:00:00+00:00,1006.62,1014.53,1002.23,1010.78,5112,1230
2017-12-13 08:00:00+00:00,1008.27,1014.3,1003.34,1014.1,5818,140
2017-12-14 08:00:00+00:00,1012.77,1018.57,1007.89,1018.2,5986,680
2017-12-15 08:00:00+00:00,1015.87,1038.15,1004.81,1036.22,6901,860
2017-12-16 08:00:00+00:00,1033.27,1037.07,1020.7,1024.61,6549,1060
2017-12-19 08:00:00+00:00,1024.33,1027.86,1013.78,1019.32,7727,180
2017-12-20 08:00:00+00:00,1016.96,1026.33,1016.38,1024.52,4850,490
2017-12-21 08:00:00+00:00,1022.57,1035.88,1021.64,1027.33,5365,140
2017-12-22 08:00:00+00:00,1026.62,1039.26,1025.47,1038.54,4167,590
2017-12-23 08:00:00+00:00,1035.51,1042.94,1029.98,1037.82,4440,280
2017-12-27 08:00:00+00:00,1035.46,1053.17,1035.42,1051.47,2486,1510
2017-12-28 08:00:00+00:00,1050.87,1067.93,1049.87,1062.78,4729,1010
2017-12-29 08:00:00+00:00,1059.84,1071.14,1054.63,1066.61,3192,1590
2017-12-30 08:00:00+00:00,1061.98,1069.04,1053.75,1061.11,5827,760
2018-01-03 08:00:00+00:00,1060.12,1097.28,1059.52,1092.68,5433,1430
2018-01-04 08:00:00+00:00,1092.07,1094.47,1081.18,1084.04,5295,1070
2018-01-05 08:00:00+00:00,1084.07,1107.83,1080.22,1097.41,7951,140
2018-01-06 08:00:00+00:00,1095.59,1101.73,1086.41,1092.58,5833,550
2018-01-09 08:00:00+00:00,1092.07,1102.52,1089.41,1102.35,4624,830
2018-01-10 08:00:00+00:00,1098.47,1113.09,1098.17,1101.87,5596,610
2018-01-11 08:00:00+00:00,1100.12,1104.56,1082.26,1085.25,6333,550
2018-01-12 08:00:00+00:00,1083.01,1091.74,1077.23,1085.66,5096,860
2018-01-13 08:00:00+00:00,1083.76,1129.05,1083.48,1122.11,7797,570
2018-01-16 08:00:00+00:00,1123.67,1138.12,1118.9,1130.62,3544,1010
2018-01-17 08:00:00+00:00,1127.17,1132.47,1089.48,1094.69,8279,140
2018-01-18 08:00:00+00:00,1092.94,1120.37,1092.57,1116.89,7371,840
2018-01-19 08:00:00+00:00,1114.57,1118.37,1098.91,1101.22,7544,150
2018-01-20 08:00:00+00:00,1099.32,1116.53,1099.32,1106.28,6032,950
2018-01-23 08:00:00+00:00,1103.52,1109.92,1085.04,1099.31,6383,630
2018-01-24 08:00:00+00:00,1095.67,1101.83,1087.76,1093.85,6050,710
2018-01-25 08:00:00+00:00,1092.64,1114.29,1091.57,1112.08,7505,980
2018-01-26 08:00:00+00:00,1109.77,1114.26,1092.2,1093.02,7200,1150
2018-01-27 08:00:00+00:00,1093.77,1100.92,1082.38,1090.78,6611,860
2018-01-30 08:00:00+00:00,1092.41,1092.85,1082.36,1088.71,5122,140
2018-01-31 08:00:00+00:00,1085.82,1089.34,1049.66,1056.31,7384,1250
2018-02-01 08:00:00+00:00,1054.47,1062.63,1024.55,1030.53,7795,850
2018-02-02 08:00:00+00:00,1029.27,1040.47,1014.72,1037.92,6532,1110
2018-02-03 08:00:00+00:00,1038.22,1053.61,1035.88,1045.93,5743,1390
2018-02-06 08:00:00+00:00,1042.17,1047.27,1026.96,1030.15,6878,140
2018-02-07 08:00:00+00:00,1027.28,1027.83,1001.67,1011.8,8498,1210
2018-02-08 08:00:00+00:00,1008.62,1013.54,981.2,986.92,7926,1370
2018-02-09 08:00:00+00:00,986.17,987.2,959.74,962.71,8875,1290
2018-02-10 08:00:00+00:00,960.37,980.56,958.2,978.19,11098,1230
2018-02-13 08:00:00+00:00,975.42,990.31,975.42,983.99,7348,1440
2018-02-14 08:00:00+00:00,981.37,994.83,981.37,985.61,6032,330
2018-02-15 08:00:00+00:00,983.27,1005.18,982.28,1002.08,7858,1000
2018-02-16 08:00:00+00:00,1000.42,1021.51,1000.27,1017.84,5714,1290
2018-02-17 08:00:00+00:00,1015.62,1047.21,1015.27,1044.69,5657,1330
2018-02-20 08:00:00+00:00,1043.88,1050.22,1031.53,1032.27,2628,1480
2018-02-21 08:00:00+00:00,1031.5,1043.3,1026.75,1033.52,6163,1330
2018-02-22 08:00:00+00:00,1029.42,1034.37,1019.11,1023.88,6017,1270
2018-02-23 08:00:00+00:00,1020.81,1040.24,1018.69,1039.36,4508,1140
2018-02-24 08:00:00+00:00,1038.57,1048.78,1036.11,1048.27,3362,1320
2018-02-27 08:00:00+00:00,1045.22,1067.08,1045.22,1060.07,5023,1350
2018-02-28 08:00:00+00:00,1057.07,1063.07,1035.59,1037.61,6619,1500
2018-03-01 08:00:00+00:00,1036.97,1049.12,1036.57,1043.55,6362,340
2018-03-02 08:00:00+00:00,1042.1,1045.23,976.65,990.15,9264,1050
2018-03-03 08:00:00+00:00,987.82,999.43,977.73,993.6,7384,1500
2018-03-06 08:00:00+00:00,993.47,1000.12,978.97,985.24,5484,1500
2018-03-07 08:00:00+00:00,983.57,994.24,975.42,986.99,6962,1500
2018-03-08 08:00:00+00:00,984.19,987.32,964.13,968.23,7203,800
2018-03-09 08:00:00+00:00,968.42,989.43,965.18,977.26,7896,590
2018-03-10 08:00:00+00:00,976.72,996.57,970.35,996.5,7141,1400
2018-03-13 08:00:00+00:00,996.62,997.02,971.93,976.87,5403,480
2018-03-14 08:00:00+00:00,977.42,998.25,974.77,989.74,6638,620
2018-03-15 08:00:00+00:00,987.92,1007.28,987.37,989.2,5693,1240
2018-03-16 08:00:00+00:00,988.67,995.04,980.6,984.85,4679,500
2018-03-17 08:00:00+00:00,985.67,998.15,982.32,996.09,5073,710
2018-03-20 08:00:00+00:00,994.32,999.08,986.72,988.63,5634,1560
2018-03-21 08:00:00+00:00,987.42,993.93,977.28,982.49,5346,510
2018-03-22 08:00:00+00:00,978.74,994.86,978.31,989.87,7397,890
2018-03-23 08:00:00+00:00,986.73,995.54,973.32,985.22,6127,1440
2018-03-24 08:00:00+00:00,982.27,989.25,973.95,974.28,5905,960
2018-03-27 08:00:00+00:00,973.57,986.34,971.48,976.64,6238,180
2018-03-28 08:00:00+00:00,972.72,984.18,971.66,972.23,6285,570
2018-03-29 08:00:00+00:00,971.07,978.0,964.38,967.65,6216,1370
2018-03-30 08:00:00+00:00,967.02,971.88,940.59,952.46,8321,790
2018-04-03 08:00:00+00:00,949.07,957.17,930.38,936.64,6761,840
2018-04-04 08:00:00+00:00,935.02,944.55,930.24,932.55,6633,380
2018-04-05 08:00:00+00:00,931.22,933.27,915.87,927.99,6537,410
2018-04-06 08:00:00+00:00,925.99,931.52,902.18,907.36,6905,550
2018-04-07 08:00:00+00:00,906.07,916.8,896.72,902.51,7169,140
2018-04-10 08:00:00+00:00,901.77,938.73,901.77,929.42,7322,1090
2018-04-11 08:00:00+00:00,930.07,960.81,928.97,950.57,7283,1600
2018-04-12 08:00:00+00:00,949.07,971.79,948.45,964.33,7042,1020
2018-04-13 08:00:00+00:00,962.92,970.11,943.59,965.25,6708,1170
2018-04-14 08:00:00+00:00,964.47,990.98,962.75,985.83,7660,830
2018-04-17 08:00:00+00:00,987.02,1011.78,983.82,1000.34,7459,1500
2018-04-18 08:00:00+00:00,999.67,1015.12,984.25,1012.98,7233,1500
2018-04-19 08:00:00+00:00,1009.92,1045.73,1008.57,1035.84,8086,1500
2018-04-20 08:00:00+00:00,1032.72,1056.85,1022.67,1032.47,8546,1280
2018-04-21 08:00:00+00:00,1029.46,1040.79,1014.13,1027.93,6540,1330
2018-04-24 08:00:00+00:00,1028.32,1035.9,973.22,980.08,9329,950
2018-04-25 08:00:00+00:00,980.47,987.11,963.14,973.82,10427,1310
2018-04-26 08:00:00+00:00,973.02,976.77,958.32,976.77,8949,770
2018-04-27 08:00:00+00:00,976.02,994.08,967.35,984.9,6769,1230
2018-04-28 08:00:00+00:00,982.72,988.71,968.45,968.59,5299,1120
2018-05-01 08:00:00+00:00,965.44,975.36,956.93,962.87,7402,960
2018-05-02 08:00:00+00:00,963.62,965.37,940.78,943.87,5909,1230
2018-05-03 08:00:00+00:00,944.47,973.52,943.82,959.2,8625,1500
2018-05-04 08:00:00+00:00,959.22,975.6,959.22,963.22,7752,430
2018-05-05 08:00:00+00:00,962.12,968.23,958.86,968.23,5973,1460
2018-05-08 08:00:00+00:00,965.19,980.49,965.19,970.27,4921,1850
2018-05-09 08:00:00+00:00,970.47,978.39,966.32,970.56,6150,1040
2018-05-10 08:00:00+00:00,969.97,983.43,969.17,976.31,4393,1500
2018-05-11 08:00:00+00:00,975.37,1002.46,974.67,996.98,5470,410
2018-05-12 08:00:00+00:00,998.27,1008.43,986.93,989.35,5735,1680
2018-05-15 08:00:00+00:00,989.19,1002.6,986.67,996.15,4661,1500
2018-05-16 08:00:00+00:00,994.47,997.17,959.32,981.69,7023,180
2018-05-17 08:00:00+00:00,981.07,989.33,978.67,986.98,5129,1000
2018-05-18 08:00:00+00:00,984.05,989.83,976.32,978.43,4563,1520
2018-05-19 08:00:00+00:00,975.55,982.93,960.77,966.88,4911,540
2018-05-22 08:00:00+00:00,968.97,996.81,966.23,992.92,5509,850
2018-05-23 08:00:00+00:00,990.15,1006.38,987.02,992.16,6947,450
2018-05-24 08:00:00+00:00,991.47,993.59,966.43,978.39,7937,1000
2018-05-25 08:00:00+00:00,978.87,983.73,968.11,974.06,6825,650
2018-05-26 08:00:00+00:00,973.07,983.83,969.04,979.15,6031,540
2018-05-29 08:00:00+00:00,977.47,984.7,977.27,984.24,2120,1450
2018-05-30 08:00:00+00:00,981.37,990.73,975.02,977.05,5938,140
2018-05-31 08:00:00+00:00,974.87,986.8,974.37,986.6,6775,260
2018-06-01 08:00:00+00:00,984.57,991.03,982.05,987.29,4767,1460
2018-06-02 08:00:00+00:00,985.74,1004.93,983.64,1001.08,5075,1380
2018-06-05 08:00:00+00:00,997.97,1011.33,993.89,993.89,5458,1060
2018-06-06 08:00:00+00:00,992.81,996.57,978.63,993.07,5631,870
2018-06-07 08:00:00+00:00,992.47,1025.03,988.12,1017.55,6661,1010
2018-06-08 08:00:00+00:00,1018.17,1030.33,1010.63,1012.31,6418,540
2018-06-09 08:00:00+00:00,1009.44,1019.97,1005.93,1011.19,4736,1050
2018-06-12 08:00:00+00:00,1017.27,1025.27,1009.32,1021.31,4453,960
2018-06-13 08:00:00+00:00,1022.07,1023.13,1017.07,1019.08,4104,2020
2018-06-14 08:00:00+00:00,1019.09,1021.3,995.42,1011.12,5222,1270
2018-06-15 08:00:00+00:00,1009.67,1017.2,1001.74,1007.95,4532,2130
2018-06-16 08:00:00+00:00,1007.77,1010.47,985.61,988.84,5550,980
2018-06-19 08:00:00+00:00,982.37,999.0,979.23,988.45,4722,870
2018-06-20 08:00:00+00:00,988.77,991.37,964.53,967.66,5327,1740
2018-06-21 08:00:00+00:00,966.54,977.7,961.44,963.05,5027,1610
2018-06-22 08:00:00+00:00,960.42,967.42,948.8,949.3,5940,1890
2018-06-23 08:00:00+00:00,946.57,960.83,946.57,955.97,4532,1560
2018-06-26 08:00:00+00:00,955.37,958.07,937.74,941.51,4922,1280
2018-06-27 08:00:00+00:00,936.53,962.88,931.46,958.87,6535,580
2018-06-28 08:00:00+00:00,958.07,962.67,941.32,949.92,5287,1270
2018-06-29 08:00:00+00:00,949.92,949.92,949.92,949.92,1,1630
2018-06-30 08:00:00+00:00,949.92,949.92,949.92,949.92,1,1630
2018-07-03 08:00:00+00:00,950.17,956.17,936.93,945.42,5218,1220
2018-07-04 08:00:00+00:00,945.22,954.04,939.68,939.78,4654,1020
2018-07-05 08:00:00+00:00,941.81,952.28,941.02,949.99,2038,1510
2018-07-06 08:00:00+00:00,949.02,951.12,939.98,948.76,4549,960
2018-07-07 08:00:00+00:00,947.12,953.57,940.14,951.57,5283,990
2018-07-10 08:00:00+00:00,953.12,967.99,952.31,958.4,4426,1280
2018-07-11 08:00:00+00:00,958.52,960.82,939.56,942.07,4296,1540
2018-07-12 08:00:00+00:00,940.22,943.37,933.97,936.65,6084,830
2018-07-13 08:00:00+00:00,935.92,954.18,935.62,949.0,5377,440
2018-07-14 08:00:00+00:00,950.02,950.72,936.28,937.41,4338,260
2018-07-17 08:00:00+00:00,937.42,943.98,916.24,918.16,4367,910
2018-07-18 08:00:00+00:00,917.57,928.96,906.93,911.47,5208,1580
2018-07-19 08:00:00+00:00,911.77,915.12,905.71,907.26,4829,1140
2018-07-20 08:00:00+00:00,906.62,910.02,859.13,870.9,8448,1250
2018-07-21 08:00:00+00:00,870.42,898.28,869.52,893.68,9610,1320
2018-07-24 08:00:00+00:00,880.87,914.03,880.87,912.94,7995,1390
2018-07-25 08:00:00+00:00,912.72,926.42,905.52,912.48,7642,1470
2018-07-26 08:00:00+00:00,910.87,940.94,910.87,938.42,7490,1160
2018-07-27 08:00:00+00:00,935.13,941.79,924.42,927.49,6246,1080
2018-07-28 08:00:00+00:00,925.17,935.42,918.56,925.14,5533,750
2018-07-31 08:00:00+00:00,924.51,934.35,921.74,928.18,5042,1580
2018-08-01 08:00:00+00:00,927.62,939.5,924.94,933.37,5656,1590
2018-08-02 08:00:00+00:00,928.92,933.62,912.19,917.79,6682,1060
2018-08-03 08:00:00+00:00,916.02,925.29,908.22,913.08,6554,980
2018-08-04 08:00:00+00:00,912.87,924.12,909.67,911.52,6071,1530
2018-08-07 08:00:00+00:00,909.97,916.57,902.85,904.82,5787,1270
2018-08-08 08:00:00+00:00,905.27,922.26,904.37,907.47,5497,1520
2018-08-09 08:00:00+00:00,907.37,913.17,891.22,898.72,6756,1150
2018-08-10 08:00:00+00:00,900.07,908.1,893.1,905.96,5807,930
2018-08-11 08:00:00+00:00,902.99,912.42,897.79,907.6,7111,2110
2018-08-14 08:00:00+00:00,909.17,909.77,885.18,891.44,12010,1150
2018-08-15 08:00:00+00:00,890.47,899.13,884.87,897.54,8752,320
2018-08-16 08:00:00+00:00,895.77,896.77,833.61,842.17,14459,1020
2018-08-17 08:00:00+00:00,840.62,903.23,830.27,882.33,15806,3640
2018-08-18 08:00:00+00:00,883.87,901.18,882.33,884.53,3097,5740
2018-08-21 08:00:00+00:00,917.83,923.43,906.63,912.17,9471,540
2018-08-22 08:00:00+00:00,910.47,918.73,908.37,910.72,13883,140
2018-08-23 08:00:00+00:00,910.02,925.98,908.53,923.42,14354,190
2018-08-24 08:00:00+00:00,923.29,924.22,910.38,912.12,9723,2910
2018-08-25 08:00:00+00:00,912.12,939.98,909.17,931.42,10491,2830
2018-08-28 08:00:00+00:00,935.67,947.43,930.83,946.57,8052,5740
2018-08-29 08:00:00+00:00,945.97,952.23,935.63,937.27,7339,4540
2018-08-30 08:00:00+00:00,940.67,964.83,937.97,961.57,7574,2840
2018-08-31 08:00:00+00:00,958.97,980.73,951.93,965.57,12408,3740
2018-09-01 08:00:00+00:00,964.27,983.63,964.27,976.12,9166,2860
2018-09-04 08:00:00+00:00,977.97,984.23,974.47,980.03,4438,4740
2018-09-05 08:00:00+00:00,979.57,988.23,954.13,980.07,11188,2740
2018-09-06 08:00:00+00:00,980.07,988.53,967.03,971.17,9520,2070
2018-09-07 08:00:00+00:00,971.67,987.63,969.32,973.77,10010,2740
2018-09-08 08:00:00+00:00,973.27,989.23,969.63,976.87,11140,3740
2018-09-11 08:00:00+00:00,976.97,990.43,973.63,975.67,8176,3490
2018-09-12 08:00:00+00:00,975.27,983.33,966.73,972.79,8422,3640
2018-09-13 08:00:00+00:00,976.87,980.23,969.03,974.97,8589,2940
2018-09-14 08:00:00+00:00,971.67,982.33,969.52,980.17,10018,3570
2018-09-15 08:00:00+00:00,981.57,987.13,974.63,976.67,9351,3260
2018-09-18 08:00:00+00:00,975.54,988.03,974.27,986.87,5818,3740
2018-09-19 08:00:00+00:00,986.17,1014.03,982.37,1009.37,6705,3740
2018-09-20 08:00:00+00:00,1010.77,1041.03,1010.14,1035.37,6057,3640
2018-09-21 08:00:00+00:00,1037.47,1055.63,1033.07,1051.67,6383,3190
2018-09-22 08:00:00+00:00,1049.67,1057.56,1035.73,1051.47,6927,2750
2018-09-25 08:00:00+00:00,1044.07,1061.63,1043.17,1059.37,4787,3360
2018-09-26 08:00:00+00:00,1060.57,1067.63,1051.43,1060.37,5519,2740
2018-09-27 08:00:00+00:00,1060.37,1074.63,1057.23,1067.07,6925,3470
2018-09-28 08:00:00+00:00,1069.57,1083.97,1059.73,1081.27,4524,2770
2018-09-29 08:00:00+00:00,1081.47,1093.46,1071.77,1071.97,6954,3090
2018-10-02 08:00:00+00:00,1069.37,1075.17,1046.63,1056.79,7454,790
2018-10-03 08:00:00+00:00,1057.47,1067.62,1041.23,1052.43,8775,2710
2018-10-04 08:00:00+00:00,1055.97,1067.27,1047.83,1058.41,7719,2120
2018-10-05 08:00:00+00:00,1057.37,1066.07,1050.47,1055.94,8323,760
2018-10-06 08:00:00+00:00,1055.37,1077.94,1052.73,1070.73,7665,780
2018-10-09 08:00:00+00:00,1068.27,1077.93,1057.78,1074.85,8305,1470
2018-10-10 08:00:00+00:00,1075.57,1084.63,1065.89,1070.82,6898,2540
2018-10-11 08:00:00+00:00,1069.57,1080.68,1062.1,1065.48,6468,2080
2018-10-12 08:00:00+00:00,1068.94,1097.8,1065.08,1079.3,16634,860
2018-10-13 08:00:00+00:00,1078.39,1089.97,1065.94,1066.41,16347,850
2018-10-16 08:00:00+00:00,1065.27,1090.14,1065.27,1083.92,12188,500
2018-10-17 08:00:00+00:00,1082.77,1089.77,1075.55,1077.65,11698,810
2018-10-18 08:00:00+00:00,1077.83,1083.96,1070.83,1070.83,13178,260
2018-10-19 08:00:00+00:00,1070.98,1080.01,1066.06,1070.92,5851,510
2018-10-20 08:00:00+00:00,1071.22,1090.08,1071.22,1080.22,5487,2830
2018-10-23 08:00:00+00:00,1082.62,1123.27,1082.12,1119.87,5800,2410
2018-10-24 08:00:00+00:00,1119.97,1147.42,1116.43,1138.55,3704,2470
2018-10-25 08:00:00+00:00,1139.05,1141.63,1122.68,1122.68,8150,1340
2018-10-26 08:00:00+00:00,1124.97,1125.87,1099.27,1099.87,8029,2700
2018-10-27 08:00:00+00:00,1100.35,1107.13,1079.03,1102.07,7823,3140
2018-10-30 08:00:00+00:00,1101.67,1119.73,1087.38,1088.65,5211,2490
2018-10-31 08:00:00+00:00,1087.15,1097.87,1067.63,1074.0,5847,2560
2018-11-01 08:00:00+00:00,1074.25,1087.33,1069.1,1077.87,4674,2350
2018-11-02 08:00:00+00:00,1074.35,1100.93,1074.25,1092.47,6206,2000
2018-11-03 08:00:00+00:00,1092.65,1123.73,1091.57,1115.56,6390,2310
2018-11-06 08:00:00+00:00,1114.05,1138.25,1110.57,1133.83,7779,1530
2018-11-07 08:00:00+00:00,1131.65,1133.75,1101.33,1114.82,5812,2160
2018-11-08 08:00:00+00:00,1113.65,1138.45,1109.65,1133.38,6112,1900
2018-11-09 08:00:00+00:00,1131.45,1136.5,1112.57,1124.78,5532,2190
2018-11-10 08:00:00+00:00,1122.75,1127.78,1108.24,1114.97,6801,620
2018-11-13 08:00:00+00:00,1113.7,1119.78,1094.69,1096.93,5084,1690
2018-11-14 08:00:00+00:00,1093.65,1115.51,1093.65,1111.59,6678,1740
2018-11-15 08:00:00+00:00,1108.75,1134.12,1102.35,1125.83,6546,2460
2018-11-16 08:00:00+00:00,1123.35,1177.53,1120.95,1156.75,8567,410
2018-11-17 08:00:00+00:00,1154.45,1185.46,1150.08,1176.89,7314,740
2018-11-20 08:00:00+00:00,1181.31,1185.35,1158.8,1163.71,5960,1590
2018-11-21 08:00:00+00:00,1160.95,1170.63,1136.02,1142.21,4000,1470
2018-11-22 08:00:00+00:00,1140.55,1158.01,1140.47,1148.55,3530,1630
2018-11-23 08:00:00+00:00,1146.65,1153.63,1145.63,1152.74,1039,2980
2018-11-24 08:00:00+00:00,1154.75,1155.55,1115.78,1119.58,2467,2010
2018-11-27 08:00:00+00:00,1122.9,1150.78,1120.8,1140.82,2992,1640
2018-11-28 08:00:00+00:00,1142.7,1151.58,1133.68,1148.52,2678,5000
2018-11-29 08:00:00+00:00,1148.19,1184.18,1147.62,1182.22,4056,5040
2018-11-30 08:00:00+00:00,1180.4,1181.82,1165.48,1179.32,3384,5040
2018-12-01 08:00:00+00:00,1180.7,1201.07,1173.08,1176.12,3878,5040
2018-12-04 08:00:00+00:00,1185.72,1215.81,1182.62,1197.02,3498,7460
2018-12-05 08:00:00+00:00,1194.6,1234.28,1194.6,1225.72,5037,11240
2018-12-06 08:00:00+00:00,1223.4,1255.54,1223.4,1231.66,2294,160
2018-12-07 08:00:00+00:00,1231.67,1237.82,1185.14,1205.3,5389,7280
2018-12-08 08:00:00+00:00,1202.25,1222.87,1186.09,1222.87,4606,8650
2018-12-11 08:00:00+00:00,1219.85,1232.53,1209.53,1219.77,3431,8610
2018-12-12 08:00:00+00:00,1216.25,1251.33,1216.25,1240.07,5053,7040
2018-12-13 08:00:00+00:00,1240.85,1262.53,1240.85,1257.97,2915,6760
2018-12-14 08:00:00+00:00,1256.95,1267.33,1246.93,1252.6,2931,8220
2018-12-15 08:00:00+00:00,1251.35,1255.17,1211.63,1232.37,3402,1890
2018-12-18 08:00:00+00:00,1234.77,1260.03,1230.07,1247.91,2707,9450
2018-12-19 08:00:00+00:00,1245.4,1257.13,1236.17,1237.87,1781,12700
2018-12-20 08:00:00+00:00,1240.55,1273.78,1238.07,1254.91,3677,7350
2018-12-21 08:00:00+00:00,1255.8,1268.88,1242.04,1254.37,3350,12100
2018-12-22 08:00:00+00:00,1256.17,1256.17,1220.3,1223.58,3282,6750
2018-12-25 08:00:00+00:00,1222.27,1242.63,1221.63,1240.93,2391,12100
2018-12-27 08:00:00+00:00,1236.35,1252.77,1236.35,1251.17,2375,14240
2018-12-28 08:00:00+00:00,1251.15,1260.77,1245.52,1259.42,3021,12930
2018-12-29 08:00:00+00:00,1257.55,1266.13,1240.33,1244.62,3575,13740
2019-01-01 08:00:00+00:00,1248.75,1256.81,1244.64,1256.81,312,3890
2019-01-03 08:00:00+00:00,1251.68,1264.14,1251.35,1259.58,2412,7210
2019-01-04 08:00:00+00:00,1258.73,1264.54,1250.95,1262.17,2415,6790
2019-01-05 08:00:00+00:00,1259.71,1308.76,1257.83,1298.84,4872,1890
2019-01-08 08:00:00+00:00,1292.95,1308.13,1288.26,1297.22,3406,7690
2019-01-09 08:00:00+00:00,1293.87,1326.9,1293.63,1322.98,3797,2890
2019-01-10 08:00:00+00:00,1320.71,1337.44,1314.08,1320.71,4151,7850
2019-01-11 08:00:00+00:00,1318.77,1328.43,1310.87,1322.47,3138,7370
2019-01-12 08:00:00+00:00,1315.19,1333.56,1309.83,1311.07,3362,3270
2019-01-15 08:00:00+00:00,1309.05,1331.73,1306.13,1320.67,3590,6620
2019-01-16 08:00:00+00:00,1317.99,1331.53,1309.43,1315.47,3498,1990
2019-01-17 08:00:00+00:00,1314.77,1361.12,1314.77,1357.13,4933,6140
2019-01-18 08:00:00+00:00,1359.35,1430.6,1356.77,1392.55,5762,0
2019-01-19 08:00:00+00:00,1392.5,1421.83,1363.84,1374.32,5897,4400
2019-01-22 08:00:00+00:00,1377.35,1396.63,1351.75,1356.94,2478,3720
2019-01-23 08:00:00+00:00,1357.97,1365.63,1329.34,1345.77,4678,5390
2019-01-24 08:00:00+00:00,1338.37,1359.93,1334.93,1347.97,3643,5900
2019-01-25 08:00:00+00:00,1344.43,1351.92,1314.65,1320.57,4626,3860
2019-01-26 08:00:00+00:00,1313.67,1359.47,1306.98,1357.37,5271,2700
2019-01-29 08:00:00+00:00,1349.75,1362.73,1323.64,1328.32,4629,4440
2019-01-30 08:00:00+00:00,1327.19,1352.78,1320.33,1340.78,4221,4610
2019-01-31 08:00:00+00:00,1339.21,1357.89,1333.13,1357.42,4345,3460
2019-02-01 08:00:00+00:00,1357.21,1381.63,1329.46,1340.48,4719,3890
2019-02-02 08:00:00+00:00,1336.85,1372.53,1336.85,1348.07,4917,4300
2019-02-05 08:00:00+00:00,1352.25,1371.43,1341.53,1362.72,4122,4400
2019-02-06 08:00:00+00:00,1360.69,1380.8,1360.23,1379.01,3474,2610
2019-02-07 08:00:00+00:00,1378.31,1383.03,1362.43,1370.19,3746,2570
2019-02-08 08:00:00+00:00,1367.75,1391.56,1366.03,1383.2,3611,2870
2019-02-09 08:00:00+00:00,1381.45,1402.18,1381.17,1400.07,3896,210
2019-02-12 08:00:00+00:00,1401.6,1404.32,1370.48,1384.22,4226,4990
2019-02-13 08:00:00+00:00,1382.46,1402.72,1373.19,1400.43,3986,5910
2019-02-14 08:00:00+00:00,1399.2,1411.12,1391.39,1391.42,3837,2650
2019-02-15 08:00:00+00:00,1391.34,1420.61,1391.34,1420.61,3834,3150
2019-02-16 08:00:00+00:00,1420.59,1434.78,1406.78,1432.39,4503,270
2019-02-19 08:00:00+00:00,1432.0,1459.08,1429.82,1454.96,2359,4720
2019-02-20 08:00:00+00:00,1456.0,1488.0,1455.12,1476.92,5501,3010
2019-02-21 08:00:00+00:00,1475.85,1500.67,1471.02,1481.4,5185,4100
2019-02-22 08:00:00+00:00,1480.66,1491.77,1453.43,1469.67,5371,2940
2019-02-23 08:00:00+00:00,1466.57,1496.67,1466.57,1493.5,4456,3100
2019-02-26 08:00:00+00:00,1485.75,1539.37,1485.75,1536.76,4225,4200
2019-02-27 08:00:00+00:00,1535.65,1564.83,1530.83,1556.41,5132,3000
2019-02-28 08:00:00+00:00,1556.39,1562.27,1512.27,1525.85,6315,4380
2019-03-01 08:00:00+00:00,1525.11,1551.41,1523.27,1537.98,5420,2880
2019-03-02 08:00:00+00:00,1538.15,1560.29,1525.73,1541.01,5745,220
2019-03-05 08:00:00+00:00,1544.25,1558.57,1510.52,1528.08,5869,3940
2019-03-06 08:00:00+00:00,1528.1,1529.32,1500.27,1514.09,6187,230
2019-03-07 08:00:00+00:00,1512.88,1537.83,1499.93,1532.46,4790,4540
2019-03-08 08:00:00+00:00,1531.38,1549.32,1510.0,1521.34,4314,3490
2019-03-09 08:00:00+00:00,1521.17,1528.13,1495.4,1510.72,5075,5740
2019-03-12 08:00:00+00:00,1512.25,1534.76,1503.63,1529.4,4501,3140
2019-03-13 08:00:00+00:00,1529.42,1546.41,1522.19,1534.21,3269,3220
2019-03-14 08:00:00+00:00,1534.02,1552.5,1525.47,1546.2,2503,2110
2019-03-15 08:00:00+00:00,1546.28,1554.28,1533.97,1547.32,3095,3840
2019-03-16 08:00:00+00:00,1547.1,1559.16,1542.92,1548.89,3079,3390
2019-03-19 08:00:00+00:00,1548.7,1578.18,1536.62,1573.11,3570,5340
2019-03-20 08:00:00+00:00,1573.09,1597.38,1570.12,1585.91,4212,4740
2019-03-21 08:00:00+00:00,1585.69,1599.58,1580.62,1592.84,3240,5740
2019-03-22 08:00:00+00:00,1592.77,1609.88,1583.26,1598.23,4311,4260
2019-03-23 08:00:00+00:00,1597.33,1603.54,1545.92,1549.87,4039,1620
2019-03-26 08:00:00+00:00,1550.0,1576.06,1532.32,1572.21,4731,190
2019-03-27 08:00:00+00:00,1572.43,1576.12,1531.98,1533.86,4942,4070
2019-03-28 08:00:00+00:00,1535.15,1549.75,1437.23,1441.63,7281,1160
2019-03-29 08:00:00+00:00,1444.78,1453.33,1333.21,1342.98,8885,360
2019-03-30 08:00:00+00:00,1342.1,1396.17,1336.93,1376.35,6782,3430
2019-04-02 08:00:00+00:00,1373.1,1424.41,1364.9,1418.72,4335,2540
2019-04-03 08:00:00+00:00,1417.77,1435.53,1392.15,1426.3,4962,4820
2019-04-04 08:00:00+00:00,1425.52,1440.79,1378.29,1402.43,5759,3680
2019-04-05 08:00:00+00:00,1402.14,1411.47,1356.34,1361.87,5672,310
2019-04-06 08:00:00+00:00,1361.71,1381.95,1321.7,1364.83,13606,3340
2019-04-09 08:00:00+00:00,1365.98,1387.07,1359.19,1379.6,9399,2890
2019-04-10 08:00:00+00:00,1378.25,1398.47,1364.61,1385.62,7209,3700
2019-04-11 08:00:00+00:00,1385.15,1395.67,1379.1,1385.16,5904,3380
2019-04-12 08:00:00+00:00,1385.75,1396.43,1349.14,1362.32,8777,1620
2019-04-13 08:00:00+00:00,1360.95,1378.58,1360.2,1369.56,11981,3670
2019-04-16 08:00:00+00:00,1369.78,1371.6,1356.9,1358.72,6674,4160
2019-04-17 08:00:00+00:00,1358.64,1374.27,1346.28,1349.95,8806,2930
2019-04-18 08:00:00+00:00,1349.95,1398.96,1344.9,1391.27,13682,3040
2019-04-19 08:00:00+00:00,1391.32,1421.19,1373.77,1417.66,15461,1110
2019-04-23 08:00:00+00:00,1414.55,1428.73,1371.6,1381.92,16460,5200
2019-04-24 08:00:00+00:00,1381.72,1396.57,1365.72,1388.11,12972,3250
2019-04-25 08:00:00+00:00,1388.0,1421.02,1380.2,1414.24,10984,2990
2019-04-26 08:00:00+00:00,1412.88,1423.07,1407.79,1415.56,11499,3220
2019-04-27 08:00:00+00:00,1415.16,1462.5,1406.73,1457.44,7862,2850
2019-04-30 08:00:00+00:00,1458.77,1462.72,1357.56,1365.82,18747,2990
2019-05-01 08:00:00+00:00,1365.24,1392.15,1351.03,1382.96,11550,1750
2019-05-02 08:00:00+00:00,1381.6,1382.03,1307.73,1346.51,10532,3910
2019-05-03 08:00:00+00:00,1358.26,1362.25,1329.74,1351.47,8553,2610
2019-05-04 08:00:00+00:00,1350.68,1375.21,1338.98,1364.68,11014,720
2019-05-07 08:00:00+00:00,1359.39,1365.15,1325.67,1336.86,16602,930
2019-05-08 08:00:00+00:00,1330.76,1351.86,1312.82,1323.06,18816,4760
2019-05-09 08:00:00+00:00,1325.39,1336.62,1310.13,1312.9,17237,5380
2019-05-10 08:00:00+00:00,1314.89,1325.32,1262.95,1289.78,18298,1910
2019-05-11 08:00:00+00:00,1293.69,1356.57,1290.64,1346.85,26434,1910
2019-05-14 08:00:00+00:00,1345.23,1348.41,1313.59,1313.59,14202,3140
2019-05-15 08:00:00+00:00,1316.69,1339.93,1312.33,1331.46,15363,4080
2019-05-16 08:00:00+00:00,1331.56,1352.44,1303.44,1336.45,16390,3450
2019-05-17 08:00:00+00:00,1336.49,1341.49,1321.58,1328.9,13330,2130
2019-05-18 08:00:00+00:00,1329.03,1333.09,1307.35,1310.05,15021,5820
2019-05-21 08:00:00+00:00,1310.53,1336.6,1307.96,1324.59,12758,5420
2019-05-22 08:00:00+00:00,1328.51,1338.7,1312.76,1312.76,11143,5080
2019-05-23 08:00:00+00:00,1318.34,1325.7,1295.36,1313.31,11398,5500
2019-05-24 08:00:00+00:00,1312.51,1318.35,1303.73,1307.02,11792,5360
2019-05-25 08:00:00+00:00,1304.48,1337.05,1304.31,1332.02,13440,5250
2019-05-28 08:00:00+00:00,1328.31,1336.44,1319.83,1328.95,6721,5500
2019-05-29 08:00:00+00:00,1328.87,1344.99,1324.79,1333.37,7001,5710
2019-05-30 08:00:00+00:00,1335.38,1345.7,1326.16,1343.51,14714,3140
2019-05-31 08:00:00+00:00,1350.43,1376.21,1326.78,1363.76,14769,3510
2019-06-01 08:00:00+00:00,1364.84,1368.5,1316.88,1320.03,18899,4480
2019-06-04 08:00:00+00:00,1327.86,1347.94,1307.71,1323.26,14094,3000
2019-06-05 08:00:00+00:00,1318.98,1352.87,1310.82,1343.01,11651,4600
2019-06-06 08:00:00+00:00,1340.26,1347.88,1315.33,1325.39,17890,6010
2019-06-07 08:00:00+00:00,1324.55,1351.04,1324.55,1344.46,6805,5810
2019-06-08 08:00:00+00:00,1344.29,1372.22,1339.86,1350.23,11417,3380
2019-06-11 08:00:00+00:00,1356.99,1391.61,1346.31,1375.86,17099,5000
2019-06-12 08:00:00+00:00,1373.85,1397.62,1373.85,1387.51,15597,3560
2019-06-13 08:00:00+00:00,1387.47,1413.31,1384.29,1405.5,14208,4080
2019-06-14 08:00:00+00:00,1402.74,1443.43,1402.13,1441.7,9798,5500
2019-06-15 08:00:00+00:00,1442.43,1467.49,1439.04,1459.86,4665,5340
2019-06-18 08:00:00+00:00,1466.61,1469.36,1442.41,1452.43,16194,5500
2019-06-19 08:00:00+00:00,1454.15,1489.3,1452.62,1479.25,21023,4590
2019-06-20 08:00:00+00:00,1474.38,1502.41,1474.38,1495.23,18173,5080
2019-06-21 08:00:00+00:00,1500.7,1530.85,1465.6,1476.48,21735,2610
2019-06-22 08:00:00+00:00,1480.25,1513.44,1469.79,1498.11,20577,5500
2019-06-25 08:00:00+00:00,1500.3,1545.02,1500.07,1536.9,11806,1540
2019-06-26 08:00:00+00:00,1536.0,1548.87,1508.13,1528.48,13261,1320
2019-06-27 08:00:00+00:00,1528.63,1542.47,1519.5,1521.86,9557,760
2019-06-28 08:00:00+00:00,1521.58,1550.49,1517.01,1550.49,10214,760
2019-06-29 08:00:00+00:00,1549.11,1565.35,1518.84,1528.0,12452,960
2019-07-02 08:00:00+00:00,1532.54,1556.26,1523.8,1546.02,10277,2030
2019-07-03 08:00:00+00:00,1545.47,1562.02,1541.28,1561.42,10028,370
2019-07-04 08:00:00+00:00,1560.18,1573.42,1552.32,1572.45,9342,1720
2019-07-05 08:00:00+00:00,1572.44,1573.16,1553.19,1562.24,5239,470
2019-07-06 08:00:00+00:00,1560.65,1575.48,1553.0,1563.48,12313,150
2019-07-09 08:00:00+00:00,1562.46,1572.35,1555.65,1559.72,9581,150
2019-07-10 08:00:00+00:00,1559.46,1560.03,1539.49,1548.08,10957,580
2019-07-11 08:00:00+00:00,1547.85,1594.58,1541.89,1588.23,14462,750
2019-07-12 08:00:00+00:00,1585.15,1600.79,1553.88,1560.4,16823,140
2019-07-13 08:00:00+00:00,1559.05,1561.3,1530.69,1537.68,11736,210
2019-07-16 08:00:00+00:00,1540.89,1569.96,1540.89,1564.42,12622,770
2019-07-17 08:00:00+00:00,1562.32,1565.7,1507.28,1528.27,12500,240
2019-07-18 08:00:00+00:00,1527.25,1548.66,1518.05,1534.81,12632,200
2019-07-19 08:00:00+00:00,1537.23,1548.86,1507.29,1527.57,15813,140
2019-07-20 08:00:00+00:00,1526.65,1535.78,1498.83,1498.86,15254,940
2019-07-23 08:00:00+00:00,1502.95,1532.73,1498.48,1527.44,10108,220
2019-07-24 08:00:00+00:00,1527.19,1528.16,1512.52,1523.06,9574,1220
2019-07-25 08:00:00+00:00,1522.58,1539.95,1517.88,1538.31,12261,1050
2019-07-26 08:00:00+00:00,1536.5,1544.06,1524.14,1528.42,11228,210
2019-07-27 08:00:00+00:00,1527.63,1536.87,1520.25,1523.16,8324,1000
2019-07-30 08:00:00+00:00,1525.5,1560.13,1515.86,1552.64,9219,1020
2019-07-31 08:00:00+00:00,1551.59,1554.2,1505.53,1514.09,12214,1690
2019-08-01 08:00:00+00:00,1512.34,1538.35,1511.72,1517.78,15130,570
2019-08-02 08:00:00+00:00,1517.19,1521.23,1411.87,1428.09,20941,360
2019-08-03 08:00:00+00:00,1425.55,1444.8,1382.67,1403.5,16949,420
2019-08-06 08:00:00+00:00,1406.38,1451.71,1394.6,1421.25,16110,140
2019-08-07 08:00:00+00:00,1419.86,1448.84,1418.15,1442.35,17492,560
2019-08-08 08:00:00+00:00,1436.95,1445.66,1399.0,1417.22,12810,230
2019-08-09 08:00:00+00:00,1414.94,1436.11,1412.54,1421.42,12119,1560
2019-08-10 08:00:00+00:00,1420.6,1436.7,1415.06,1415.2,9475,1580
2019-08-13 08:00:00+00:00,1419.93,1442.49,1418.15,1430.27,9274,2230
2019-08-14 08:00:00+00:00,1429.6,1462.27,1420.31,1454.63,11126,1160
2019-08-15 08:00:00+00:00,1454.97,1455.44,1419.47,1426.06,12687,220
2019-08-16 08:00:00+00:00,1425.0,1450.38,1423.06,1446.77,10443,570
2019-08-17 08:00:00+00:00,1443.85,1455.42,1441.55,1445.78,9485,480
2019-08-20 08:00:00+00:00,1447.05,1484.25,1444.66,1476.81,8405,1360
2019-08-21 08:00:00+00:00,1478.03,1495.98,1473.91,1486.45,9711,140
2019-08-22 08:00:00+00:00,1487.72,1495.29,1463.85,1468.65,7966,160
2019-08-23 08:00:00+00:00,1469.95,1493.34,1456.66,1484.43,7483,1140
2019-08-24 08:00:00+00:00,1486.15,1490.54,1453.01,1453.01,9629,1220
2019-08-27 08:00:00+00:00,1456.1,1482.12,1453.01,1478.7,8594,380
2019-08-28 08:00:00+00:00,1475.65,1487.66,1474.54,1477.32,8384,770
2019-08-29 08:00:00+00:00,1476.65,1483.55,1460.15,1471.23,9791,260
2019-08-30 08:00:00+00:00,1472.82,1490.51,1469.33,1472.37,11217,140
2019-08-31 08:00:00+00:00,1471.93,1546.56,1471.93,1526.66,15952,140
2019-09-03 08:00:00+00:00,1528.82,1543.78,1519.77,1528.99,7237,670
2019-09-04 08:00:00+00:00,1531.8,1547.1,1519.49,1541.41,9279,1070
2019-09-05 08:00:00+00:00,1541.3,1563.17,1538.37,1557.34,11625,370
2019-09-06 08:00:00+00:00,1556.15,1567.62,1540.94,1561.24,11886,740
2019-09-07 08:00:00+00:00,1561.5,1563.48,1516.91,1536.1,10412,590
2019-09-10 08:00:00+00:00,1532.61,1562.17,1524.9,1542.74,10290,1490
2019-09-11 08:00:00+00:00,1541.45,1563.54,1536.35,1558.1,10448,270
2019-09-12 08:00:00+00:00,1559.05,1590.26,1555.49,1573.55,10897,700
2019-09-13 08:00:00+00:00,1570.25,1621.3,1567.85,1618.0,13297,880
2019-09-14 08:00:00+00:00,1616.75,1618.63,1593.6,1606.43,10787,800
2019-09-17 08:00:00+00:00,1610.93,1626.99,1584.48,1604.78,12411,1390
2019-09-18 08:00:00+00:00,1604.75,1614.2,1590.91,1598.1,10723,1560
2019-09-19 08:00:00+00:00,1597.85,1607.29,1572.79,1589.98,10676,920
2019-09-20 08:00:00+00:00,1589.75,1628.85,1584.87,1618.71,13043,140
2019-09-21 08:00:00+00:00,1619.18,1654.26,1617.86,1636.37,12262,300
2019-09-24 08:00:00+00:00,1632.35,1664.67,1631.95,1652.78,9442,2100
2019-09-25 08:00:00+00:00,1650.21,1675.43,1649.05,1671.08,10556,1750
2019-09-26 08:00:00+00:00,1672.25,1676.24,1632.57,1644.07,12947,260
2019-09-27 08:00:00+00:00,1641.65,1673.26,1641.59,1667.27,10285,1260
2019-09-28 08:00:00+00:00,1667.26,1695.3,1648.34,1681.47,11068,610
2019-10-01 08:00:00+00:00,1680.17,1700.65,1655.87,1673.33,13308,760
2019-10-02 08:00:00+00:00,1675.44,1681.18,1648.42,1654.41,11627,1560
2019-10-03 08:00:00+00:00,1652.76,1696.87,1637.1,1687.3,12800,690
2019-10-04 08:00:00+00:00,1686.65,1692.54,1644.65,1655.9,11527,160
2019-10-05 08:00:00+00:00,1650.95,1683.7,1650.95,1659.1,10849,520
2019-10-08 08:00:00+00:00,1661.47,1672.47,1646.74,1661.45,7359,3290
2019-10-09 08:00:00+00:00,1661.95,1677.41,1629.56,1672.86,12108,140
2019-10-10 08:00:00+00:00,1674.42,1691.56,1655.07,1681.11,9719,2220
2019-10-11 08:00:00+00:00,1679.45,1705.06,1673.48,1699.93,11975,1150
2019-10-12 08:00:00+00:00,1697.15,1705.84,1682.44,1695.49,12241,1270
2019-10-15 08:00:00+00:00,1695.38,1720.84,1688.61,1711.56,8285,140
2019-10-16 08:00:00+00:00,1711.14,1740.38,1708.72,1734.88,8763,520
2019-10-17 08:00:00+00:00,1734.22,1779.48,1730.01,1767.07,14136,1220
2019-10-18 08:00:00+00:00,1766.35,1782.94,1755.01,1760.48,10522,190
2019-10-19 08:00:00+00:00,1759.43,1766.61,1741.08,1750.55,7856,1050
2019-10-22 08:00:00+00:00,1749.58,1775.34,1748.62,1760.25,7460,1190
2019-10-23 08:00:00+00:00,1758.95,1769.22,1749.36,1754.64,7173,1900
2019-10-24 08:00:00+00:00,1755.07,1763.26,1731.79,1744.3,8615,550
2019-10-25 08:00:00+00:00,1742.75,1782.38,1740.88,1774.43,9426,140
2019-10-26 08:00:00+00:00,1774.45,1783.31,1762.64,1762.89,9646,480
2019-10-29 08:00:00+00:00,1760.77,1809.51,1760.08,1801.08,10012,480
2019-10-30 08:00:00+00:00,1800.25,1803.45,1775.25,1779.41,8218,1160
2019-10-31 08:00:00+00:00,1780.79,1823.49,1776.13,1806.48,10204,1600
2019-11-01 08:00:00+00:00,1806.69,1820.56,1775.01,1796.31,11362,1120
2019-11-02 08:00:00+00:00,1794.75,1815.31,1784.75,1801.66,10312,0
2019-11-05 08:00:00+00:00,1806.46,1820.66,1773.22,1778.46,9502,290
2019-11-06 08:00:00+00:00,1779.25,1788.35,1759.96,1778.13,12038,190
2019-11-07 08:00:00+00:00,1773.91,1801.78,1768.49,1792.59,8130,750
2019-11-08 08:00:00+00:00,1790.95,1812.31,1786.81,1800.91,10092,400
2019-11-09 08:00:00+00:00,1799.45,1802.59,1735.47,1735.48,14229,140
2019-11-12 08:00:00+00:00,1742.32,1756.29,1677.18,1686.9,10707,650
2019-11-13 08:00:00+00:00,1685.97,1717.0,1685.38,1700.14,11669,330
2019-11-14 08:00:00+00:00,1699.65,1732.84,1694.51,1710.46,10714,850
2019-11-15 08:00:00+00:00,1709.87,1740.64,1707.89,1737.22,9089,600
2019-11-16 08:00:00+00:00,1735.75,1747.88,1699.88,1700.88,10550,1210
2019-11-19 08:00:00+00:00,1703.26,1743.64,1702.08,1737.64,11021,240
2019-11-20 08:00:00+00:00,1735.97,1774.84,1714.03,1762.83,10430,320
2019-11-21 08:00:00+00:00,1762.06,1777.68,1754.29,1765.2,7973,1670
2019-11-22 08:00:00+00:00,1764.65,1770.03,1755.43,1760.33,9245,1580
2019-11-23 08:00:00+00:00,1759.85,1776.71,1756.02,1770.23,8413,1500
2019-11-26 08:00:00+00:00,1772.05,1814.11,1770.47,1792.43,10276,310
2019-11-27 08:00:00+00:00,1791.95,1818.58,1779.93,1809.16,13858,140
2019-11-28 08:00:00+00:00,1807.95,1834.7,1797.21,1833.77,18134,230
2019-11-29 08:00:00+00:00,1834.39,1842.36,1826.1,1832.93,9523,240
2019-11-30 08:00:00+00:00,1838.16,1843.88,1821.55,1838.31,14660,140
2019-12-03 08:00:00+00:00,1837.83,1861.96,1833.95,1850.9,23913,230
2019-12-04 08:00:00+00:00,1849.87,1861.85,1842.16,1856.59,23232,370
2019-12-05 08:00:00+00:00,1855.83,1873.0,1850.74,1868.52,19662,500
2019-12-06 08:00:00+00:00,1868.42,1876.74,1848.16,1873.15,24748,780
2019-12-07 08:00:00+00:00,1873.29,1881.09,1863.78,1873.45,23963,280
2019-12-10 08:00:00+00:00,1875.83,1898.52,1872.47,1880.4,20365,290
2019-12-11 08:00:00+00:00,1879.45,1903.01,1878.05,1897.47,24196,160
2019-12-12 08:00:00+00:00,1896.93,1917.52,1892.41,1911.88,25943,520
2019-12-13 08:00:00+00:00,1911.87,1943.81,1907.61,1939.17,30963,150
2019-12-14 08:00:00+00:00,1939.25,1981.19,1911.37,1928.95,37667,140
2019-12-17 08:00:00+00:00,1932.45,1993.01,1932.45,1977.28,22651,300
2019-12-18 08:00:00+00:00,1977.65,1998.73,1933.24,1954.47,27075,140
2019-12-19 08:00:00+00:00,1951.95,1955.35,1917.7,1920.69,20445,470
2019-12-20 08:00:00+00:00,1921.86,1939.18,1913.8,1935.3,19741,1650
2019-12-21 08:00:00+00:00,1935.74,1945.94,1833.35,1849.38,28186,180
2019-12-24 08:00:00+00:00,1850.18,1885.63,1812.47,1874.06,23486,210
2019-12-25 08:00:00+00:00,1875.35,1895.25,1862.79,1878.24,15065,220
2019-12-27 08:00:00+00:00,1878.28,1903.46,1878.28,1898.67,14166,360
2019-12-28 08:00:00+00:00,1899.32,1911.19,1892.4,1897.54,22821,2250
2019-12-31 08:00:00+00:00,1901.45,1912.76,1898.34,1903.56,19622,3490
2020-01-01 08:00:00+00:00,1906.96,1941.94,1903.79,1937.48,22339,770
2020-01-03 08:00:00+00:00,1940.45,1965.38,1938.27,1958.19,25450,140
2020-01-04 08:00:00+00:00,1957.33,1987.17,1955.7,1979.98,37632,490
2020-01-07 08:00:00+00:00,1988.36,2029.96,1988.36,2029.58,28451,160
2020-01-08 08:00:00+00:00,2027.92,2052.9,2012.44,2052.18,25711,2580
2020-01-09 08:00:00+00:00,2052.44,2107.66,2021.34,2105.13,41522,1230
2020-01-10 08:00:00+00:00,2105.76,2151.63,2056.9,2109.46,30177,640
2020-01-11 08:00:00+00:00,2106.52,2127.58,2093.55,2112.93,17731,320
2020-01-14 08:00:00+00:00,2108.21,2145.27,2105.63,2133.48,19267,1400
2020-01-15 08:00:00+00:00,2132.85,2194.14,2122.54,2192.97,24962,920
2020-01-16 08:00:00+00:00,2192.08,2262.77,2180.58,2260.4,29416,150
2020-01-17 08:00:00+00:00,2259.71,2389.73,2253.77,2306.6,28319,630
2020-01-18 08:00:00+00:00,2300.52,2535.78,2297.18,2480.18,15512,740
2020-01-21 08:00:00+00:00,2467.29,2573.19,2450.82,2486.12,8059,290
2020-01-22 08:00:00+00:00,2486.16,2526.31,2370.77,2391.86,32493,4620
2020-01-23 08:00:00+00:00,2396.21,2475.6,2379.26,2467.07,33504,5180
2020-01-24 08:00:00+00:00,2469.89,2530.43,2387.44,2462.54,35484,170
2020-01-25 08:00:00+00:00,2461.48,2483.23,2378.6,2417.83,25481,4170
2020-01-28 08:00:00+00:00,2403.98,2420.79,2255.23,2258.1,45685,350
2020-01-29 08:00:00+00:00,2266.25,2334.73,2247.21,2277.89,32422,6030
2020-01-30 08:00:00+00:00,2279.85,2328.84,2257.37,2294.25,27374,3880
2020-01-31 08:00:00+00:00,2293.67,2307.15,2252.98,2294.88,37185,7750
2020-02-01 08:00:00+00:00,2293.58,2310.19,2257.85,2258.18,37408,1990
2020-02-04 08:00:00+00:00,2271.66,2330.8,2265.64,2323.17,50635,4850
2020-02-05 08:00:00+00:00,2320.28,2430.69,2313.36,2428.82,54618,2370
2020-02-06 08:00:00+00:00,2428.25,2496.08,2410.94,2430.51,55362,3830
2020-02-07 08:00:00+00:00,2431.48,2462.06,2339.13,2352.08,38602,140
2020-02-08 08:00:00+00:00,2342.34,2367.96,2285.56,2312.87,34067,260
2020-02-11 08:00:00+00:00,2304.73,2366.91,2304.73,2349.09,11883,7290
2020-02-12 08:00:00+00:00,2347.65,2358.33,2302.64,2339.18,11500,3710
2020-02-13 08:00:00+00:00,2338.22,2394.38,2315.38,2391.33,9436,3240
2020-02-14 08:00:00+00:00,2389.74,2439.3,2367.12,2423.97,10599,150
2020-02-15 08:00:00+00:00,2420.15,2456.37,2402.45,2421.49,10346,2630
2020-02-18 08:00:00+00:00,2428.18,2520.93,2424.03,2514.34,9997,4890
2020-02-19 08:00:00+00:00,2519.4,2627.97,2502.55,2618.49,14468,3300
2020-02-20 08:00:00+00:00,2618.06,2830.14,2618.06,2703.75,26175,2050
2020-02-21 08:00:00+00:00,2710.71,2767.55,2639.94,2693.44,20763,8190
2020-02-22 08:00:00+00:00,2689.3,2726.03,2665.71,2696.81,15173,5340
2020-02-25 08:00:00+00:00,2700.01,2724.67,2584.05,2636.71,16860,8330
2020-02-26 08:00:00+00:00,2638.26,2728.9,2633.99,2699.0,20755,1840
2020-02-27 08:00:00+00:00,2702.81,2792.51,2683.66,2769.33,18397,150
2020-02-28 08:00:00+00:00,2762.85,2872.58,2725.29,2842.07,13671,260
2020-02-29 08:00:00+00:00,2853.4,2870.13,2494.29,2612.7,19986,170
2020-03-03 08:00:00+00:00,2564.07,2674.79,2498.26,2528.03,18409,210
2020-03-04 08:00:00+00:00,2538.25,2575.74,2457.09,2487.04,15920,6410
2020-03-05 08:00:00+00:00,2498.42,2551.99,2398.05,2528.13,17613,210
2020-03-06 08:00:00+00:00,2527.17,2551.47,2447.45,2536.87,10013,9470
2020-03-07 08:00:00+00:00,2532.89,2625.49,2441.8,2564.76,12907,630
2020-03-10 08:00:00+00:00,2560.14,2573.3,2362.92,2483.65,14160,4530
2020-03-11 08:00:00+00:00,2495.4,2538.06,2389.14,2410.08,19409,2060
2020-03-12 08:00:00+00:00,2402.23,2421.42,2295.67,2302.01,15028,3460
2020-03-13 08:00:00+00:00,2291.73,2310.7,1644.43,1834.53,25798,1810
2020-03-14 08:00:00+00:00,1876.42,2042.9,1592.61,1794.58,22576,3880
2020-03-17 08:00:00+00:00,1732.26,1856.56,1479.36,1588.11,22781,140
2020-03-18 08:00:00+00:00,1594.31,1779.49,1525.51,1636.87,19143,5660
2020-03-19 08:00:00+00:00,1638.19,1696.81,1542.41,1587.17,11925,140
2020-03-20 08:00:00+00:00,1605.45,1714.28,1500.41,1639.76,8541,1670
2020-03-21 08:00:00+00:00,1652.35,1722.12,1583.18,1656.26,7092,140
2020-03-24 08:00:00+00:00,1665.72,1709.5,1590.42,1709.31,10490,14540
2020-03-25 08:00:00+00:00,1705.26,1978.36,1697.18,1933.97,14785,6040
2020-03-26 08:00:00+00:00,1942.74,2412.98,1927.73,2330.12,10560,5680
2020-03-27 08:00:00+00:00,2333.81,2405.09,2258.64,2288.74,3640,17220
2020-03-28 08:00:00+00:00,2318.72,2386.68,2224.4,2226.91,8208,10710
2020-03-31 08:00:00+00:00,2246.13,2328.43,2209.37,2313.7,5731,19340
2020-04-01 08:00:00+00:00,2307.45,2453.43,2280.29,2356.76,8284,19340
2020-04-02 08:00:00+00:00,2335.66,2370.4,2181.09,2216.2,5749,15740
2020-04-03 08:00:00+00:00,2196.37,2311.66,2126.2,2210.06,10034,15740
2020-04-04 08:00:00+00:00,2206.25,2251.94,2112.63,2162.26,5223,15740
2020-04-07 08:00:00+00:00,2150.27,2209.19,2092.09,2153.07,17300,300
2020-04-08 08:00:00+00:00,2153.05,2282.07,2117.79,2171.26,15637,2520
2020-04-09 08:00:00+00:00,2181.07,2207.97,2156.93,2164.12,5289,6610
2020-04-10 08:00:00+00:00,2153.37,2187.7,2141.53,2154.82,5331,0
2020-04-14 08:00:00+00:00,2136.58,2280.13,2097.19,2191.43,6124,8660
2020-04-15 08:00:00+00:00,2211.61,2303.96,2184.51,2222.36,12387,6120
2020-04-16 08:00:00+00:00,2233.79,2240.24,2115.52,2165.44,13950,160
2020-04-17 08:00:00+00:00,2159.7,2227.83,2126.34,2154.97,12814,2700
2020-04-18 08:00:00+00:00,2157.45,2203.82,2141.89,2141.89,7010,310
2020-04-21 08:00:00+00:00,2131.2,2211.82,2131.2,2164.3,4707,12640
2020-04-22 08:00:00+00:00,2165.95,2174.74,1837.66,1923.6,5531,12060
2020-04-23 08:00:00+00:00,1930.05,1976.45,1922.91,1934.36,5958,380
2020-04-24 08:00:00+00:00,1895.46,2061.07,1895.46,1973.75,12049,170
2020-04-25 08:00:00+00:00,1963.25,2042.45,1955.75,1990.12,6484,1220
2020-04-28 08:00:00+00:00,1972.66,2064.49,1900.98,1920.84,5251,6910
2020-04-29 08:00:00+00:00,1906.35,1958.36,1879.84,1906.5,4786,9800
2020-04-30 08:00:00+00:00,1910.16,1991.58,1906.85,1942.79,6043,17040
2020-05-01 08:00:00+00:00,1941.27,2070.05,1934.79,1959.97,8559,9890
2020-05-02 08:00:00+00:00,1972.45,1990.33,1883.35,1883.35,5233,150
2020-05-05 08:00:00+00:00,1897.87,1921.24,1834.34,1851.12,6762,1700
2020-05-06 08:00:00+00:00,1841.25,1863.23,1755.4,1803.14,11743,4270
2020-05-07 08:00:00+00:00,1787.79,1821.24,1755.88,1791.18,7220,3040
2020-05-08 08:00:00+00:00,1780.31,1870.28,1779.95,1853.87,7921,8530
2020-05-09 08:00:00+00:00,1831.64,1916.29,1831.64,1859.1,6521,8700
2020-05-12 08:00:00+00:00,1847.11,1943.59,1830.53,1884.07,13211,12250
2020-05-13 08:00:00+00:00,1889.35,1911.21,1829.03,1847.9,13021,5560
2020-05-14 08:00:00+00:00,1847.54,1859.29,1770.8,1826.03,19817,11310
2020-05-15 08:00:00+00:00,1822.31,1838.63,1769.04,1835.42,24477,3810
2020-05-16 08:00:00+00:00,1824.43,1880.03,1804.31,1857.17,25992,490
2020-05-19 08:00:00+00:00,1874.65,2046.01,1853.26,1989.75,18288,11010
2020-05-20 08:00:00+00:00,1987.25,2117.77,1951.64,2013.27,22845,10540
2020-05-21 08:00:00+00:00,2013.04,2107.31,2007.74,2089.95,15319,15740
2020-05-22 08:00:00+00:00,2068.02,2088.35,2001.16,2031.55,14513,140
2020-05-23 08:00:00+00:00,2018.44,2045.23,1904.48,1957.79,18852,810
2020-05-26 08:00:00+00:00,1961.8,1992.23,1931.31,1987.86,6550,12210
2020-05-27 08:00:00+00:00,1986.04,2032.38,1931.99,1948.42,18662,5930
2020-05-28 08:00:00+00:00,1949.41,1993.79,1881.6,1936.45,14935,140
2020-05-29 08:00:00+00:00,1936.63,1970.81,1876.7,1931.34,8309,15540
2020-05-30 08:00:00+00:00,1919.15,1965.19,1902.05,1927.34,8763,13340
2020-06-02 08:00:00+00:00,1930.2,1967.63,1899.66,1952.28,8460,8930
2020-06-03 08:00:00+00:00,1966.43,1992.73,1939.79,1967.57,9187,1230
2020-06-04 08:00:00+00:00,1964.74,1990.04,1934.75,1937.94,8796,10780
2020-06-05 08:00:00+00:00,1942.65,1952.21,1809.88,1927.51,7847,5870
2020-06-06 08:00:00+00:00,1928.48,1982.67,1906.85,1929.93,7053,5920
2020-06-09 08:00:00+00:00,1951.62,2029.02,1907.84,2002.84,17069,3280
2020-06-10 08:00:00+00:00,2019.36,2028.56,1914.22,1947.66,11929,5860
2020-06-11 08:00:00+00:00,1939.77,1979.58,1905.76,1942.16,15529,7270
2020-06-12 08:00:00+00:00,1931.6,1958.52,1907.47,1934.22,15513,170
2020-06-13 08:00:00+00:00,1912.73,1955.41,1882.97,1882.98,13360,1910
2020-06-16 08:00:00+00:00,1917.03,1943.11,1875.06,1924.11,10993,140
2020-06-17 08:00:00+00:00,1935.15,1960.02,1914.17,1929.4,9457,4570
2020-06-18 08:00:00+00:00,1932.95,1936.92,1894.05,1922.7,7644,6420
2020-06-19 08:00:00+00:00,1918.17,1949.13,1874.57,1900.84,8307,5910
2020-06-20 08:00:00+00:00,1901.26,1915.18,1877.75,1891.58,8014,5530
2020-06-23 08:00:00+00:00,1900.15,1942.05,1858.78,1936.77,6306,6190
2020-06-24 08:00:00+00:00,1936.26,1947.01,1903.83,1922.22,10156,4740
2020-06-25 08:00:00+00:00,1928.02,1944.85,1861.94,1878.35,8175,6270
2020-06-26 08:00:00+00:00,1866.75,1891.3,1828.15,1838.74,6477,6960
2020-06-27 08:00:00+00:00,1838.79,1888.68,1828.58,1868.95,13416,1720
2020-06-30 08:00:00+00:00,1873.95,1914.15,1865.72,1893.82,5012,10300
2020-07-01 08:00:00+00:00,1902.51,1958.3,1885.28,1918.51,13259,1430
2020-07-02 08:00:00+00:00,1939.65,1942.47,1898.58,1920.73,11664,4540
2020-07-03 08:00:00+00:00,1914.46,1926.12,1892.36,1905.31,4305,4660
2020-07-04 08:00:00+00:00,1900.75,1930.17,1875.67,1914.58,2675,3340
2020-07-07 08:00:00+00:00,1910.65,1942.72,1890.82,1930.84,6037,2600
2020-07-08 08:00:00+00:00,1929.52,1938.9,1902.51,1925.02,5745,3590
2020-07-09 08:00:00+00:00,1921.87,1954.35,1904.18,1920.15,8491,1220
2020-07-10 08:00:00+00:00,1911.65,1999.42,1909.47,1945.12,13050,620
2020-07-11 08:00:00+00:00,1930.87,1972.81,1929.74,1951.88,7921,900
2020-07-14 08:00:00+00:00,1968.58,2060.57,1957.1,1979.42,28311,250
2020-07-15 08:00:00+00:00,1969.68,1993.14,1932.22,1970.15,21052,180
2020-07-16 08:00:00+00:00,1953.08,1992.97,1944.93,1975.51,22544,140
2020-07-17 08:00:00+00:00,1974.98,2026.89,1962.11,1986.9,28674,140
2020-07-18 08:00:00+00:00,1982.89,2043.46,1967.07,1999.14,22464,320
2020-07-21 08:00:00+00:00,2012.38,2078.46,1969.07,2046.08,44342,780
2020-07-22 08:00:00+00:00,2041.16,2183.76,2036.52,2140.97,38760,270
2020-07-23 08:00:00+00:00,2129.36,2180.88,2098.11,2151.49,51083,620
2020-07-24 08:00:00+00:00,2146.43,2170.48,2111.33,2151.97,65835,150
2020-07-25 08:00:00+00:00,2127.82,2235.23,2122.72,2210.75,41881,140
2020-07-28 08:00:00+00:00,2192.5,2329.2,2152.27,2310.56,58502,140
2020-07-29 08:00:00+00:00,2291.33,2343.15,2235.97,2280.2,53911,440
2020-07-30 08:00:00+00:00,2269.44,2283.48,2088.21,2169.22,39201,480
2020-07-31 08:00:00+00:00,2163.39,2181.36,2023.9,2084.11,35160,1810
2020-08-01 08:00:00+00:00,2069.92,2144.47,2050.03,2083.18,49972,2450
2020-08-04 08:00:00+00:00,2078.77,2125.91,2056.64,2094.15,7123,3350
2020-08-05 08:00:00+00:00,2082.73,2150.43,2077.4,2137.76,7147,1170
2020-08-06 08:00:00+00:00,2136.28,2194.41,2099.92,2186.15,8577,430
2020-08-07 08:00:00+00:00,2179.79,2261.38,2172.16,2226.14,7232,580
2020-08-08 08:00:00+00:00,2223.88,2239.31,2116.84,2141.7,11135,140
2020-08-11 08:00:00+00:00,2168.0,2315.32,2152.83,2222.01,10633,860
2020-08-12 08:00:00+00:00,2221.33,2240.19,2073.1,2087.33,11216,4110
2020-08-13 08:00:00+00:00,2078.53,2175.26,2075.38,2132.7,12260,720
2020-08-14 08:00:00+00:00,2137.15,2199.17,2108.54,2158.23,8699,2310
2020-08-15 08:00:00+00:00,2152.58,2173.82,2096.62,2119.33,6132,3900
2020-08-18 08:00:00+00:00,2118.74,2213.79,2108.59,2193.97,7159,1560
2020-08-19 08:00:00+00:00,2178.84,2229.61,2113.15,2198.71,6556,3900
2020-08-20 08:00:00+00:00,2186.25,2194.58,2138.36,2151.31,5071,6570
2020-08-21 08:00:00+00:00,2143.18,2195.52,2140.15,2174.79,5902,4980
2020-08-22 08:00:00+00:00,2176.08,2209.92,2153.43,2169.39,8400,6410
2020-08-25 08:00:00+00:00,2168.14,2196.69,2141.66,2143.99,6906,570
2020-08-26 08:00:00+00:00,2163.22,2185.75,2121.92,2168.13,6374,790
2020-08-27 08:00:00+00:00,2163.54,2191.93,2138.2,2183.06,6746,2310
2020-08-28 08:00:00+00:00,2182.64,2226.77,2142.36,2171.11,7720,500
2020-08-29 08:00:00+00:00,2159.83,2222.69,2154.77,2197.72,10353,510
2020-09-01 08:00:00+00:00,2199.63,2292.24,2195.19,2244.04,9600,1020
2020-09-02 08:00:00+00:00,2225.31,2313.63,2225.31,2270.59,5045,2650
2020-09-03 08:00:00+00:00,2268.01,2276.17,2236.0,2244.69,5118,4600
2020-09-04 08:00:00+00:00,2239.73,2381.96,2234.94,2293.14,6659,700
2020-09-05 08:00:00+00:00,2300.59,2332.47,2262.25,2297.35,7114,500
2020-09-08 08:00:00+00:00,2298.03,2324.78,2287.58,2288.76,5315,1680
2020-09-09 08:00:00+00:00,2297.98,2318.95,2232.1,2290.79,4945,1460
2020-09-10 08:00:00+00:00,2278.57,2310.72,2242.63,2296.47,5191,4600
2020-09-11 08:00:00+00:00,2284.69,2334.19,2273.12,2287.01,4835,1060
2020-09-12 08:00:00+00:00,2281.92,2340.61,2275.19,2309.22,9337,3390
2020-09-15 08:00:00+00:00,2318.05,2349.91,2299.28,2310.08,6271,1960
2020-09-16 08:00:00+00:00,2289.21,2427.34,2289.21,2396.96,9299,2760
2020-09-17 08:00:00+00:00,2386.25,2413.94,2359.16,2391.55,8272,5510
2020-09-18 08:00:00+00:00,2391.57,2395.19,2294.74,2325.19,5723,590
2020-09-19 08:00:00+00:00,2315.18,2371.73,2309.27,2346.38,5482,5090
2020-09-22 08:00:00+00:00,2358.84,2390.17,2240.91,2271.23,6365,4130
2020-09-23 08:00:00+00:00,2252.15,2300.56,2217.58,2227.78,5701,890
2020-09-24 08:00:00+00:00,2189.88,2286.75,2185.01,2221.16,6979,1500
2020-09-25 08:00:00+00:00,2219.43,2237.84,2182.77,2233.74,7718,5440
2020-09-26 08:00:00+00:00,2219.93,2240.5,2190.12,2213.44,4800,5400
2020-09-29 08:00:00+00:00,2210.9,2273.18,2201.57,2260.35,9286,2240
2020-09-30 08:00:00+00:00,2254.31,2329.16,2244.95,2316.31,7690,3460
2020-10-01 08:00:00+00:00,2313.08,2351.8,2294.99,2305.53,5613,4790
2020-10-02 08:00:00+00:00,2297.2,2344.63,2297.2,2322.87,4705,3870
2020-10-03 08:00:00+00:00,2304.41,2324.15,2292.72,2298.33,3848,1620
2020-10-06 08:00:00+00:00,2307.23,2366.8,2288.83,2363.41,5010,7220
2020-10-07 08:00:00+00:00,2354.46,2382.58,2323.47,2336.34,10624,3920
2020-10-08 08:00:00+00:00,2345.4,2376.26,2331.24,2351.19,9643,670
2020-10-09 08:00:00+00:00,2336.22,2419.42,2336.22,2378.98,10041,780
2020-10-10 08:00:00+00:00,2369.38,2471.23,2369.38,2431.22,9859,4800
2020-10-13 08:00:00+00:00,2446.95,2459.76,2390.03,2403.78,6758,3490
2020-10-14 08:00:00+00:00,2395.8,2424.0,2292.52,2312.75,5865,920
2020-10-15 08:00:00+00:00,2302.29,2364.8,2302.29,2347.24,4756,7230
2020-10-16 08:00:00+00:00,2346.94,2363.68,2322.71,2359.75,4885,5840
2020-10-17 08:00:00+00:00,2355.94,2361.99,2316.14,2326.7,5164,3230
2020-10-20 08:00:00+00:00,2327.08,2355.91,2322.72,2342.29,5216,4140
2020-10-21 08:00:00+00:00,2339.83,2410.44,2332.54,2399.52,9782,4130
2020-10-22 08:00:00+00:00,2400.35,2418.79,2391.66,2402.46,8656,2490
2020-10-23 08:00:00+00:00,2401.0,2412.69,2353.83,2384.46,9045,2240
2020-10-24 08:00:00+00:00,2366.72,2399.24,2360.98,2382.35,7871,5180
2020-10-27 08:00:00+00:00,2386.53,2395.12,2354.84,2357.1,15150,1160
2020-10-28 08:00:00+00:00,2336.98,2382.5,2314.07,2331.21,11747,790
2020-10-29 08:00:00+00:00,2318.01,2354.06,2205.38,2243.3,16420,2360
2020-10-30 08:00:00+00:00,2236.1,2278.01,2183.23,2194.24,20037,2860
2020-10-31 08:00:00+00:00,2191.16,2250.455,2179.12,2207.135,20653,1400
2020-11-03 08:00:00+00:00,2213.505,2264.205,2193.625,2213.495,35941,680
2020-11-04 08:00:00+00:00,2212.925,2306.225,2201.505,2285.815,30584,4510
2020-11-05 08:00:00+00:00,2287.495,2315.345,2227.565,2288.585,47008,1930
2020-11-06 08:00:00+00:00,2287.045,2427.095,2262.665,2379.485,38449,1990
2020-11-07 08:00:00+00:00,2376.165,2500.385,2365.205,2487.035,41281,1240
2020-11-10 08:00:00+00:00,2488.755,2514.255,2431.165,2479.835,25121,2090
2020-11-11 08:00:00+00:00,2467.995,2496.685,2448.265,2457.665,15710,5410
2020-11-12 08:00:00+00:00,2456.175,2469.185,2304.665,2318.135,15886,570
2020-11-13 08:00:00+00:00,2288.925,2365.755,2288.925,2335.195,14116,3120
2020-11-14 08:00:00+00:00,2321.495,2352.515,2313.235,2316.125,12810,2760
2020-11-17 08:00:00+00:00,2323.425,2365.255,2301.445,2331.215,18730,2470
2020-11-18 08:00:00+00:00,2324.595,2345.315,2305.885,2319.645,17610,2220
2020-11-19 08:00:00+00:00,2320.715,2379.865,2302.555,2335.525,24164,1600
2020-11-20 08:00:00+00:00,2331.705,2346.125,2276.185,2322.335,23379,380
2020-11-21 08:00:00+00:00,2309.305,2341.405,2309.305,2320.675,40402,2830
2020-11-24 08:00:00+00:00,2319.575,2355.525,2319.075,2346.755,6908,3430
2020-11-25 08:00:00+00:00,2323.625,2357.645,2313.255,2344.395,9909,3030
2020-11-26 08:00:00+00:00,2347.115,2349.765,2322.055,2327.065,10136,3380
2020-11-27 08:00:00+00:00,2300.085,2398.775,2300.085,2385.605,4755,2380
2020-11-28 08:00:00+00:00,2353.375,2430.415,2341.855,2420.565,4994,4480
2020-12-01 08:00:00+00:00,2422.175,2428.335,2365.915,2376.365,5899,2280
2020-12-02 08:00:00+00:00,2357.205,2432.605,2357.205,2410.545,4219,2610
2020-12-03 08:00:00+00:00,2396.155,2426.915,2378.095,2404.785,7381,3660
2020-12-04 08:00:00+00:00,2395.245,2417.745,2219.425,2307.265,10508,410
2020-12-05 08:00:00+00:00,2291.785,2386.735,2291.785,2341.775,10940,4890
2020-12-08 08:00:00+00:00,2339.055,2377.105,2310.355,2331.295,15747,880
2020-12-09 08:00:00+00:00,2326.975,2349.785,2295.545,2312.615,7657,1610
2020-12-10 08:00:00+00:00,2311.045,2326.395,2257.945,2263.245,6487,2940
2020-12-11 08:00:00+00:00,2262.125,2370.875,2255.865,2330.885,10208,650
2020-12-12 08:00:00+00:00,2335.815,2358.745,2310.415,2313.625,8597,5040
2020-12-15 08:00:00+00:00,2321.955,2333.125,2293.795,2296.695,6188,1460
2020-12-16 08:00:00+00:00,2283.435,2361.915,2283.435,2306.645,11334,4310
2020-12-17 08:00:00+00:00,2287.125,2348.455,2287.125,2327.995,11281,3780
2020-12-18 08:00:00+00:00,2326.775,2358.435,2318.445,2335.615,9014,2500
2020-12-19 08:00:00+00:00,2324.595,2388.075,2320.775,2350.325,11711,650
2020-12-22 08:00:00+00:00,2354.075,2388.515,2289.365,2306.655,8567,6030
2020-12-23 08:00:00+00:00,2286.525,2351.415,2286.525,2308.745,14608,3730
2020-12-24 08:00:00+00:00,2284.875,2341.865,2284.875,2324.415,6005,7750
2020-12-25 08:00:00+00:00,2322.385,2343.495,2310.545,2338.545,6665,5850
2020-12-29 08:00:00+00:00,2330.325,2463.535,2328.505,2330.545,16059,1610
2020-12-30 08:00:00+00:00,2311.125,2363.965,2311.125,2326.455,10415,8530
2020-12-31 08:00:00+00:00,2319.065,2373.245,2316.565,2354.895,8850,9890
2021-01-01 08:00:00+00:00,2341.775,2450.265,2341.775,2444.165,10578,6600
2021-01-05 08:00:00+00:00,2451.325,2473.845,2356.695,2377.935,23623,5130
2021-01-06 08:00:00+00:00,2352.085,2521.385,2352.085,2465.585,19106,1910
2021-01-07 08:00:00+00:00,2440.625,2484.205,2392.245,2432.815,17229,5780
2021-01-08 08:00:00+00:00,2415.125,2452.715,2396.885,2422.325,13558,2600
2021-01-09 08:00:00+00:00,2393.625,2438.245,2333.825,2357.675,13947,550
2021-01-12 08:00:00+00:00,2363.325,2395.235,2337.595,2367.155,18625,4440
2021-01-13 08:00:00+00:00,2355.305,2396.095,2355.305,2389.805,17620,7490
2021-01-14 08:00:00+00:00,2376.005,2403.795,2367.795,2386.305,43405,1620
2021-01-15 08:00:00+00:00,2370.675,2419.705,2369.095,2406.785,62042,5820
2021-01-16 08:00:00+00:00,2392.915,2455.435,2368.145,2377.525,61157,7580
2021-01-19 08:00:00+00:00,2379.355,2397.255,2351.215,2365.515,59730,5000
2021-01-20 08:00:00+00:00,2365.515,2384.125,2346.105,2354.385,74268,8470
2021-01-21 08:00:00+00:00,2353.625,2400.065,2338.295,2368.785,75964,1690
2021-01-22 08:00:00+00:00,2360.105,2409.105,2359.655,2363.985,72934,9780
2021-01-23 08:00:00+00:00,2350.875,2375.975,2344.825,2354.985,80212,9240
2021-01-26 08:00:00+00:00,2358.455,2377.405,2316.325,2336.675,53597,8780
2021-01-27 08:00:00+00:00,2321.955,2343.385,2308.745,2316.815,46379,5050
2021-01-28 08:00:00+00:00,2295.625,2326.755,2284.495,2304.685,45315,8480
2021-01-29 08:00:00+00:00,2294.605,2354.615,2266.225,2327.565,58629,6800
2021-01-30 08:00:00+00:00,2307.375,2360.875,2186.055,2218.975,62487,5400
2021-02-02 08:00:00+00:00,2245.725,2282.455,2211.555,2243.675,65588,10130
2021-02-03 08:00:00+00:00,2221.215,2276.105,2217.585,2239.595,107199,9380
2021-02-04 08:00:00+00:00,2239.185,2284.445,2223.325,2269.445,77580,9250
2021-02-05 08:00:00+00:00,2248.375,2294.445,2231.105,2282.535,92319,9450
2021-02-06 08:00:00+00:00,2258.875,2344.875,2258.875,2336.135,79674,10840
2021-02-09 08:00:00+00:00,2339.975,2357.785,2321.045,2332.155,81050,8840
2021-02-10 08:00:00+00:00,2309.875,2352.505,2301.435,2313.775,81532,10510
2021-02-11 08:00:00+00:00,2297.375,2386.925,2297.375,2357.585,73187,9960
2021-02-12 08:00:00+00:00,2356.425,2372.195,2335.165,2344.045,97876,7630
2021-02-13 08:00:00+00:00,2322.125,2389.045,2322.125,2384.505,101529,950
2021-02-16 08:00:00+00:00,2384.265,2411.995,2370.495,2398.805,52355,9510
2021-02-17 08:00:00+00:00,2381.825,2418.025,2355.225,2380.645,154735,8300
2021-02-18 08:00:00+00:00,2378.465,2389.085,2355.095,2368.585,116007,8780
2021-02-19 08:00:00+00:00,2360.315,2394.295,2334.325,2346.285,110516,9410
2021-02-20 08:00:00+00:00,2339.445,2380.285,2326.775,2369.845,104086,8620
2021-02-23 08:00:00+00:00,2390.575,2426.115,2368.715,2391.445,93253,8820
2021-02-24 08:00:00+00:00,2384.995,2402.905,2285.875,2322.025,96914,7870
2021-02-25 08:00:00+00:00,2319.925,2438.535,2319.925,2431.905,91902,7070
2021-02-26 08:00:00+00:00,2421.845,2490.545,2399.185,2400.405,120663,6030
2021-02-27 08:00:00+00:00,2391.245,2431.605,2298.395,2303.765,85078,10670
2021-03-02 08:00:00+00:00,2317.675,2385.025,2317.305,2346.985,80613,9660
2021-03-03 08:00:00+00:00,2331.665,2380.565,2331.665,2359.385,77995,9770
2021-03-04 08:00:00+00:00,2345.705,2382.955,2319.885,2344.135,63390,5780
2021-03-05 08:00:00+00:00,2341.865,2381.815,2327.375,2327.375,9512,8800
2021-03-06 08:00:00+00:00,2327.875,2369.755,2315.765,2327.395,10389,10810
2021-03-09 08:00:00+00:00,2328.875,2357.335,2312.025,2312.865,9257,12950
2021-03-10 08:00:00+00:00,2308.135,2323.335,2268.255,2295.565,19443,12370
2021-03-11 08:00:00+00:00,2290.655,2308.975,2282.155,2308.295,13322,10140
2021-03-12 08:00:00+00:00,2302.385,2371.035,2294.255,2340.525,16538,8270
2021-03-13 08:00:00+00:00,2340.875,2374.085,2320.355,2365.615,14553,7330
2021-03-16 08:00:00+00:00,2364.605,2400.495,2339.645,2384.185,13639,4940
2021-03-17 08:00:00+00:00,2380.655,2533.965,2376.315,2488.855,30633,5230
2021-03-18 08:00:00+00:00,2478.045,2577.325,2452.705,2569.515,28149,380
2021-03-19 08:00:00+00:00,2569.265,2749.195,2554.635,2670.615,27492,5910
2021-03-20 08:00:00+00:00,2669.425,2690.125,2597.375,2623.055,19677,10260
2021-03-23 08:00:00+00:00,2605.955,2650.095,2552.865,2610.355,17894,6840
2021-03-24 08:00:00+00:00,2608.955,2647.545,2563.775,2599.035,18353,6080
2021-03-25 08:00:00+00:00,2594.965,2643.955,2589.495,2627.845,23365,6140
2021-03-26 08:00:00+00:00,2625.655,2650.105,2605.255,2618.785,15495,4130
2021-03-27 08:00:00+00:00,2614.365,2679.585,2602.555,2669.025,14645,2500
2021-03-30 08:00:00+00:00,2669.545,2678.565,2513.135,2526.145,12268,3180
2021-03-31 08:00:00+00:00,2527.765,2602.985,2512.005,2578.245,11193,9120
2021-04-01 08:00:00+00:00,2577.215,2624.675,2535.565,2612.265,7841,6530
2021-04-02 08:00:00+00:00,2611.065,2663.945,2602.865,2656.725,14561,12370
2021-04-06 08:00:00+00:00,2647.835,2668.935,2616.155,2652.945,9984,12670
2021-04-07 08:00:00+00:00,2652.715,2694.925,2642.755,2670.285,18559,8470
2021-04-08 08:00:00+00:00,2676.055,2680.485,2577.445,2620.575,18151,8050
2021-04-09 08:00:00+00:00,2617.135,2645.795,2603.865,2625.875,13213,9770
2021-04-10 08:00:00+00:00,2616.445,2642.655,2609.085,2629.495,13626,10680
2021-04-13 08:00:00+00:00,2616.855,2681.505,2611.375,2668.205,13006,9100
2021-04-14 08:00:00+00:00,2664.175,2704.325,2660.205,2688.125,17921,3330
2021-04-15 08:00:00+00:00,2689.055,2696.215,2661.425,2666.815,24488,6370
2021-04-16 08:00:00+00:00,2666.165,2759.965,2662.075,2736.415,30731,4740
2021-04-17 08:00:00+00:00,2735.725,2782.935,2726.115,2770.505,22874,7270
2021-04-20 08:00:00+00:00,2770.485,2843.315,2751.575,2804.105,23609,2560
2021-04-21 08:00:00+00:00,2797.585,2809.545,2722.825,2752.765,25208,3750
2021-04-22 08:00:00+00:00,2751.355,2890.635,2738.655,2869.695,26602,2120
2021-04-23 08:00:00+00:00,2863.265,2885.955,2808.645,2829.135,22782,7070
2021-04-24 08:00:00+00:00,2825.555,2922.985,2805.185,2845.425,26395,3650
2021-04-27 08:00:00+00:00,2845.505,2943.555,2837.865,2911.815,26184,2510
2021-04-28 08:00:00+00:00,2912.965,2962.445,2885.405,2939.575,26637,4780
2021-04-29 08:00:00+00:00,2930.245,2946.245,2894.025,2926.755,30117,2530
2021-04-30 08:00:00+00:00,2922.895,2978.825,2912.955,2952.235,24269,5940
2021-05-01 08:00:00+00:00,2940.245,3006.635,2929.675,2931.145,28461,3620
2021-05-04 08:00:00+00:00,2923.635,2993.605,2921.415,2969.995,27420,4710
2021-05-05 08:00:00+00:00,2968.745,3013.935,2955.685,2975.795,21090,3020
2021-05-06 08:00:00+00:00,2971.725,3010.995,2946.575,2968.595,21795,3820
2021-05-07 08:00:00+00:00,2959.735,2986.455,2893.505,2943.145,28124,730
2021-05-08 08:00:00+00:00,2934.005,2960.895,2823.285,2920.265,30510,1110
2021-05-11 08:00:00+00:00,2912.635,2997.475,2912.635,2953.335,29600,2480
2021-05-12 08:00:00+00:00,2949.235,2976.895,2902.455,2928.095,16069,6760
2021-05-13 08:00:00+00:00,2924.245,2955.345,2839.335,2851.295,22856,3110
2021-05-14 08:00:00+00:00,2847.235,2898.675,2799.235,2861.445,27832,2650
2021-05-15 08:00:00+00:00,2851.295,2925.525,2845.915,2889.995,27100,3360
2021-05-18 08:00:00+00:00,2880.365,2909.575,2876.265,2896.175,28458,3090
2021-05-19 08:00:00+00:00,2895.975,2940.745,2888.065,2902.795,25554,3570
2021-05-20 08:00:00+00:00,2900.625,2916.915,2847.495,2867.645,34978,1130
2021-05-21 08:00:00+00:00,2867.555,2894.085,2839.985,2844.695,27980,9090
2021-05-22 08:00:00+00:00,2833.415,2874.365,2760.475,2764.835,22459,8340
2021-05-25 08:00:00+00:00,2767.345,2816.365,2721.505,2731.525,21802,3020
2021-05-26 08:00:00+00:00,2728.855,2784.655,2710.955,2767.325,28057,630
2021-05-27 08:00:00+00:00,2766.085,2801.445,2726.055,2736.605,23781,350
2021-05-28 08:00:00+00:00,2724.195,2837.035,2689.145,2802.535,28274,3150
2021-05-29 08:00:00+00:00,2799.195,2835.375,2771.715,2816.005,24011,5670
2021-06-01 08:00:00+00:00,2817.235,2847.185,2810.035,2821.575,11418,8180
2021-06-02 08:00:00+00:00,2817.735,2863.555,2805.405,2854.485,27043,8490
2021-06-03 08:00:00+00:00,2844.355,2866.615,2827.965,2852.325,31276,5250
2021-06-04 08:00:00+00:00,2843.465,2865.875,2791.635,2839.825,25547,6050
2021-06-05 08:00:00+00:00,2816.925,2844.585,2802.575,2838.075,31947,4990
2021-06-08 08:00:00+00:00,2828.365,2842.155,2817.055,2835.015,23639,5830
2021-06-09 08:00:00+00:00,2834.795,2842.645,2741.695,2803.125,23276,6360
2021-06-10 08:00:00+00:00,2787.695,2814.875,2762.275,2770.695,27946,6660
2021-06-11 08:00:00+00:00,2754.975,2781.965,2722.935,2774.865,25573,6580
2021-06-12 08:00:00+00:00,2753.975,2808.235,2753.975,2768.895,29482,5850
2021-06-15 08:00:00+00:00,2767.525,2776.195,2742.385,2751.855,40383,5060
2021-06-16 08:00:00+00:00,2753.145,2764.345,2737.685,2759.545,32632,3040
2021-06-17 08:00:00+00:00,2751.865,2837.015,2751.415,2795.655,26619,1500
2021-06-18 08:00:00+00:00,2795.165,2805.735,2490.645,2499.705,36944,350
2021-06-19 08:00:00+00:00,2486.285,2594.525,2456.135,2462.725,24625,1730
2021-06-22 08:00:00+00:00,2477.865,2592.295,2467.055,2583.725,25449,2800
2021-06-23 08:00:00+00:00,2582.225,2610.505,2540.275,2556.825,37897,5890
2021-06-24 08:00:00+00:00,2549.145,2634.175,2545.245,2606.515,32753,1810
2021-06-25 08:00:00+00:00,2603.955,2650.425,2600.665,2642.055,41626,4910
2021-06-26 08:00:00+00:00,2641.845,2659.005,2607.705,2628.165,25047,6420
2021-06-29 08:00:00+00:00,2624.845,2699.485,2623.945,2679.375,33714,6230
2021-06-30 08:00:00+00:00,2674.445,2695.955,2660.665,2677.875,38189,3920
2021-07-01 08:00:00+00:00,2674.075,2789.935,2667.045,2776.445,43086,3430
2021-07-02 08:00:00+00:00,2775.775,2798.255,2747.615,2759.085,32675,5270
2021-07-03 08:00:00+00:00,2752.115,2808.515,2744.595,2782.645,39693,2870
2021-07-06 08:00:00+00:00,2783.805,2821.615,2783.425,2809.555,21177,5560
2021-07-07 08:00:00+00:00,2809.555,2878.495,2764.405,2788.695,36054,4070
2021-07-08 08:00:00+00:00,2780.605,2865.275,2759.985,2845.945,42568,3630
2021-07-09 08:00:00+00:00,2837.475,2859.215,2775.865,2800.325,37366,5200
2021-07-10 08:00:00+00:00,2789.025,2821.035,2778.465,2807.275,36652,4820
2021-07-13 08:00:00+00:00,2811.575,2864.315,2788.655,2853.075,35202,3230
2021-07-14 08:00:00+00:00,2851.995,2855.075,2818.905,2825.305,39729,5560
2021-07-15 08:00:00+00:00,2822.005,2844.765,2794.655,2823.585,33336,6090
2021-07-16 08:00:00+00:00,2814.575,2828.065,2690.995,2726.725,32276,470
2021-07-17 08:00:00+00:00,2718.625,2750.135,2596.985,2626.505,43829,2820
2021-07-20 08:00:00+00:00,2631.505,2648.585,2568.925,2590.965,39000,580
2021-07-21 08:00:00+00:00,2580.975,2655.785,2568.115,2635.245,33758,570
2021-07-22 08:00:00+00:00,2639.215,2677.305,2629.945,2657.695,34828,370
2021-07-23 08:00:00+00:00,2649.165,2733.785,2649.165,2720.095,34866,510
2021-07-24 08:00:00+00:00,2708.895,2737.315,2646.815,2672.585,39406,4140
2021-07-27 08:00:00+00:00,2669.665,2706.405,2651.485,2657.745,38505,3180
2021-07-28 08:00:00+00:00,2647.935,2668.555,2588.375,2604.545,48899,4900
2021-07-29 08:00:00+00:00,2592.965,2634.355,2580.685,2621.505,36026,820
2021-07-30 08:00:00+00:00,2622.695,2676.315,2617.425,2642.635,35913,5370
2021-07-31 08:00:00+00:00,2632.935,2664.655,2622.195,2654.305,36236,630
2021-08-03 08:00:00+00:00,2657.715,2695.025,2653.065,2677.575,41879,4080
2021-08-04 08:00:00+00:00,2678.405,2708.005,2633.225,2643.435,43720,1630
2021-08-05 08:00:00+00:00,2634.695,2677.745,2634.695,2646.055,34620,5510
2021-08-06 08:00:00+00:00,2638.435,2668.895,2625.755,2649.735,40495,5480
2021-08-07 08:00:00+00:00,2649.585,2671.535,2621.985,2623.435,35061,5010
2021-08-10 08:00:00+00:00,2630.075,2635.175,2596.325,2601.445,48003,4920
2021-08-11 08:00:00+00:00,2592.965,2663.175,2592.965,2641.275,28622,5190
2021-08-12 08:00:00+00:00,2640.205,2661.165,2606.985,2630.825,39315,3590
2021-08-13 08:00:00+00:00,2630.515,2645.355,2610.825,2621.475,38523,5270
2021-08-14 08:00:00+00:00,2615.405,2661.055,2606.295,2638.115,31438,3190
2021-08-17 08:00:00+00:00,2642.835,2650.375,2574.685,2602.855,45673,2810
2021-08-18 08:00:00+00:00,2592.965,2612.215,2466.325,2483.695,51624,1480
2021-08-19 08:00:00+00:00,2484.085,2540.605,2406.475,2421.885,45806,4870
2021-08-20 08:00:00+00:00,2422.325,2434.185,2294.255,2308.945,44751,380
2021-08-21 08:00:00+00:00,2308.475,2341.695,2265.605,2268.405,27181,4780
2021-08-24 08:00:00+00:00,2266.995,2431.485,2263.325,2395.325,29422,4280
2021-08-25 08:00:00+00:00,2390.425,2476.155,2363.285,2470.695,25748,4560
2021-08-26 08:00:00+00:00,2468.645,2482.705,2420.945,2423.325,33549,6350
2021-08-27 08:00:00+00:00,2416.165,2425.845,2359.085,2385.965,30240,4950
2021-08-28 08:00:00+00:00,2380.095,2436.825,2371.695,2396.855,24896,1800
2021-08-31 08:00:00+00:00,2403.745,2496.915,2399.675,2489.195,33822,4760
2021-09-01 08:00:00+00:00,2489.425,2498.445,2460.645,2462.805,29292,2590
2021-09-02 08:00:00+00:00,2458.295,2499.625,2428.955,2437.545,30078,3690
2021-09-03 08:00:00+00:00,2437.155,2445.475,2384.435,2403.105,25308,6420
2021-09-04 08:00:00+00:00,2395.835,2439.185,2367.635,2411.635,36096,4970
2021-09-07 08:00:00+00:00,2417.655,2436.525,2388.755,2407.685,37109,5580
2021-09-08 08:00:00+00:00,2401.615,2413.415,2344.665,2367.435,34579,4080
2021-09-09 08:00:00+00:00,2368.795,2386.325,2210.365,2244.955,33652,3580
2021-09-10 08:00:00+00:00,2247.045,2277.055,2141.015,2171.685,32658,3310
2021-09-11 08:00:00+00:00,2166.065,2222.375,2122.555,2130.555,33107,1820
2021-09-14 08:00:00+00:00,2078.085,2168.235,2070.695,2081.905,38585,2830
2021-09-15 08:00:00+00:00,2083.875,2099.235,1929.055,1965.745,33850,3880
2021-09-16 08:00:00+00:00,1966.255,2040.375,1949.415,1997.465,23742,7500
2021-09-17 08:00:00+00:00,1997.515,2095.805,1995.335,2020.725,27701,4880
2021-09-18 08:00:00+00:00,2021.265,2053.325,1973.575,1998.645,18491,2430
2021-09-21 08:00:00+00:00,2008.925,2030.895,1845.145,1883.335,23647,2460
2021-09-22 08:00:00+00:00,1867.725,1952.585,1856.305,1901.525,20489,3810
2021-09-23 08:00:00+00:00,1895.485,2070.465,1861.825,2016.745,29201,7220
2021-09-24 08:00:00+00:00,2015.725,2079.325,1957.955,1980.155,30553,5040
2021-09-25 08:00:00+00:00,1973.135,2021.595,1932.575,1959.875,20884,6020
2021-09-28 08:00:00+00:00,1960.855,1991.925,1937.865,1957.195,22097,6470
2021-09-29 08:00:00+00:00,1955.155,1967.075,1857.375,1865.635,27228,5120
2021-09-30 08:00:00+00:00,1868.385,1914.325,1842.665,1849.395,22983,6380
2021-10-01 08:00:00+00:00,1848.635,1918.865,1818.525,1903.845,22054,7070
2021-10-02 08:00:00+00:00,1898.315,1936.565,1857.035,1905.865,27823,5710
2021-10-05 08:00:00+00:00,1899.595,1929.895,1877.355,1895.815,22966,7920
2021-10-06 08:00:00+00:00,1895.885,1928.835,1866.775,1907.635,18058,6630
2021-10-07 08:00:00+00:00,1905.885,1912.825,1844.475,1887.825,30649,5170
2021-10-08 08:00:00+00:00,1886.105,2000.115,1876.875,1950.955,25041,7770
2021-10-09 08:00:00+00:00,1949.055,2087.515,1942.925,2061.895,27824,8330
2021-10-12 08:00:00+00:00,2110.935,2183.945,2103.385,2104.635,38802,6010
2021-10-13 08:00:00+00:00,2104.385,2125.645,2022.365,2042.075,28345,6340
2021-10-14 08:00:00+00:00,2037.135,2147.645,2037.135,2101.955,29152,6290
2021-10-15 08:00:00+00:00,2099.885,2202.185,2074.775,2128.555,20653,6850
2021-10-16 08:00:00+00:00,2120.385,2153.965,2060.695,2060.695,23177,6350
2021-10-19 08:00:00+00:00,2057.365,2080.255,1965.365,2005.575,22154,5030
2021-10-20 08:00:00+00:00,2007.385,2111.185,1975.855,2091.475,18919,8290
2021-10-21 08:00:00+00:00,2089.135,2121.125,2026.725,2066.325,19697,5240
2021-10-22 08:00:00+00:00,2060.885,2091.425,1978.195,2009.825,19335,8060
2021-10-23 08:00:00+00:00,2005.635,2040.165,1974.495,2005.165,19946,5950
2021-10-26 08:00:00+00:00,2006.575,2076.535,2006.575,2044.955,18002,2890
2021-10-27 08:00:00+00:00,2045.205,2061.185,1949.855,1999.245,24209,6180
2021-10-28 08:00:00+00:00,1994.455,2019.245,1929.775,1954.785,21907,4640
2021-10-29 08:00:00+00:00,1950.165,2015.585,1948.365,1986.195,21514,5200
2021-10-30 08:00:00+00:00,1980.585,2007.425,1934.575,1986.715,26007,6850
2021-11-02 08:00:00+00:00,1991.695,2070.105,1971.815,2045.575,22727,4030
2021-11-03 08:00:00+00:00,2044.705,2052.625,2002.945,2008.075,16689,6750
2021-11-04 08:00:00+00:00,1999.455,2024.195,1958.025,1997.575,31909,7500
2021-11-05 08:00:00+00:00,1993.455,2057.215,1979.355,1994.575,31522,4090
2021-11-06 08:00:00+00:00,1996.295,2044.865,1969.225,2019.965,29031,5630
2021-11-09 08:00:00+00:00,2025.805,2083.715,2024.225,2069.945,23685,6100
2021-11-10 08:00:00+00:00,2063.455,2100.625,2000.985,2020.195,23396,5340
2021-11-11 08:00:00+00:00,2009.705,2061.835,1996.885,2017.575,19402,2690
2021-11-12 08:00:00+00:00,2014.205,2081.575,2014.205,2052.085,17450,7490
2021-11-13 08:00:00+00:00,2049.785,2120.165,2020.695,2089.465,22845,4340
2021-11-16 08:00:00+00:00,2108.895,2167.095,2079.075,2142.695,23116,6980
2021-11-17 08:00:00+00:00,2144.315,2174.205,2127.875,2153.445,34886,7340
2021-11-18 08:00:00+00:00,2148.955,2189.945,2143.285,2185.075,25979,7220
2021-11-19 08:00:00+00:00,2178.205,2210.715,2119.215,2127.245,16128,5640
2021-11-20 08:00:00+00:00,2120.705,2146.785,2049.625,2051.965,13751,8740
2021-11-23 08:00:00+00:00,2049.945,2074.505,1939.075,1953.145,21055,8300
2021-11-24 08:00:00+00:00,1943.955,1990.735,1831.255,1863.445,25317,7120
2021-11-25 08:00:00+00:00,1861.115,1908.695,1835.895,1844.775,18014,5170
2021-11-26 08:00:00+00:00,1841.455,1910.485,1841.455,1861.255,7707,7170
2021-11-27 08:00:00+00:00,1855.085,1881.305,1694.815,1753.755,18446,8920
2021-11-30 08:00:00+00:00,1741.875,1807.995,1727.275,1790.075,20638,4900
2021-12-01 08:00:00+00:00,1788.785,1804.445,1698.855,1729.795,23101,7430
2021-12-02 08:00:00+00:00,1732.125,1784.625,1705.775,1733.075,29634,9010
2021-12-03 08:00:00+00:00,1731.455,1778.925,1704.275,1770.205,30762,11190
2021-12-04 08:00:00+00:00,1767.705,1869.085,1763.905,1802.595,35483,660
2021-12-07 08:00:00+00:00,1809.575,1852.855,1749.485,1841.445,15621,10470
2021-12-08 08:00:00+00:00,1836.705,1879.785,1818.925,1839.445,13921,10480
2021-12-09 08:00:00+00:00,1835.165,1872.265,1825.295,1844.885,10859,7350
2021-12-10 08:00:00+00:00,1843.135,1865.525,1742.825,1802.885,14585,7950
2021-12-11 08:00:00+00:00,1804.135,1815.555,1735.105,1746.155,12850,7710
2021-12-14 08:00:00+00:00,1765.675,1787.445,1658.195,1675.075,13449,6250
2021-12-15 08:00:00+00:00,1675.605,1695.925,1582.385,1620.825,12938,6910
2021-12-16 08:00:00+00:00,1616.075,1633.915,1531.745,1587.945,13313,7550
2021-12-17 08:00:00+00:00,1588.385,1732.955,1582.135,1719.885,16384,7790
2021-12-18 08:00:00+00:00,1720.385,1857.375,1702.605,1772.575,19902,7530
2021-12-21 08:00:00+00:00,1775.805,1778.755,1685.945,1741.135,13905,8390
2021-12-22 08:00:00+00:00,1741.135,1829.145,1725.575,1780.605,20568,7230
2021-12-23 08:00:00+00:00,1782.795,1895.165,1766.445,1869.075,14867,7550
2021-12-24 08:00:00+00:00,1868.075,1953.315,1820.195,1938.385,24799,8110
2021-12-25 08:00:00+00:00,1937.135,1937.135,1937.135,1937.135,1,24730
2021-12-28 08:00:00+00:00,1949.495,1997.155,1923.575,1961.885,12466,7450
2021-12-29 08:00:00+00:00,1961.645,2015.245,1875.445,1981.635,19332,9130
2021-12-30 08:00:00+00:00,1979.875,1991.605,1939.445,1968.855,17959,8600
2021-12-31 08:00:00+00:00,1968.795,2016.065,1941.545,1957.885,16612,7750
2022-01-01 08:00:00+00:00,1957.635,1962.315,1851.915,1888.365,16802,8830
2022-01-04 08:00:00+00:00,1892.105,1907.025,1812.115,1815.635,17973,7630
2022-01-05 08:00:00+00:00,1816.385,1893.395,1812.765,1862.385,21550,7710
2022-01-06 08:00:00+00:00,1863.655,1920.945,1836.995,1854.945,18265,7690
2022-01-07 08:00:00+00:00,1854.355,1891.425,1820.955,1865.135,32770,8250
2022-01-08 08:00:00+00:00,1864.135,1942.245,1855.325,1919.155,30154,7410
2022-01-11 08:00:00+00:00,1916.655,1964.265,1883.315,1902.255,24624,8810
2022-01-12 08:00:00+00:00,1901.605,1932.095,1854.175,1915.325,25861,7970
2022-01-13 08:00:00+00:00,1916.305,1948.325,1890.525,1909.265,24461,9810
2022-01-14 08:00:00+00:00,1912.065,1913.675,1860.415,1884.765,30677,8180
2022-01-15 08:00:00+00:00,1884.715,1912.895,1844.525,1871.325,32327,9210
2022-01-18 08:00:00+00:00,1868.825,1891.695,1860.645,1866.845,6688,9830
2022-01-19 08:00:00+00:00,1866.845,1925.705,1863.975,1892.325,15055,9230
2022-01-20 08:00:00+00:00,1895.425,2031.875,1874.285,1998.015,21734,6690
2022-01-21 08:00:00+00:00,1998.705,2076.705,1974.325,2059.575,40658,8450
2022-01-22 08:00:00+00:00,2058.465,2142.605,2028.135,2096.575,41272,7090
2022-01-25 08:00:00+00:00,2100.525,2153.825,2085.705,2145.015,46218,3900
2022-01-26 08:00:00+00:00,2143.405,2209.225,2129.805,2194.255,23158,4260
2022-01-27 08:00:00+00:00,2191.045,2383.695,2178.255,2324.465,48789,1770
2022-01-28 08:00:00+00:00,2323.615,2390.915,2235.775,2371.765,45057,370
2022-01-29 08:00:00+00:00,2369.515,2382.575,2254.775,2365.575,51089,360
2022-02-01 08:00:00+00:00,2370.375,2448.165,2341.335,2343.105,67286,1300
2022-02-02 08:00:00+00:00,2346.005,2396.125,2300.275,2362.725,39053,2030
2022-02-03 08:00:00+00:00,2357.305,2425.645,2336.315,2369.265,42505,2510
2022-02-04 08:00:00+00:00,2369.515,2390.295,2279.735,2323.935,45787,760
2022-02-05 08:00:00+00:00,2323.265,2362.585,2276.765,2276.765,40827,390
2022-02-08 08:00:00+00:00,2293.415,2310.875,2170.515,2260.265,35258,810
2022-02-09 08:00:00+00:00,2262.515,2285.725,2202.955,2241.765,72325,1160
2022-02-10 08:00:00+00:00,2238.765,2297.555,2229.415,2277.265,56480,380
2022-02-11 08:00:00+00:00,2276.765,2330.095,2248.065,2253.925,46131,380
2022-02-12 08:00:00+00:00,2255.485,2358.565,2178.915,2296.095,58949,350
2022-02-15 08:00:00+00:00,2308.355,2394.005,2255.885,2360.515,52513,370
2022-02-16 08:00:00+00:00,2361.015,2373.765,2182.015,2248.265,28495,1220
2022-02-17 08:00:00+00:00,2246.515,2310.175,2214.235,2275.015,43252,640
2022-02-18 08:00:00+00:00,2274.725,2418.875,2268.375,2364.755,38699,980
2022-02-19 08:00:00+00:00,2363.265,2383.635,2290.575,2326.035,26387,360
2022-02-22 08:00:00+00:00,2333.695,2389.705,2301.825,2386.775,28768,700
2022-02-23 08:00:00+00:00,2384.505,2432.575,2343.735,2350.355,61545,390
2022-02-24 08:00:00+00:00,2349.955,2480.975,2342.385,2479.155,30012,380
2022-02-25 08:00:00+00:00,2478.585,2713.825,2308.295,2396.335,54754,350
2022-02-26 08:00:00+00:00,2402.735,2481.595,2316.765,2355.385,42682,690
2022-03-01 08:00:00+00:00,2501.585,2527.375,2430.155,2484.515,30630,350
2022-03-02 08:00:00+00:00,2486.015,2721.795,2480.715,2577.705,26480,360
2022-03-03 08:00:00+00:00,2584.765,2674.705,2555.095,2666.105,22552,390
2022-03-04 08:00:00+00:00,2668.965,2793.665,2621.285,2773.905,25789,670
2022-03-05 08:00:00+00:00,2776.035,3007.095,2761.605,2987.765,48866,430
2022-03-08 08:00:00+00:00,3057.015,3440.365,2830.705,2989.765,71810,730
2022-03-09 08:00:00+00:00,2992.135,3208.875,2883.125,3166.325,56498,730
2022-03-10 08:00:00+00:00,3163.075,3301.055,2861.075,2910.125,16235,690
2022-03-11 08:00:00+00:00,2922.575,2979.015,2852.915,2923.545,21624,4240
2022-03-12 08:00:00+00:00,2923.475,2975.925,2682.055,2748.575,27187,5600
2022-03-15 08:00:00+00:00,2776.235,2782.685,2325.805,2367.515,21920,1590
2022-03-16 08:00:00+00:00,2373.565,2500.275,2345.625,2409.105,20665,6920
2022-03-17 08:00:00+00:00,2413.095,2489.455,2368.055,2389.045,16506,2810
2022-03-18 08:00:00+00:00,2385.755,2539.385,2371.795,2514.385,48454,2480
2022-03-19 08:00:00+00:00,2515.975,2632.395,2436.175,2443.155,41399,470
2022-03-22 08:00:00+00:00,2473.375,2606.145,2459.445,2580.825,60189,7500
2022-03-23 08:00:00+00:00,2589.705,2598.005,2458.935,2482.155,36853,1270
2022-03-24 08:00:00+00:00,2480.595,2577.105,2475.015,2517.885,33426,3400
2022-03-25 08:00:00+00:00,2517.155,2552.135,2480.055,2524.725,21673,2340
2022-03-26 08:00:00+00:00,2524.755,2536.985,2279.955,2289.325,19229,1060
2022-03-29 08:00:00+00:00,2288.125,2381.655,2151.685,2223.385,47340,2750
2022-03-30 08:00:00+00:00,2222.345,2287.685,2024.665,2135.575,25561,1630
2022-03-31 08:00:00+00:00,2138.825,2265.195,2125.585,2254.545,22761,6130
2022-04-01 08:00:00+00:00,2265.025,2293.065,2188.415,2254.965,20443,9690
2022-04-02 08:00:00+00:00,2264.135,2339.495,2207.915,2263.745,29087,9890
2022-04-05 08:00:00+00:00,2272.865,2332.005,2260.915,2272.085,25264,7990
2022-04-06 08:00:00+00:00,2272.155,2307.845,2202.435,2217.295,20303,8330
2022-04-07 08:00:00+00:00,2217.885,2271.265,2150.535,2182.015,44178,6850
2022-04-08 08:00:00+00:00,2190.455,2276.875,2172.785,2229.205,24301,6880
2022-04-09 08:00:00+00:00,2228.885,2474.905,2223.845,2402.975,17155,380
2022-04-12 08:00:00+00:00,2416.995,2545.275,2409.065,2431.965,30593,4060
2022-04-13 08:00:00+00:00,2428.005,2464.365,2313.525,2333.645,19019,1050
2022-04-14 08:00:00+00:00,2334.205,2420.645,2305.975,2316.125,26976,1660
2022-04-15 08:00:00+00:00,2315.725,2384.955,2312.125,2356.925,23072,350
2022-04-19 08:00:00+00:00,2358.185,2468.435,2357.635,2425.895,16843,350
2022-04-20 08:00:00+00:00,2424.835,2448.075,2348.425,2370.825,9537,3450
2022-04-21 08:00:00+00:00,2370.825,2493.025,2355.825,2458.325,13197,650
2022-04-22 08:00:00+00:00,2453.325,2486.825,2373.825,2420.125,8549,2550
2022-04-23 08:00:00+00:00,2420.125,2453.275,2364.175,2367.825,20229,1050
2022-04-26 08:00:00+00:00,2354.785,2356.275,2068.005,2136.525,21045,850
2022-04-27 08:00:00+00:00,2137.635,2249.945,2130.685,2182.415,19144,650
2022-04-28 08:00:00+00:00,2184.775,2257.305,2149.515,2199.435,29359,4200
2022-04-29 08:00:00+00:00,2202.025,2286.355,2189.115,2229.975,24595,2490
2022-04-30 08:00:00+00:00,2227.635,2325.775,2217.685,2281.195,20281,6630
2022-05-03 08:00:00+00:00,2294.125,2323.115,2148.825,2199.775,24488,5010
2022-05-04 08:00:00+00:00,2204.025,2283.105,2190.385,2250.275,32245,4570
2022-05-05 08:00:00+00:00,2247.645,2286.355,2205.075,2243.465,23196,5040
2022-05-06 08:00:00+00:00,2247.865,2280.825,2165.615,2183.325,26947,7180
2022-05-07 08:00:00+00:00,2182.215,2185.745,2000.325,2043.825,18530,360
2022-05-10 08:00:00+00:00,2041.555,2148.265,1994.685,2087.825,14755,350
2022-05-11 08:00:00+00:00,2069.475,2167.305,2041.455,2065.325,18395,440
2022-05-12 08:00:00+00:00,2051.375,2092.625,2017.925,2030.125,14173,2850
2022-05-13 08:00:00+00:00,2021.255,2052.115,1863.925,1895.325,13791,350
2022-05-14 08:00:00+00:00,1894.905,1970.525,1884.125,1930.725,12057,370
2022-05-17 08:00:00+00:00,1904.385,2039.025,1904.385,2018.125,10792,820
2022-05-18 08:00:00+00:00,2013.575,2092.225,1989.025,2045.825,8925,1510
2022-05-19 08:00:00+00:00,2045.515,2125.565,1983.875,2009.225,13672,350
2022-05-20 08:00:00+00:00,2001.135,2031.325,1948.825,2002.425,17594,350
2022-05-21 08:00:00+00:00,1996.905,2038.525,1927.325,1959.725,19174,350
2022-05-24 08:00:00+00:00,1961.845,2037.425,1959.455,1987.985,13580,360
2022-05-25 08:00:00+00:00,1990.185,2025.825,1975.215,1998.525,13447,350
2022-05-26 08:00:00+00:00,2003.025,2043.325,1952.725,2001.825,15437,350
2022-05-27 08:00:00+00:00,2003.325,2021.025,1972.225,2017.025,14219,350
2022-05-28 08:00:00+00:00,2010.455,2071.425,2005.155,2047.905,19969,350
2022-05-31 08:00:00+00:00,2017.895,2088.025,2017.895,2033.725,8121,850
2022-06-01 08:00:00+00:00,2027.555,2092.725,1973.425,1998.325,14505,350
2022-06-02 08:00:00+00:00,1992.645,2039.325,1974.955,1995.925,13730,850
2022-06-03 08:00:00+00:00,1987.075,2058.925,1975.375,2051.425,14618,370
2022-06-04 08:00:00+00:00,2052.025,2069.825,1956.255,1968.725,15478,850
2022-06-07 08:00:00+00:00,1940.425,2032.025,1940.425,2006.025,13541,350
2022-06-08 08:00:00+00:00,1999.565,2023.315,1927.105,1982.025,15760,590
2022-06-09 08:00:00+00:00,1976.725,2003.425,1929.825,1936.025,18763,350
2022-06-10 08:00:00+00:00,1938.025,1965.525,1912.295,1921.425,19938,350
2022-06-11 08:00:00+00:00,1918.335,1946.525,1866.525,1933.825,25692,560
2022-06-14 08:00:00+00:00,1910.065,1937.325,1786.325,1786.325,17518,350
2022-06-15 08:00:00+00:00,1779.775,1848.525,1772.475,1811.125,16221,370
2022-06-16 08:00:00+00:00,1805.685,1879.725,1805.685,1856.045,24434,350
2022-06-17 08:00:00+00:00,1855.325,1890.525,1837.405,1885.425,17422,400
2022-06-18 08:00:00+00:00,1877.575,1916.325,1804.675,1817.025,16794,850
2022-06-21 08:00:00+00:00,1809.165,1878.625,1805.415,1854.625,13922,360
2022-06-22 08:00:00+00:00,1845.445,1912.325,1842.155,1881.525,16277,350
2022-06-23 08:00:00+00:00,1880.825,1887.525,1847.775,1864.425,21413,850
2022-06-24 08:00:00+00:00,1864.925,1901.625,1836.465,1841.825,15777,850
2022-06-25 08:00:00+00:00,1842.325,1888.525,1835.735,1880.325,8357,2890
2022-06-28 08:00:00+00:00,1865.115,1964.825,1861.555,1872.525,8186,3420
2022-06-29 08:00:00+00:00,1872.025,1915.825,1858.365,1877.525,6143,950
2022-06-30 08:00:00+00:00,1875.925,2024.525,1855.855,1962.525,11402,350
2022-07-01 08:00:00+00:00,1953.905,1993.425,1859.975,1928.565,25971,350
2022-07-02 08:00:00+00:00,1929.825,1963.415,1871.315,1943.59,21694,360
2022-07-05 08:00:00+00:00,1922.33,1967.825,1903.0,1904.24,12891,1190
2022-07-06 08:00:00+00:00,1905.58,1945.825,1889.05,1922.51,15459,350
2022-07-07 08:00:00+00:00,1905.95,1966.925,1859.2,1893.88,13105,350
2022-07-08 08:00:00+00:00,1911.825,2013.825,1898.695,1979.88,14150,350
2022-07-09 08:00:00+00:00,1969.11,2163.825,1969.11,2137.74,15236,350
2022-07-12 08:00:00+00:00,2106.02,2187.825,2072.41,2134.07,19987,350
2022-07-13 08:00:00+00:00,2115.67,2143.425,2012.195,2016.89,34591,350
2022-07-14 08:00:00+00:00,1992.22,2035.625,1937.225,1968.28,33623,550
2022-07-15 08:00:00+00:00,1976.185,1983.125,1865.96,1893.2,25041,700
2022-07-16 08:00:00+00:00,1868.05,1919.525,1820.49,1820.56,21138,360
2022-07-19 08:00:00+00:00,1811.99,1898.025,1811.99,1846.58,30424,350
2022-07-20 08:00:00+00:00,1829.17,1888.425,1829.17,1866.89,17070,850
2022-07-21 08:00:00+00:00,1853.66,1902.825,1840.2,1852.7,20151,350
2022-07-22 08:00:00+00:00,1859.825,1894.815,1839.35,1884.4,37842,350
2022-07-23 08:00:00+00:00,1875.46,2053.325,1875.46,1993.98,20007,350
2022-07-26 08:00:00+00:00,2005.91,2030.31,1966.16,1995.99,34471,1290
2022-07-27 08:00:00+00:00,1972.4,2023.425,1971.02,2001.51,18967,390
2022-07-28 08:00:00+00:00,1984.47,2039.325,1979.67,2021.37,15082,850
2022-07-29 08:00:00+00:00,2032.825,2096.125,2009.18,2068.57,18372,850
2022-07-30 08:00:00+00:00,2082.025,2138.225,2020.5,2105.0,17459,850
2022-08-02 08:00:00+00:00,2109.22,2224.225,2080.18,2180.14,15658,370
2022-08-03 08:00:00+00:00,2194.125,2221.225,2042.325,2047.23,35958,1950
2022-08-04 08:00:00+00:00,2024.73,2092.425,1987.49,2005.79,22771,850
2022-08-05 08:00:00+00:00,1980.18,2100.125,1976.57,2055.36,18268,1210
2022-08-06 08:00:00+00:00,2069.125,2147.925,2042.73,2108.26,22822,1730
2022-08-09 08:00:00+00:00,2098.73,2254.325,2098.73,2223.64,22154,720
2022-08-10 08:00:00+00:00,2209.18,2257.825,2166.88,2203.68,15457,1350
2022-08-11 08:00:00+00:00,2214.325,2260.855,2179.17,2229.92,20350,850
2022-08-12 08:00:00+00:00,2203.05,2292.275,2203.05,2268.78,28512,850
2022-08-13 08:00:00+00:00,2242.57,2285.925,2196.825,2206.43,18386,460
2022-08-16 08:00:00+00:00,2183.08,2222.225,2129.1,2141.59,27277,400
2022-08-17 08:00:00+00:00,2121.11,2168.485,2098.765,2147.43,28679,370
2022-08-18 08:00:00+00:00,2163.325,2164.025,2122.91,2128.02,16122,800
2022-08-19 08:00:00+00:00,2123.42,2184.925,2120.61,2150.22,12172,420
2022-08-20 08:00:00+00:00,2140.28,2161.625,2101.925,2111.2,18983,350
2022-08-23 08:00:00+00:00,2097.94,2146.825,1955.175,1991.33,25355,390
2022-08-24 08:00:00+00:00,1995.705,2034.815,1972.33,1974.18,28331,370
2022-08-25 08:00:00+00:00,1954.64,2049.125,1954.64,2026.98,21640,350
2022-08-26 08:00:00+00:00,2033.225,2167.625,2007.69,2138.45,20105,540
2022-08-27 08:00:00+00:00,2149.725,2205.325,2063.63,2063.89,19654,350
2022-08-30 08:00:00+00:00,2049.76,2174.025,2049.76,2119.4,33553,350
2022-08-31 08:00:00+00:00,2141.825,2167.625,2060.665,2067.14,26042,390
2022-09-01 08:00:00+00:00,2070.06,2135.225,2056.82,2074.03,19677,590
2022-09-02 08:00:00+00:00,2052.14,2102.825,1992.27,1994.73,20743,350
2022-09-03 08:00:00+00:00,2005.225,2062.745,1970.89,1992.09,30656,370
2022-09-06 08:00:00+00:00,1984.89,2042.715,1981.27,2028.66,10857,470
2022-09-07 08:00:00+00:00,2029.225,2071.905,1950.27,1994.05,23129,460
2022-09-08 08:00:00+00:00,1999.925,2053.515,1959.0,2031.13,35528,350
2022-09-09 08:00:00+00:00,2021.25,2184.325,2017.06,2127.44,26447,2530
2022-09-10 08:00:00+00:00,2103.43,2190.225,2090.09,2161.37,19991,390
2022-09-13 08:00:00+00:00,2163.96,2276.925,2143.62,2260.1,16356,350
2022-09-14 08:00:00+00:00,2217.43,2274.025,2087.48,2099.24,43523,360
2022-09-15 08:00:00+00:00,2086.66,2174.925,2064.64,2151.54,25271,770
2022-09-16 08:00:00+00:00,2165.925,2179.625,2113.9,2131.82,21318,560
2022-09-17 08:00:00+00:00,2138.725,2141.925,2073.72,2104.62,22246,410
2022-09-20 08:00:00+00:00,2091.22,2233.045,2081.16,2221.67,16506,900
2022-09-21 08:00:00+00:00,2195.32,2222.125,2107.88,2163.17,21427,1720
2022-09-22 08:00:00+00:00,2165.305,2204.065,2104.44,2133.41,36412,580
2022-09-23 08:00:00+00:00,2149.705,2189.325,2064.075,2163.73,26998,390
2022-09-24 08:00:00+00:00,2156.46,2169.425,2057.22,2063.64,31259,360
2022-09-27 08:00:00+00:00,2048.14,2093.825,2025.56,2035.78,27287,470
2022-09-28 08:00:00+00:00,2007.23,2130.325,2007.23,2065.64,16853,360
2022-09-29 08:00:00+00:00,2037.45,2169.025,2036.25,2138.66,22233,510
2022-09-30 08:00:00+00:00,2145.625,2251.425,2107.26,2196.31,25351,350
2022-10-01 08:00:00+00:00,2189.24,2233.725,2153.45,2153.47,25037,140
2022-10-04 08:00:00+00:00,2150.58,2258.525,2150.58,2216.53,31393,440
2022-10-05 08:00:00+00:00,2217.945,2346.505,2206.68,2311.65,28720,350
2022-10-06 08:00:00+00:00,2280.36,2333.525,2195.22,2256.01,35274,410
2022-10-07 08:00:00+00:00,2211.23,2305.225,2209.46,2244.39,19997,510
2022-10-08 08:00:00+00:00,2252.305,2301.16,2165.075,2167.64,22714,2750
2022-10-11 08:00:00+00:00,2135.38,2268.325,2135.38,2171.4,28197,2850
2022-10-12 08:00:00+00:00,2158.82,2200.465,2110.55,2129.53,46063,360
2022-10-13 08:00:00+00:00,2096.24,2180.325,2096.24,2126.32,28420,2930
2022-10-14 08:00:00+00:00,2131.245,2155.925,2011.355,2108.3,36742,620
2022-10-15 08:00:00+00:00,2079.99,2138.325,1986.72,1987.35,22289,400
2022-10-18 08:00:00+00:00,1981.52,2041.325,1980.63,1994.04,29854,380
2022-10-19 08:00:00+00:00,1989.815,2036.925,1987.06,2013.94,25394,2480
2022-10-20 08:00:00+00:00,2016.335,2031.875,1955.325,1994.34,24561,1510
2022-10-21 08:00:00+00:00,1973.69,2093.925,1968.65,2049.03,28809,360
2022-10-22 08:00:00+00:00,2051.335,2060.525,1955.325,1996.61,33147,750
2022-10-25 08:00:00+00:00,2007.48,2069.825,1961.58,1965.32,25898,140
2022-10-26 08:00:00+00:00,1961.8,1997.125,1876.225,1929.12,24319,410
2022-10-27 08:00:00+00:00,1913.49,1978.685,1912.95,1958.77,27477,390
2022-10-28 08:00:00+00:00,1966.125,1998.515,1912.71,1945.22,38610,370
2022-10-29 08:00:00+00:00,1913.33,1969.755,1887.325,1891.02,33245,370
2022-11-01 08:00:00+00:00,1878.01,1924.025,1814.46,1836.39,21443,360
2022-11-02 08:00:00+00:00,1827.37,1951.225,1827.37,1872.29,23704,1740
2022-11-03 08:00:00+00:00,1875.025,1915.525,1837.59,1844.6,19902,380
2022-11-04 08:00:00+00:00,1825.42,1872.485,1769.065,1799.88,35112,450
2022-11-05 08:00:00+00:00,1786.18,1917.825,1783.09,1851.47,44599,350
2022-11-08 08:00:00+00:00,1846.39,1912.895,1830.2,1895.29,24362,240
2022-11-09 08:00:00+00:00,1845.88,1936.89,1845.88,1917.91,27169,2310
2022-11-10 08:00:00+00:00,1921.825,1948.655,1827.43,1863.02,37670,360
2022-11-11 08:00:00+00:00,1863.725,1978.575,1807.485,1961.02,39792,350
2022-11-12 08:00:00+00:00,1954.9,2048.225,1936.28,2022.54,25454,350
2022-11-15 08:00:00+00:00,2019.52,2043.635,1951.795,2020.61,34195,360
2022-11-16 08:00:00+00:00,2009.54,2115.225,2005.81,2089.39,33235,360
2022-11-17 08:00:00+00:00,2095.375,2108.625,2048.14,2063.26,15902,350
2022-11-18 08:00:00+00:00,2071.825,2072.075,1972.41,1995.66,17271,2920
2022-11-19 08:00:00+00:00,1994.85,2025.425,1924.84,1924.89,27270,390
2022-11-22 08:00:00+00:00,1884.68,1942.445,1828.545,1857.55,32585,360
2022-11-23 08:00:00+00:00,1861.925,1897.905,1843.825,1850.94,26704,410
2022-11-24 08:00:00+00:00,1835.73,1900.325,1829.75,1873.8,24280,360
2022-11-25 08:00:00+00:00,1861.91,1910.815,1861.91,1872.21,16317,560
2022-11-26 08:00:00+00:00,1879.465,1889.295,1802.695,1825.24,24409,530
2022-11-29 08:00:00+00:00,1804.57,1881.835,1804.55,1836.31,49575,350
2022-11-30 08:00:00+00:00,1817.17,1877.985,1783.165,1828.24,32647,360
2022-12-01 08:00:00+00:00,1830.625,1930.485,1816.88,1867.18,37750,350
2022-12-02 08:00:00+00:00,1861.0,1947.325,1861.0,1933.13,24275,350
2022-12-03 08:00:00+00:00,1913.0,1942.715,1863.875,1892.94,31873,410
2022-12-06 08:00:00+00:00,1884.48,1932.907,1843.46,1872.31,29532,185
2022-12-07 08:00:00+00:00,1872.947,1893.247,1836.45,1844.97,36509,185
2022-12-08 08:00:00+00:00,1830.85,1879.337,1830.76,1843.42,24485,195
2022-12-09 08:00:00+00:00,1828.63,1939.507,1828.63,1915.63,28399,185
2022-12-10 08:00:00+00:00,1924.007,1968.807,1904.51,1948.48,20488,455
2022-12-13 08:00:00+00:00,1924.33,1959.587,1869.83,1885.54,31093,195
2022-12-14 08:00:00+00:00,1843.69,1995.767,1843.27,1922.32,42927,185
2022-12-15 08:00:00+00:00,1925.047,1941.217,1895.707,1916.13,40032,185
2022-12-16 08:00:00+00:00,1895.54,1917.707,1751.61,1788.71,27701,185
2022-12-17 08:00:00+00:00,1775.79,1826.507,1687.71,1692.49,47588,185
2022-12-20 08:00:00+00:00,1700.51,1746.157,1657.377,1664.69,37095,215
2022-12-21 08:00:00+00:00,1634.95,1751.657,1634.95,1724.6,31282,215
2022-12-22 08:00:00+00:00,1716.68,1746.027,1661.96,1679.94,32044,405
2022-12-23 08:00:00+00:00,1690.447,1743.587,1643.06,1679.64,23305,645
2022-12-24 08:00:00+00:00,1677.967,1755.007,1628.43,1749.08,21426,815
2022-12-28 08:00:00+00:00,1739.75,1836.087,1714.4,1826.11,24894,345
2022-12-29 08:00:00+00:00,1796.04,1839.557,1750.5,1784.54,23086,195
2022-12-30 08:00:00+00:00,1754.51,1839.747,1751.83,1808.99,23489,185
2022-12-31 08:00:00+00:00,1810.677,1822.677,1748.17,1787.89,23282,335
2023-01-04 08:00:00+00:00,1739.44,1810.007,1676.167,1706.77,26920,205
2023-01-05 08:00:00+00:00,1694.97,1808.317,1694.97,1786.93,26946,185
2023-01-06 08:00:00+00:00,1787.227,1826.007,1723.26,1737.66,30373,215
2023-01-07 08:00:00+00:00,1723.33,1816.547,1722.07,1803.74,25321,185
2023-01-10 08:00:00+00:00,1795.51,1840.907,1753.24,1773.39,42548,140
2023-01-11 08:00:00+00:00,1755.15,1815.547,1755.09,1777.85,31201,375
2023-01-12 08:00:00+00:00,1765.61,1796.307,1747.43,1772.7,22503,225
2023-01-13 08:00:00+00:00,1772.747,1800.277,1737.697,1791.62,24325,185
2023-01-14 08:00:00+00:00,1765.27,1812.687,1722.87,1785.0,31182,205
2023-01-17 08:00:00+00:00,1783.61,1789.867,1740.21,1742.81,24718,1295
2023-01-18 08:00:00+00:00,1748.957,1764.727,1705.07,1737.03,21855,185
2023-01-19 08:00:00+00:00,1717.37,1795.217,1697.53,1719.17,32996,185
2023-01-20 08:00:00+00:00,1705.347,1781.667,1668.36,1753.21,39247,185
2023-01-21 08:00:00+00:00,1751.247,1760.657,1717.73,1723.66,32749,1505
2023-01-24 08:00:00+00:00,1715.4,1749.057,1692.31,1705.88,37567,205
2023-01-25 08:00:00+00:00,1699.2,1756.967,1685.16,1742.3,23339,185
2023-01-26 08:00:00+00:00,1737.137,1744.387,1680.607,1692.74,24864,185
2023-01-27 08:00:00+00:00,1684.63,1708.567,1664.27,1672.56,31516,170
2023-01-28 08:00:00+00:00,1648.25,1683.177,1605.47,1616.91,30580,195
2023-01-31 08:00:00+00:00,1606.59,1651.567,1598.73,1637.96,31593,705
2023-02-01 08:00:00+00:00,1629.7,1672.607,1591.077,1645.66,27519,225
2023-02-02 08:00:00+00:00,1648.507,1704.167,1617.8,1665.6,38128,235
2023-02-03 08:00:00+00:00,1653.767,1693.257,1633.09,1654.81,34325,205
2023-02-04 08:00:00+00:00,1632.93,1700.347,1596.59,1632.78,33146,0
2023-02-07 08:00:00+00:00,1615.57,1636.037,1554.56,1597.16,36106,205
2023-02-08 08:00:00+00:00,1586.12,1669.507,1568.04,1638.31,28234,185
2023-02-09 08:00:00+00:00,1645.207,1686.717,1631.13,1645.76,26414,205
2023-02-10 08:00:00+00:00,1641.407,1679.847,1602.04,1627.01,26715,275
2023-02-11 08:00:00+00:00,1617.66,1643.577,1533.31,1539.04,27488,265
2023-02-14 08:00:00+00:00,1530.49,1582.857,1528.15,1568.3,23979,185
2023-02-15 08:00:00+00:00,1554.39,1591.917,1468.27,1492.87,33824,235
2023-02-16 08:00:00+00:00,1490.907,1509.397,1428.54,1460.57,27798,185
2023-02-17 08:00:00+00:00,1446.66,1543.507,1435.81,1506.0,27939,185
2023-02-18 08:00:00+00:00,1502.04,1514.707,1446.47,1495.02,32218,195
2023-02-21 08:00:00+00:00,1474.15,1541.657,1473.91,1502.1,15422,755
2023-02-22 08:00:00+00:00,1458.74,1539.517,1451.24,1518.53,28823,185
2023-02-23 08:00:00+00:00,1524.757,1536.337,1476.92,1478.36,28736,195
2023-02-24 08:00:00+00:00,1467.06,1496.307,1428.1,1444.23,33744,335
2023-02-25 08:00:00+00:00,1421.99,1457.667,1364.217,1406.78,42947,185
2023-02-28 08:00:00+00:00,1395.44,1467.007,1395.44,1423.7,28299,185
2023-03-01 08:00:00+00:00,1392.88,1447.057,1386.07,1409.67,23377,195
2023-03-02 08:00:00+00:00,1397.29,1459.407,1397.29,1438.89,26635,195
2023-03-03 08:00:00+00:00,1443.507,1452.007,1411.27,1446.28,17824,185
2023-03-04 08:00:00+00:00,1425.3,1466.307,1419.01,1450.23,22850,235
2023-03-07 08:00:00+00:00,1428.1,1453.147,1409.61,1443.73,23441,185
2023-03-08 08:00:00+00:00,1415.1,1449.197,1381.027,1386.63,22419,215
2023-03-09 08:00:00+00:00,1383.517,1413.297,1357.34,1372.52,21153,185
2023-03-10 08:00:00+00:00,1342.62,1412.667,1341.67,1392.67,23778,185
2023-03-11 08:00:00+00:00,1377.18,1408.847,1353.16,1378.13,31930,195
2023-03-14 08:00:00+00:00,1354.66,1492.657,1354.66,1472.76,38013,185
2023-03-15 08:00:00+00:00,1449.68,1534.507,1428.2,1504.75,28047,185
2023-03-16 08:00:00+00:00,1509.307,1518.327,1417.107,1462.22,29594,185
2023-03-17 08:00:00+00:00,1464.227,1475.407,1404.97,1423.14,22809,2795
2023-03-18 08:00:00+00:00,1402.59,1452.787,1384.567,1411.17,35866,225
2023-03-21 08:00:00+00:00,1408.66,1423.157,1380.46,1410.19,28828,305
2023-03-22 08:00:00+00:00,1383.62,1420.067,1373.26,1398.5,24837,435
2023-03-23 08:00:00+00:00,1401.067,1467.27,1363.07,1446.74,20700,2045
2023-03-24 08:00:00+00:00,1426.27,1465.507,1417.007,1429.16,25385,3295
2023-03-25 08:00:00+00:00,1430.657,1442.257,1391.97,1408.74,25940,3565
2023-03-28 08:00:00+00:00,1397.33,1423.457,1384.97,1412.74,11928,3225
2023-03-29 08:00:00+00:00,1403.81,1424.27,1388.06,1416.67,13160,1075
2023-03-30 08:00:00+00:00,1408.207,1452.367,1405.35,1433.45,25780,4895
2023-03-31 08:00:00+00:00,1396.58,1495.307,1396.58,1454.08,20367,1425
2023-04-01 08:00:00+00:00,1451.787,1504.087,1434.82,1459.82,20621,305
2023-04-04 08:00:00+00:00,1448.717,1497.607,1437.38,1451.62,27893,345
2023-04-05 08:00:00+00:00,1452.94,1492.587,1435.4,1456.48,23917,785
2023-04-06 08:00:00+00:00,1448.367,1477.427,1415.64,1426.48,26080,2095
2023-04-07 08:00:00+00:00,1408.08,1471.16,1408.08,1459.34,26548,2095
2023-04-11 08:00:00+00:00,1453.01,1474.957,1409.04,1415.31,30744,4050
2023-04-12 08:00:00+00:00,1404.36,1463.507,1403.56,1450.31,18524,3165
2023-04-13 08:00:00+00:00,1450.107,1474.52,1428.907,1465.91,22063,2525
2023-04-14 08:00:00+00:00,1450.92,1528.187,1447.18,1503.68,25358,1225
2023-04-15 08:00:00+00:00,1497.007,1523.117,1475.7,1495.42,30862,1150
2023-04-18 08:00:00+00:00,1480.59,1570.107,1480.19,1553.96,31365,1525
2023-04-19 08:00:00+00:00,1548.26,1645.807,1546.917,1610.61,25533,1015
2023-04-20 08:00:00+00:00,1589.19,1630.377,1575.617,1608.99,37484,3465
2023-04-21 08:00:00+00:00,1592.01,1622.237,1573.117,1581.38,27371,3345
2023-04-22 08:00:00+00:00,1579.99,1628.827,1574.007,1592.85,25331,1565
2023-04-25 08:00:00+00:00,1582.92,1605.307,1515.47,1537.41,41977,2045
2023-04-26 08:00:00+00:00,1536.317,1542.107,1470.007,1489.1,25784,1480
2023-04-27 08:00:00+00:00,1474.99,1535.657,1470.657,1502.92,25138,385
2023-04-28 08:00:00+00:00,1503.807,1533.197,1462.91,1493.11,19865,1535
2023-04-29 08:00:00+00:00,1481.7,1534.167,1481.7,1498.21,24420,395
2023-05-02 08:00:00+00:00,1475.91,1517.897,1444.317,1450.98,20192,1185
2023-05-03 08:00:00+00:00,1453.957,1467.347,1426.807,1439.46,32526,555
2023-05-04 08:00:00+00:00,1415.46,1457.737,1413.89,1419.52,23578,1605
2023-05-05 08:00:00+00:00,1416.857,1462.1,1411.24,1454.31,30636,755
2023-05-06 08:00:00+00:00,1441.74,1509.307,1434.827,1495.04,21421,665
2023-05-09 08:00:00+00:00,1475.93,1583.307,1475.93,1551.38,37979,1945
2023-05-10 08:00:00+00:00,1540.44,1591.747,1533.97,1569.8,22606,795
2023-05-11 08:00:00+00:00,1522.34,1625.807,1522.34,1601.86,10282,3095
2023-05-12 08:00:00+00:00,1597.297,1621.917,1539.107,1556.81,14556,505
2023-05-13 08:00:00+00:00,1540.59,1574.017,1497.93,1497.93,33005,3695
2023-05-16 08:00:00+00:00,1465.36,1548.127,1465.36,1521.79,15053,4415
2023-05-17 08:00:00+00:00,1508.72,1533.917,1487.07,1491.23,12668,6735
2023-05-18 08:00:00+00:00,1481.53,1503.507,1472.85,1480.49,12665,3985
2023-05-19 08:00:00+00:00,1473.96,1489.267,1451.12,1461.43,15102,5145
2023-05-20 08:00:00+00:00,1447.84,1532.067,1447.83,1501.14,19139,3510
2023-05-23 08:00:00+00:00,1501.25,1525.157,1480.39,1480.64,16955,2595
2023-05-24 08:00:00+00:00,1464.39,1489.127,1442.08,1449.31,18572,2010
2023-05-25 08:00:00+00:00,1437.64,1462.987,1390.78,1412.5,20112,1725
2023-05-26 08:00:00+00:00,1405.38,1437.007,1386.55,1414.93,20638,3705
2023-05-27 08:00:00+00:00,1381.73,1450.837,1381.73,1413.67,25005,3755
2023-05-30 08:00:00+00:00,1402.71,1437.707,1402.66,1407.64,13533,4315
2023-05-31 08:00:00+00:00,1400.66,1447.007,1387.83,1406.67,17420,2560
2023-06-01 08:00:00+00:00,1396.29,1423.717,1353.617,1361.91,20857,1945
2023-06-02 08:00:00+00:00,1359.78,1404.427,1345.247,1391.49,25484,3835
2023-06-03 08:00:00+00:00,1382.0,1432.977,1382.0,1415.83,19996,3490
2023-06-06 08:00:00+00:00,1402.1,1450.277,1394.517,1411.87,11935,2465
2023-06-07 08:00:00+00:00,1395.89,1434.247,1387.247,1411.22,13545,1870
2023-06-08 08:00:00+00:00,1398.0,1420.887,1384.367,1389.4,17664,3035
2023-06-09 08:00:00+00:00,1381.02,1396.13,1350.947,1362.57,20849,645
2023-06-10 08:00:00+00:00,1342.47,1366.477,1300.04,1321.97,32701,495
2023-06-13 08:00:00+00:00,1309.12,1357.077,1303.707,1350.07,26384,2100
2023-06-14 08:00:00+00:00,1352.05,1388.657,1340.587,1353.1,21977,1295
2023-06-15 08:00:00+00:00,1329.3,1406.707,1329.3,1387.27,14268,3045
2023-06-16 08:00:00+00:00,1361.53,1400.807,1357.907,1396.57,18715,3045
2023-06-17 08:00:00+00:00,1367.71,1426.307,1367.71,1405.15,9365,1765
2023-06-20 08:00:00+00:00,1407.47,1417.307,1386.807,1405.83,9197,3865
2023-06-21 08:00:00+00:00,1402.75,1413.63,1353.867,1382.69,12216,570
2023-06-22 08:00:00+00:00,1375.75,1387.43,1339.95,1346.47,23343,665
2023-06-23 08:00:00+00:00,1347.25,1352.447,1270.857,1280.45,23573,1645
2023-06-24 08:00:00+00:00,1272.61,1297.03,1272.37,1279.53,24463,3125
2023-06-27 08:00:00+00:00,1272.74,1345.257,1272.3,1306.57,23417,1560
2023-06-28 08:00:00+00:00,1286.07,1323.807,1285.54,1296.57,19684,1240
2023-06-29 08:00:00+00:00,1280.32,1300.787,1211.487,1260.37,23220,780
2023-06-30 08:00:00+00:00,1243.65,1263.277,1218.377,1225.37,15499,345
2023-07-01 08:00:00+00:00,1214.83,1262.017,1214.69,1225.47,21562,1845
2023-07-04 08:00:00+00:00,1219.43,1258.057,1216.067,1245.27,20720,1390
2023-07-05 08:00:00+00:00,1235.837,1263.33,1223.73,1243.47,13802,1005
2023-07-06 08:00:00+00:00,1230.66,1266.307,1225.807,1251.77,25607,2865
2023-07-07 08:00:00+00:00,1237.52,1276.177,1224.807,1243.47,23992,2100
2023-07-08 08:00:00+00:00,1223.11,1261.907,1223.11,1245.07,31400,2345
2023-07-11 08:00:00+00:00,1230.08,1252.55,1193.987,1238.3,21920,855
2023-07-12 08:00:00+00:00,1229.4,1257.507,1220.217,1251.77,18685,235
2023-07-13 08:00:00+00:00,1236.81,1300.567,1235.8,1282.37,23803,1705
2023-07-14 08:00:00+00:00,1267.82,1308.077,1267.82,1291.95,19984,665
2023-07-15 08:00:00+00:00,1266.1,1291.42,1259.907,1271.93,21389,185
2023-07-18 08:00:00+00:00,1253.94,1304.957,1252.73,1288.08,21162,185
2023-07-19 08:00:00+00:00,1269.05,1326.997,1269.05,1316.15,23177,185
2023-07-20 08:00:00+00:00,1305.19,1321.667,1285.007,1304.92,23828,235
2023-07-21 08:00:00+00:00,1294.08,1311.987,1267.567,1278.77,21952,265
2023-07-22 08:00:00+00:00,1261.11,1305.107,1260.61,1294.47,16547,185
2023-07-25 08:00:00+00:00,1279.53,1302.747,1269.67,1280.07,20245,185
2023-07-26 08:00:00+00:00,1265.56,1303.787,1265.56,1287.57,18360,185
2023-07-27 08:00:00+00:00,1281.2,1294.737,1240.387,1258.27,22112,185
2023-07-28 08:00:00+00:00,1248.26,1273.507,1221.87,1240.41,28374,185
2023-07-29 08:00:00+00:00,1190.76,1269.867,1190.76,1246.47,19806,215
2023-08-01 08:00:00+00:00,1218.95,1287.397,1217.85,1281.35,20712,2155
2023-08-02 08:00:00+00:00,1270.45,1288.927,1225.767,1240.4,19877,185
2023-08-03 08:00:00+00:00,1232.19,1257.767,1226.767,1243.82,23683,385
2023-08-04 08:00:00+00:00,1236.56,1266.117,1225.357,1255.78,20109,305
2023-08-05 08:00:00+00:00,1236.29,1275.017,1236.29,1257.17,18170,415
2023-08-08 08:00:00+00:00,1236.44,1274.497,1231.31,1242.52,19544,215
2023-08-09 08:00:00+00:00,1231.99,1244.507,1203.287,1226.62,24051,185
2023-08-10 08:00:00+00:00,1211.56,1240.897,1206.717,1236.07,33619,195
2023-08-11 08:00:00+00:00,1217.67,1307.487,1217.46,1283.54,25414,185
2023-08-12 08:00:00+00:00,1274.88,1339.107,1272.74,1290.57,24152,205
2023-08-15 08:00:00+00:00,1286.94,1311.977,1247.157,1268.47,23210,305
2023-08-16 08:00:00+00:00,1249.25,1267.667,1231.71,1235.87,24349,285
2023-08-17 08:00:00+00:00,1223.64,1247.877,1205.17,1208.37,21262,205
2023-08-18 08:00:00+00:00,1199.91,1240.677,1198.92,1219.12,22384,185
2023-08-19 08:00:00+00:00,1206.94,1261.227,1206.94,1255.17,18021,185
2023-08-22 08:00:00+00:00,1249.39,1268.657,1226.93,1242.87,21221,185
2023-08-23 08:00:00+00:00,1211.99,1290.627,1211.99,1256.27,18620,195
2023-08-24 08:00:00+00:00,1242.88,1293.807,1242.3,1277.17,16324,185
2023-08-25 08:00:00+00:00,1264.23,1283.007,1229.757,1241.09,17822,185
2023-08-26 08:00:00+00:00,1230.03,1249.147,1213.407,1227.17,22226,195
2023-08-29 08:00:00+00:00,1227.25,1263.247,1218.847,1245.27,20573,215
2023-08-30 08:00:00+00:00,1220.26,1258.497,1216.337,1244.38,27912,185
2023-08-31 08:00:00+00:00,1229.89,1251.977,1223.327,1231.77,26759,185
2023-09-01 08:00:00+00:00,1220.7,1238.627,1212.947,1228.87,15168,5
2023-09-02 08:00:00+00:00,1212.7,1235.957,1212.7,1219.47,15012,195
2023-09-05 08:00:00+00:00,1210.6,1233.837,1210.6,1220.61,9847,985
2023-09-06 08:00:00+00:00,1199.26,1227.937,1183.927,1213.7,15799,185
2023-09-07 08:00:00+00:00,1207.92,1221.747,1183.507,1215.48,18923,185
2023-09-08 08:00:00+00:00,1209.82,1227.057,1190.99,1209.03,15205,185
2023-09-09 08:00:00+00:00,1201.3,1230.867,1188.857,1192.28,19339,235
2023-09-12 08:00:00+00:00,1189.23,1224.017,1189.23,1218.74,16790,1775
2023-09-13 08:00:00+00:00,1207.25,1245.347,1207.25,1239.07,19332,2345
2023-09-14 08:00:00+00:00,1234.33,1262.527,1225.89,1248.46,16067,1195
2023-09-15 08:00:00+00:00,1235.84,1266.417,1235.04,1245.39,15277,795
2023-09-16 08:00:00+00:00,1240.27,1276.007,1230.587,1243.41,15308,1385
2023-09-19 08:00:00+00:00,1220.54,1256.617,1220.54,1246.09,17731,1675
2023-09-20 08:00:00+00:00,1228.06,1273.607,1228.06,1257.55,18257,2845
2023-09-21 08:00:00+00:00,1253.98,1293.107,1249.15,1257.14,18624,725
2023-09-22 08:00:00+00:00,1253.63,1269.577,1227.657,1259.49,17550,675
2023-09-23 08:00:00+00:00,1255.16,1285.727,1243.15,1247.15,17856,2955
2023-09-26 08:00:00+00:00,1242.76,1252.277,1215.63,1219.48,16614,1195
2023-09-27 08:00:00+00:00,1218.91,1239.907,1204.99,1223.61,14191,3245
2023-09-28 08:00:00+00:00,1221.57,1251.237,1210.22,1218.22,17689,2895
2023-09-29 08:00:00+00:00,1214.37,1282.067,1210.377,1264.26,22087,1995
2023-09-30 08:00:00+00:00,1261.73,1289.997,1237.57,1237.57,24675,265
2023-10-03 08:00:00+00:00,1238.74,1252.127,1199.917,1205.55,25637,2655
2023-10-04 08:00:00+00:00,1193.81,1213.607,1166.477,1173.84,33056,1685
2023-10-05 08:00:00+00:00,1171.37,1186.327,1155.287,1167.27,24801,1185
2023-10-06 08:00:00+00:00,1161.97,1185.13,1139.267,1149.0,34396,2965
2023-10-07 08:00:00+00:00,1145.38,1172.527,1135.407,1156.59,27774,2265
2023-10-10 08:00:00+00:00,1147.07,1169.647,1117.46,1137.15,24573,2375
2023-10-11 08:00:00+00:00,1131.27,1179.677,1120.68,1168.01,24474,565
2023-10-12 08:00:00+00:00,1159.89,1187.627,1149.68,1168.84,23081,495
2023-10-13 08:00:00+00:00,1166.89,1182.407,1130.08,1133.05,19262,625
2023-10-14 08:00:00+00:00,1133.23,1159.247,1127.777,1145.59,20062,525
2023-10-17 08:00:00+00:00,1142.23,1157.167,1127.517,1147.37,17643,1825
2023-10-18 08:00:00+00:00,1139.15,1150.607,1120.397,1136.24,20378,935
2023-10-19 08:00:00+00:00,1129.71,1149.097,1109.097,1126.09,20154,2195
2023-10-20 08:00:00+00:00,1127.62,1133.6,1089.707,1113.44,21816,995
2023-10-21 08:00:00+00:00,1110.7,1119.287,1080.657,1099.55,17138,765
2023-10-24 08:00:00+00:00,1096.17,1141.697,1086.337,1117.9,18268,625
2023-10-25 08:00:00+00:00,1097.01,1139.587,1097.01,1122.58,14978,465
2023-10-26 08:00:00+00:00,1115.99,1141.057,1111.56,1122.56,12402,895
2023-10-27 08:00:00+00:00,1112.44,1143.177,1100.507,1122.87,18791,1135
2023-10-28 08:00:00+00:00,1123.08,1143.607,1114.467,1123.29,17658,1865
2023-10-31 08:00:00+00:00,1116.12,1155.877,1114.44,1126.04,16460,555
2023-11-01 08:00:00+00:00,1118.08,1140.337,1114.317,1119.2,16659,1935
2023-11-02 08:00:00+00:00,1118.4,1141.627,1102.927,1108.96,17563,315
2023-11-03 08:00:00+00:00,1104.48,1123.407,1100.797,1112.36,14842,935
2023-11-04 08:00:00+00:00,1106.6,1133.217,1103.257,1118.29,16507,1615
2023-11-07 08:00:00+00:00,1114.58,1131.85,1095.637,1108.18,17227,255
2023-11-08 08:00:00+00:00,1098.0,1108.46,1052.907,1054.03,13682,225
2023-11-09 08:00:00+00:00,1050.67,1061.957,1010.277,1048.08,15422,275
2023-11-10 08:00:00+00:00,1045.34,1056.477,986.67,988.44,14971,735
2023-11-11 08:00:00+00:00,989.38,1001.997,948.677,958.93,22576,385
2023-11-14 08:00:00+00:00,959.78,986.847,948.547,982.17,18438,685
2023-11-15 08:00:00+00:00,973.5,1031.687,971.217,1010.92,16355,185
2023-11-16 08:00:00+00:00,1002.43,1049.727,1000.507,1030.12,19953,335
2023-11-17 08:00:00+00:00,1028.12,1051.267,1019.04,1037.68,19738,185
2023-11-18 08:00:00+00:00,1024.12,1060.967,1013.057,1051.16,11310,975
2023-11-21 08:00:00+00:00,1045.29,1088.927,1043.057,1076.28,14616,1185
2023-11-22 08:00:00+00:00,1068.21,1092.89,1058.997,1077.53,13326,1655
2023-11-23 08:00:00+00:00,1061.23,1082.717,1036.807,1058.35,14566,2165
2023-11-24 08:00:00+00:00,1049.32,1062.13,1041.307,1047.09,13048,1685
2023-11-25 08:00:00+00:00,1038.33,1079.017,1035.707,1071.43,13657,685
2023-11-28 08:00:00+00:00,1064.99,1087.84,1052.207,1069.79,16278,185
2023-11-29 08:00:00+00:00,1057.56,1077.127,1038.607,1051.47,22897,185
2023-11-30 08:00:00+00:00,1048.15,1065.62,1018.407,1027.96,25159,185
2023-12-01 08:00:00+00:00,1021.54,1031.217,1005.68,1006.03,19198,645
2023-12-02 08:00:00+00:00,1002.74,1024.467,990.137,1000.24,17409,2245
2023-12-05 08:00:00+00:00,994.87,1012.367,960.967,973.59,18652,235
2023-12-06 08:00:00+00:00,964.59,983.97,922.587,932.9,18860,625
2023-12-07 08:00:00+00:00,930.55,976.717,928.117,943.12,15620,975
2023-12-08 08:00:00+00:00,939.54,994.127,939.077,967.03,16103,1685
2023-12-09 08:00:00+00:00,958.44,986.717,935.69,938.28,28746,1525
2023-12-12 08:00:00+00:00,940.07,968.767,934.28,960.17,15300,1235
2023-12-13 08:00:00+00:00,949.23,988.657,948.94,976.69,14975,1875
2023-12-14 08:00:00+00:00,975.79,1005.167,951.427,988.74,15150,1515
2023-12-15 08:00:00+00:00,980.18,1114.907,980.14,1103.45,17655,475
2023-12-16 08:00:00+00:00,1103.84,1195.507,1083.717,1169.16,18217,895
2023-12-19 08:00:00+00:00,1166.66,1216.467,1147.107,1180.55,19392,635
2023-12-20 08:00:00+00:00,1167.26,1244.407,1167.137,1225.59,16417,1625
2023-12-21 08:00:00+00:00,1218.58,1233.467,1190.967,1198.4,18915,1405
2023-12-22 08:00:00+00:00,1196.42,1223.107,1185.247,1211.17,15110,3155
2023-12-23 08:00:00+00:00,1210.98,1245.327,1196.717,1199.72,20138,2015
2023-12-27 08:00:00+00:00,1192.69,1214.18,1166.787,1168.75,20811,3325
2023-12-28 08:00:00+00:00,1168.99,1197.827,1145.807,1153.35,19382,1135
2023-12-29 08:00:00+00:00,1148.97,1163.867,1121.907,1128.23,12435,1585
2023-12-30 08:00:00+00:00,1128.59,1135.76,1076.84,1077.0,7986,3505
2024-01-03 08:00:00+00:00,1095.58,1115.647,1069.67,1073.71,16459,195
2024-01-04 08:00:00+00:00,1070.16,1097.47,1054.157,1060.96,19550,1135
2024-01-05 08:00:00+00:00,1064.23,1075.717,1031.467,1034.45,16774,385
2024-01-06 08:00:00+00:00,1037.33,1052.467,1017.307,1025.37,17090,1935
2024-01-09 08:00:00+00:00,1024.16,1035.277,991.307,993.98,23606,1605
2024-01-10 08:00:00+00:00,990.5,1010.387,969.887,975.69,17175,1385
2024-01-11 08:00:00+00:00,971.39,1015.467,969.207,999.3,17403,1885
2024-01-12 08:00:00+00:00,994.54,1023.267,977.507,983.69,18432,1935
2024-01-13 08:00:00+00:00,982.42,1002.587,969.897,971.68,15357,235
2024-01-16 08:00:00+00:00,971.31,994.217,961.167,968.64,12561,2395
2024-01-17 08:00:00+00:00,966.97,975.617,931.237,934.53,17038,1435
2024-01-18 08:00:00+00:00,927.51,942.417,903.227,911.35,19699,815
2024-01-19 08:00:00+00:00,910.15,945.677,909.85,938.53,13279,1515
2024-01-20 08:00:00+00:00,929.28,954.207,926.407,946.71,18399,815
2024-01-23 08:00:00+00:00,941.06,951.837,913.077,936.03,18044,1025
2024-01-24 08:00:00+00:00,932.01,958.717,926.617,946.23,13579,2565
2024-01-25 08:00:00+00:00,940.73,975.217,939.007,963.55,14990,2305
2024-01-26 08:00:00+00:00,956.15,971.237,931.377,939.68,15015,1515
2024-01-27 08:00:00+00:00,933.51,963.747,926.877,956.52,16778,545
2024-01-30 08:00:00+00:00,948.41,986.137,943.76,983.39,12074,195
2024-01-31 08:00:00+00:00,972.08,991.717,966.907,974.75,15191,1275
2024-02-01 08:00:00+00:00,968.73,993.807,966.217,975.63,13737,1675
2024-02-02 08:00:00+00:00,971.17,983.727,948.21,962.13,18498,1055
2024-02-03 08:00:00+00:00,956.06,983.217,929.087,942.84,13393,1455
2024-02-06 08:00:00+00:00,941.76,958.067,922.747,949.06,13841,1685
2024-02-07 08:00:00+00:00,938.53,963.467,930.747,948.07,12023,185
2024-02-08 08:00:00+00:00,942.55,954.89,891.75,892.29,16270,735
2024-02-09 08:00:00+00:00,888.3,905.247,858.067,886.95,25525,505
2024-02-10 08:00:00+00:00,882.31,897.867,858.01,858.9,17072,205
2024-02-13 08:00:00+00:00,852.9,902.277,852.9,893.05,22331,945
2024-02-14 08:00:00+00:00,888.22,914.297,851.397,862.11,16798,1605
2024-02-15 08:00:00+00:00,858.3,940.247,853.387,933.21,20212,1095
2024-02-16 08:00:00+00:00,926.91,981.257,921.85,951.35,21233,465
2024-02-17 08:00:00+00:00,948.92,967.787,928.597,948.4,20832,455
2024-02-20 08:00:00+00:00,945.32,968.787,937.89,954.29,14026,365
2024-02-21 08:00:00+00:00,945.86,990.357,938.087,972.35,18409,1495
2024-02-22 08:00:00+00:00,962.59,989.737,927.24,952.07,21305,595
2024-02-23 08:00:00+00:00,944.47,976.487,942.33,961.18,19861,1295
2024-02-24 08:00:00+00:00,964.78,998.007,950.35,971.53,15297,1345
2024-02-27 08:00:00+00:00,973.19,975.277,944.597,953.74,16748,1355
2024-02-28 08:00:00+00:00,949.0,974.147,935.37,935.72,20983,195
2024-02-29 08:00:00+00:00,937.52,940.477,909.48,929.06,19140,185
2024-03-01 08:00:00+00:00,925.5,949.807,920.747,940.92,16914,2035
2024-03-02 08:00:00+00:00,941.65,962.087,930.967,953.65,15474,645
2024-03-05 08:00:00+00:00,945.49,972.607,943.917,960.04,14887,1595
2024-03-06 08:00:00+00:00,956.89,965.297,932.647,946.76,12314,185
2024-03-07 08:00:00+00:00,946.73,1063.837,941.397,1042.71,18987,215
2024-03-08 08:00:00+00:00,1049.07,1058.717,1018.677,1037.99,19632,1385
2024-03-09 08:00:00+00:00,1035.09,1061.877,1009.0,1019.76,12127,1075
2024-03-12 08:00:00+00:00,1020.5,1044.877,1016.49,1029.13,10925,225
2024-03-13 08:00:00+00:00,1021.59,1046.067,1003.017,1038.15,18385,485
2024-03-14 08:00:00+00:00,1024.88,1074.477,1024.88,1058.88,19851,955
2024-03-15 08:00:00+00:00,1049.08,1097.017,1049.08,1065.52,16152,185
2024-03-16 08:00:00+00:00,1064.87,1108.507,1058.127,1078.4,17309,245
2024-03-19 08:00:00+00:00,1079.85,1082.177,1023.067,1030.08,11346,195
2024-03-20 08:00:00+00:00,1031.28,1032.907,976.097,995.06,11472,225
2024-03-21 08:00:00+00:00,984.98,1025.937,977.737,1021.0,14519,355
2024-03-22 08:00:00+00:00,1015.02,1042.097,996.42,1009.15,16169,325
2024-03-23 08:00:00+00:00,1004.59,1016.887,984.37,986.86,18394,715
2024-03-26 08:00:00+00:00,985.27,1028.267,978.047,1004.35,14646,585
2024-03-27 08:00:00+00:00,1002.12,1021.247,991.597,993.8,13584,305
2024-03-28 08:00:00+00:00,993.06,996.107,967.93,988.49,9822,525
2024-03-29 08:00:00+00:00,977.54,1023.617,974.017,1009.93,12399,235
2024-04-02 08:00:00+00:00,1010.09,1030.937,988.817,1004.05,16105,475
2024-04-03 08:00:00+00:00,1000.66,1027.387,994.54,1002.86,15598,295
2024-04-04 08:00:00+00:00,1003.8,1028.847,991.337,1016.19,15988,875
2024-04-05 08:00:00+00:00,1011.98,1043.327,1004.93,1018.98,15985,975
2024-04-06 08:00:00+00:00,1018.13,1023.837,985.707,1002.56,20268,1065
2024-04-09 08:00:00+00:00,1006.11,1054.397,991.627,1044.19,20231,225
2024-04-10 08:00:00+00:00,1035.56,1092.927,1035.56,1091.01,22207,445
2024-04-11 08:00:00+00:00,1082.9,1101.407,1039.267,1047.32,23812,465
2024-04-12 08:00:00+00:00,1046.27,1073.597,1027.867,1047.63,22027,185
2024-04-13 08:00:00+00:00,1043.72,1084.22,1036.997,1045.99,30154,1545
2024-04-16 08:00:00+00:00,1046.63,1060.857,1019.897,1034.61,25462,735
2024-04-17 08:00:00+00:00,1026.5,1038.737,999.197,1013.85,25228,205
2024-04-18 08:00:00+00:00,1008.81,1048.127,1007.23,1025.02,23808,205
2024-04-19 08:00:00+00:00,1019.04,1050.227,1014.337,1022.37,19748,975
2024-04-20 08:00:00+00:00,1021.88,1040.597,998.62,1028.82,22862,1465
2024-04-23 08:00:00+00:00,1025.1,1030.027,1001.397,1009.26,13472,315
2024-04-24 08:00:00+00:00,1008.29,1028.067,989.027,1019.3,25270,575
2024-04-25 08:00:00+00:00,1004.02,1031.897,998.05,998.86,18670,1875
2024-04-26 08:00:00+00:00,998.04,1011.407,973.1,985.6,25216,195
2024-04-27 08:00:00+00:00,983.93,992.967,952.84,954.56,19432,375
2024-04-30 08:00:00+00:00,956.24,980.177,939.407,974.42,13510,2745
2024-05-01 08:00:00+00:00,974.21,978.377,933.537,953.49,13892,2285
2024-05-02 08:00:00+00:00,942.74,959.427,929.847,950.15,25352,1455
2024-05-03 08:00:00+00:00,940.6,957.807,920.787,936.56,22839,1515
2024-05-04 08:00:00+00:00,923.197,957.897,923.197,944.48,18959,265
2024-05-07 08:00:00+00:00,938.4,986.557,938.4,973.96,17785,495
2024-05-08 08:00:00+00:00,962.74,987.19,962.74,970.87,10035,2565
2024-05-09 08:00:00+00:00,965.97,976.43,946.637,949.77,9462,1905
2024-05-10 08:00:00+00:00,947.66,975.877,942.547,968.27,16557,995
2024-05-11 08:00:00+00:00,964.33,1002.897,962.257,975.35,11033,385
2024-05-14 08:00:00+00:00,971.96,991.397,960.23,964.04,13113,185
2024-05-15 08:00:00+00:00,959.27,988.707,959.27,979.53,26306,1375
2024-05-16 08:00:00+00:00,966.39,1019.007,966.39,1005.98,25885,295
2024-05-17 08:00:00+00:00,997.53,1019.407,983.707,987.6,7830,2275
2024-05-18 08:00:00+00:00,983.21,1009.767,963.13,996.537,10548,2745
2024-05-21 08:00:00+00:00,999.53,1040.597,993.127,1023.98,19745,675
2024-05-22 08:00:00+00:00,1016.26,1044.777,1003.0,1022.83,25470,125
2024-05-23 08:00:00+00:00,1024.23,1035.897,994.4,994.55,16073,1435
2024-05-24 08:00:00+00:00,992.25,998.397,965.55,968.83,19898,1265
2024-05-25 08:00:00+00:00,964.69,978.377,960.55,963.06,19507,1775
2024-05-28 08:00:00+00:00,965.88,1002.317,965.38,980.98,10581,885
2024-05-29 08:00:00+00:00,988.02,995.897,969.597,981.19,19659,685
2024-05-30 08:00:00+00:00,978.27,985.987,950.397,956.43,23335,735
2024-05-31 08:00:00+00:00,953.31,963.397,932.167,948.12,19741,585
2024-06-01 08:00:00+00:00,949.25,956.937,904.417,914.63,22296,715
2024-06-04 08:00:00+00:00,906.68,941.597,897.5,924.15,19789,865
2024-06-05 08:00:00+00:00,925.57,936.007,905.567,913.26,21297,585
2024-06-06 08:00:00+00:00,908.11,938.177,908.11,932.01,18956,1445
2024-06-07 08:00:00+00:00,925.9,945.897,924.947,930.4,16788,1595
2024-06-08 08:00:00+00:00,928.16,936.877,902.83,910.95,22854,245
2024-06-11 08:00:00+00:00,907.41,927.037,886.397,907.84,16514,475
2024-06-12 08:00:00+00:00,899.77,907.647,884.377,888.49,17434,925
2024-06-13 08:00:00+00:00,887.21,931.297,874.727,903.73,26062,365
2024-06-14 08:00:00+00:00,902.2,912.937,878.36,887.61,19852,195
2024-06-15 08:00:00+00:00,885.96,901.877,882.897,888.41,16101,1245
2024-06-18 08:00:00+00:00,888.82,898.167,876.327,892.73,12828,305
2024-06-19 08:00:00+00:00,887.91,895.487,869.41,888.03,14505,215
2024-06-20 08:00:00+00:00,886.54,914.617,885.09,903.17,8594,555
2024-06-21 08:00:00+00:00,901.25,932.37,898.637,924.61,12191,185
2024-06-22 08:00:00+00:00,919.69,1019.307,914.537,939.87,13692,365
2024-06-25 08:00:00+00:00,943.017,1009.077,929.64,973.52,11106,255
2024-06-26 08:00:00+00:00,970.52,994.38,931.15,943.39,14754,185
2024-06-27 08:00:00+00:00,945.01,958.187,917.89,930.86,12307,215
2024-06-28 08:00:00+00:00,925.92,940.247,917.09,932.7,24083,1025
2024-06-29 08:00:00+00:00,929.57,980.977,926.967,969.32,21158,495
2024-07-02 08:00:00+00:00,963.62,999.127,963.62,980.12,17000,445
2024-07-03 08:00:00+00:00,974.06,1021.137,973.407,1010.58,17573,195
2024-07-04 08:00:00+00:00,1008.61,1055.117,1006.08,1024.96,16225,205
2024-07-05 08:00:00+00:00,1022.75,1031.617,1009.087,1011.74,8506,355
2024-07-06 08:00:00+00:00,1020.95,1043.007,1007.097,1012.58,17673,585
2024-07-09 08:00:00+00:00,1018.7,1027.457,994.43,1007.67,12915,185
2024-07-10 08:00:00+00:00,1008.56,1023.417,977.617,982.66,18516,645
2024-07-11 08:00:00+00:00,979.94,998.437,973.78,989.78,10248,1285
2024-07-12 08:00:00+00:00,987.91,1012.897,977.497,992.62,9799,715
2024-07-13 08:00:00+00:00,991.84,994.397,962.26,962.26,9378,515
2024-07-16 08:00:00+00:00,966.45,971.397,946.96,948.67,15905,185
2024-07-17 08:00:00+00:00,946.09,964.017,933.17,958.11,11877,235
2024-07-18 08:00:00+00:00,951.17,981.137,951.17,952.3,14258,565
2024-07-19 08:00:00+00:00,951.92,967.907,923.03,928.03,14698,1275
2024-07-20 08:00:00+00:00,925.8,936.457,905.74,907.36,12572,265
2024-07-23 08:00:00+00:00,908.05,926.857,892.36,902.56,15575,205
2024-07-24 08:00:00+00:00,901.65,928.567,891.99,922.95,16447,215
2024-07-25 08:00:00+00:00,919.1,947.307,918.17,926.39,17433,195
2024-07-26 08:00:00+00:00,925.91,928.93,898.147,903.61,12353,345
2024-07-27 08:00:00+00:00,895.86,919.997,891.627,900.51,14936,185
2024-07-30 08:00:00+00:00,896.89,922.607,896.63,903.19,14929,1285
2024-07-31 08:00:00+00:00,900.56,907.877,882.127,891.11,8993,2185
2024-08-01 08:00:00+00:00,886.36,937.157,886.36,925.31,12983,1955
2024-08-02 08:00:00+00:00,920.82,932.567,897.83,904.57,19678,1075
2024-08-03 08:00:00+00:00,903.04,917.847,886.187,893.29,22344,195
2024-08-06 08:00:00+00:00,882.11,896.567,831.097,850.21,38068,185
2024-08-07 08:00:00+00:00,849.94,882.737,844.387,868.98,30087,185
2024-08-08 08:00:00+00:00,866.48,909.57,864.107,883.21,25146,1375
2024-08-09 08:00:00+00:00,881.63,925.18,868.407,924.33,25260,1215
2024-08-10 08:00:00+00:00,921.39,934.767,902.157,904.76,24732,295
2024-08-13 08:00:00+00:00,903.76,938.677,901.397,917.64,24655,195
2024-08-14 08:00:00+00:00,917.35,945.247,913.34,938.69,25761,1265
2024-08-15 08:00:00+00:00,936.95,951.877,923.937,931.07,27118,525
2024-08-16 08:00:00+00:00,929.91,952.377,923.93,939.06,31082,465
2024-08-17 08:00:00+00:00,937.85,953.517,931.007,947.18,24602,185
2024-08-20 08:00:00+00:00,948.92,951.237,915.107,930.85,17130,225
2024-08-21 08:00:00+00:00,930.85,948.797,920.75,927.18,19357,395
2024-08-22 08:00:00+00:00,925.23,969.897,922.28,950.73,24157,185
2024-08-23 08:00:00+00:00,942.48,958.877,923.907,926.36,16354,185
2024-08-24 08:00:00+00:00,921.25,962.147,917.747,958.63,12199,515
2024-08-27 08:00:00+00:00,952.18,974.78,951.077,958.42,11237,255
2024-08-28 08:00:00+00:00,954.74,982.807,954.74,972.05,9237,1355
2024-08-29 08:00:00+00:00,967.45,976.397,939.417,941.74,12235,835
2024-08-30 08:00:00+00:00,940.83,986.147,940.327,975.64,15215,205
2024-08-31 08:00:00+00:00,976.56,995.267,961.067,966.02,21181,495
2024-09-03 08:00:00+00:00,965.2,980.347,961.48,979.1,12021,2425
2024-09-04 08:00:00+00:00,975.58,981.457,930.637,945.41,19319,1475
2024-09-05 08:00:00+00:00,940.64,951.107,929.557,936.93,18320,1345
2024-09-06 08:00:00+00:00,932.66,958.72,930.737,939.82,11092,1415
2024-09-07 08:00:00+00:00,937.13,963.487,906.507,914.46,27977,185
2024-09-10 08:00:00+00:00,904.56,952.117,904.23,946.53,17082,185
2024-09-11 08:00:00+00:00,943.71,972.997,942.747,972.23,16938,915
2024-09-12 08:00:00+00:00,968.08,1018.897,966.267,1015.86,20312,815
2024-09-13 08:00:00+00:00,1013.24,1052.877,1004.607,1041.41,32545,185
2024-09-14 08:00:00+00:00,1044.77,1076.657,1039.12,1067.61,24883,195
2024-09-17 08:00:00+00:00,1064.99,1083.207,1061.607,1078.47,13194,395
2024-09-18 08:00:00+00:00,1077.06,1119.46,1073.337,1116.92,15747,1295
2024-09-19 08:00:00+00:00,1115.89,1121.647,1050.997,1054.39,28833,1285
2024-09-20 08:00:00+00:00,1050.53,1101.37,1039.607,1081.53,29479,225
2024-09-21 08:00:00+00:00,1082.05,1093.137,1059.937,1062.93,25336,1505
2024-09-24 08:00:00+00:00,1056.22,1066.617,1035.48,1039.8,24563,525
2024-09-25 08:00:00+00:00,1038.51,1068.637,1032.53,1061.21,28118,235
2024-09-26 08:00:00+00:00,1059.91,1063.397,1030.277,1043.24,24433,445
2024-09-27 08:00:00+00:00,1040.7,1073.147,1036.227,1046.9,27481,205
2024-09-28 08:00:00+00:00,1046.83,1049.897,1009.697,1012.89,25116,1515
2024-10-01 08:00:00+00:00,1011.56,1026.927,982.077,1001.32,26385,885
2024-10-02 08:00:00+00:00,996.03,1015.567,989.327,1007.27,31072,475
2024-10-03 08:00:00+00:00,1000.32,1025.397,996.827,1017.8,18675,1345
2024-10-04 08:00:00+00:00,1015.29,1022.397,981.467,1004.85,30064,895
2024-10-05 08:00:00+00:00,997.58,1018.097,995.537,1008.52,27356,1995
2024-10-08 08:00:00+00:00,1007.35,1029.717,1005.397,1024.45,13995,1115
2024-10-09 08:00:00+00:00,1018.52,1030.397,992.397,1021.96,34509,1345
2024-10-10 08:00:00+00:00,1020.98,1048.147,1012.037,1037.41,16760,185
2024-10-11 08:00:00+00:00,1037.58,1075.647,1036.327,1070.69,53429,1335
2024-10-12 08:00:00+00:00,1065.48,1088.217,1061.007,1063.36,18919,965
2024-10-15 08:00:00+00:00,1060.01,1068.737,1024.397,1029.11,18291,1925
2024-10-16 08:00:00+00:00,1028.86,1032.507,1002.537,1012.5,55022,415
2024-10-17 08:00:00+00:00,1012.82,1031.247,1007.997,1023.82,50045,185
2024-10-18 08:00:00+00:00,1024.67,1047.497,1018.327,1040.34,23645,375
2024-10-19 08:00:00+00:00,1036.33,1085.897,1036.33,1080.53,23642,315
2024-10-22 08:00:00+00:00,1080.52,1092.397,1046.257,1053.96,12885,185
2024-10-23 08:00:00+00:00,1048.84,1084.897,1048.84,1078.67,12216,995
2024-10-24 08:00:00+00:00,1078.67,1084.687,1053.327,1063.75,13957,1525
2024-10-25 08:00:00+00:00,1063.5,1168.897,1061.297,1157.74,22275,185
2024-10-26 08:00:00+00:00,1154.76,1213.707,1123.677,1190.77,23958,185
2024-10-29 08:00:00+00:00,1183.35,1221.687,1176.707,1213.83,23608,1135
2024-10-30 08:00:00+00:00,1211.97,1247.677,1195.277,1209.78,59969,185
2024-10-31 08:00:00+00:00,1209.81,1213.957,1127.137,1146.52,52250,1635
2024-11-01 08:00:00+00:00,1146.28,1147.027,1105.917,1119.09,54868,275
2024-11-02 08:00:00+00:00,1113.71,1140.397,1096.967,1097.09,16129,1185
2024-11-05 08:00:00+00:00,1099.17,1121.39,1055.397,1075.8,22729,1275
2024-11-06 08:00:00+00:00,1075.01,1094.567,1068.447,1076.08,16546,1285
2024-11-07 08:00:00+00:00,1076.07,1077.977,1024.397,1036.34,70494,185
2024-11-08 08:00:00+00:00,1036.32,1044.397,1017.137,1024.75,51606,185
2024-11-09 08:00:00+00:00,1024.97,1028.977,986.897,989.9,60955,865
2024-11-12 08:00:00+00:00,982.3,1001.607,976.397,979.65,52943,185
2024-11-13 08:00:00+00:00,978.14,987.577,940.477,946.19,33428,1495
2024-11-14 08:00:00+00:00,943.71,958.747,930.777,933.91,26401,2045
2024-11-15 08:00:00+00:00,933.68,948.147,918.647,939.93,63243,185
2024-11-16 08:00:00+00:00,939.92,970.057,938.107,951.99,62143,375
2024-11-19 08:00:00+00:00,951.6,1011.417,949.587,1005.93,33469,1035
2024-11-20 08:00:00+00:00,997.14,1042.787,995.157,1034.7,35081,185
2024-11-21 08:00:00+00:00,1030.32,1045.237,1009.397,1022.35,34861,185
2024-11-22 08:00:00+00:00,1022.37,1042.247,1011.347,1029.69,83189,185
2024-11-23 08:00:00+00:00,1029.86,1044.737,1007.067,1009.79,62978,325
2024-11-26 08:00:00+00:00,1008.4,1025.887,972.987,976.73,25144,185
2024-11-27 08:00:00+00:00,974.85,996.437,958.277,978.11,17858,2335
2024-11-28 08:00:00+00:00,973.69,996.397,967.637,975.37,20579,185
2024-11-29 08:00:00+00:00,975.49,988.037,969.897,977.43,59112,185
2024-11-30 08:00:00+00:00,976.11,997.967,963.707,977.53,104167,185
2024-12-03 08:00:00+00:00,970.9,996.467,963.627,981.14,15787,225
2024-12-04 08:00:00+00:00,977.43,997.267,971.777,972.04,23344,935
2024-12-05 08:00:00+00:00,971.95,991.997,958.467,975.66,50019,185
2024-12-06 08:00:00+00:00,976.05,985.84,962.397,964.73,15660,435
2024-12-07 08:00:00+00:00,963.95,980.187,954.997,958.21,23788,185
2024-12-10 08:00:00+00:00,952.93,997.707,952.38,974.59,21247,895
2024-12-11 08:00:00+00:00,974.6,981.397,950.517,969.37,58863,1165
2024-12-12 08:00:00+00:00,969.37,992.397,951.687,981.83,18402,655
2024-12-13 08:00:00+00:00,981.88,994.97,962.607,971.11,55257,605
2024-12-14 08:00:00+00:00,970.97,979.33,944.537,949.89,25586,185
2024-12-17 08:00:00+00:00,951.34,962.037,942.507,947.01,22961,485
2024-12-18 08:00:00+00:00,943.62,954.592,924.177,937.72,20266,185
2024-12-19 08:00:00+00:00,935.87,941.867,899.657,904.51,16993,1425
2024-12-20 08:00:00+00:00,905.41,924.53,898.457,905.79,19112,185
2024-12-21 08:00:00+00:00,907.65,925.757,897.507,915.74,17275,185
2024-12-24 08:00:00+00:00,910.6,937.287,910.6,930.95,15743,185
2024-12-25 08:00:00+00:00,928.18,953.227,925.11,943.03,13011,1135
2024-12-27 08:00:00+00:00,926.79,950.41,916.137,923.83,2497763,185
2024-12-28 08:00:00+00:00,921.82,930.397,905.897,909.98,13413,895
2024-12-31 08:00:00+00:00,910.39,921.95,893.807,898.57,18611,3000
2025-01-01 08:00:00+00:00,895.13,918.67,891.507,895.86,14888,3000
2025-01-03 08:00:00+00:00,898.56,926.607,898.56,911.04,19624,785
2025-01-04 08:00:00+00:00,913.05,931.537,903.637,921.14,12468,185
2025-01-07 08:00:00+00:00,903.86,947.217,903.86,920.81,24519,1435
2025-01-08 08:00:00+00:00,922.95,937.817,916.887,924.69,18989,185
2025-01-09 08:00:00+00:00,925.56,938.587,915.657,924.64,29833,515
2025-01-10 08:00:00+00:00,924.63,931.887,915.527,928.3,56133,595
2025-01-11 08:00:00+00:00,925.14,959.817,924.99,942.55,32236,1315
2025-01-14 08:00:00+00:00,935.66,955.137,927.107,939.95,34167,185
2025-01-15 08:00:00+00:00,939.71,952.227,930.597,937.48,76992,185
2025-01-16 08:00:00+00:00,941.75,967.907,936.237,960.47,33766,805
2025-01-17 08:00:00+00:00,962.45,966.497,936.807,941.19,26654,1635
2025-01-18 08:00:00+00:00,940.95,956.927,932.267,940.107,59630,185
2025-01-21 08:00:00+00:00,944.88,953.327,930.177,950.84,121062,455
2025-01-22 08:00:00+00:00,950.72,964.457,929.047,959.24,59237,1325
2025-01-23 08:00:00+00:00,959.52,970.097,953.997,964.2,392731,185
2025-01-24 08:00:00+00:00,964.78,964.78,964.2,964.2,840664,3210
2025-01-25 08:00:00+00:00,964.78,1010.317,964.2,977.74,24362,185
2025-01-28 08:00:00+00:00,986.67,986.67,955.197,960.2,32095,185
2025-01-29 08:00:00+00:00,962.77,968.837,942.367,956.27,29832,965
2025-01-30 08:00:00+00:00,954.04,973.857,945.327,960.7,26531,495
2025-01-31 08:00:00+00:00,960.99,991.99,957.767,985.58,39176,455
2025-02-01 08:00:00+00:00,987.71,1026.687,980.107,1004.71,39651,185
2025-02-04 08:00:00+00:00,998.31,1028.787,980.297,1007.32,36091,185
2025-02-05 08:00:00+00:00,1007.32,1024.337,987.357,990.32,45323,715
2025-02-06 08:00:00+00:00,991.1,1009.167,984.987,991.13,35845,225
2025-02-07 08:00:00+00:00,990.96,1001.057,972.707,981.14,124857,1045
2025-02-08 08:00:00+00:00,981.12,990.68,964.16,964.96,133121,185
2025-02-11 08:00:00+00:00,957.86,994.177,951.597,976.14,24551,185
2025-02-12 08:00:00+00:00,977.28,991.167,958.527,978.14,22551,185
2025-02-13 08:00:00+00:00,979.34,983.45,963.517,974.13,22867,1695
2025-02-14 08:00:00+00:00,975.94,997.077,965.117,995.64,17733,185
2025-02-15 08:00:00+00:00,995.44,1008.197,956.637,960.58,36478,1365
2025-02-18 08:00:00+00:00,973.2,989.99,960.247,973.43,215617,1825
2025-02-19 08:00:00+00:00,976.39,988.487,970.72,982.78,81545,1175
2025-02-20 08:00:00+00:00,985.25,992.497,962.41,969.48,135241,1025
2025-02-21 08:00:00+00:00,971.52,992.477,956.607,977.68,66502,185
2025-02-22 08:00:00+00:00,977.13,985.06,957.17,957.17,69530,1625
2025-02-25 08:00:00+00:00,958.14,972.807,935.62,939.58,24763,1185
2025-02-26 08:00:00+00:00,938.28,953.637,919.33,924.98,27567,185
2025-02-27 08:00:00+00:00,917.67,946.94,917.67,922.33,35202,1245
2025-02-28 08:00:00+00:00,918.85,932.407,911.697,914.79,21850,1685
2025-03-01 08:00:00+00:00,916.5,924.887,908.537,914.22,66829,675
2025-03-04 08:00:00+00:00,919.59,951.717,919.59,936.58,42383,185
2025-03-05 08:00:00+00:00,935.28,953.639,924.96,946.01,20009,351
2025-03-06 08:00:00+00:00,937.85,961.654,929.344,941.51,26271,361
2025-03-07 08:00:00+00:00,942.06,953.514,932.624,941.03,54212,1801
2025-03-08 08:00:00+00:00,941.19,955.554,936.574,938.71,63412,591
2025-03-11 08:00:00+00:00,945.75,963.194,934.77,938.56,20742,1751
2025-03-12 08:00:00+00:00,937.5,955.21,928.8,941.25,42352,351
2025-03-13 08:00:00+00:00,943.0,958.044,938.58,948.8,30660,2811
2025-03-14 08:00:00+00:00,950.14,963.58,935.684,957.03,53098,1361
2025-03-15 08:00:00+00:00,952.27,978.724,950.94,950.94,57563,351
2025-03-18 08:00:00+00:00,962.37,976.224,956.91,966.25,67826,351
2025-03-19 08:00:00+00:00,966.8,981.704,961.014,962.36,29901,1271
2025-03-20 08:00:00+00:00,965.5,970.214,955.38,958.95,63406,351
2025-03-21 08:00:00+00:00,958.52,963.314,942.42,948.22,15344,611
2025-03-22 08:00:00+00:00,942.16,961.334,941.51,948.67,52957,1051
2025-03-25 08:00:00+00:00,945.75,968.854,945.75,947.2,60365,991
2025-03-26 08:00:00+00:00,940.0,967.814,940.0,955.62,81069,2011
2025-03-27 08:00:00+00:00,957.39,974.854,948.124,956.52,39355,351
2025-03-28 08:00:00+00:00,950.66,983.104,950.66,969.75,16452,971
2025-03-29 08:00:00+00:00,971.66,990.81,965.05,965.05,23828,1091
2025-04-01 08:00:00+00:00,955.47,992.044,955.47,986.07,72949,1271
2025-04-02 08:00:00+00:00,988.25,995.904,980.0,980.6,23863,971
2025-04-03 08:00:00+00:00,982.17,991.424,965.96,966.31,23873,351
2025-04-04 08:00:00+00:00,956.75,969.354,924.08,928.15,47920,1671
2025-04-05 08:00:00+00:00,927.85,934.814,905.704,906.12,57453,351
2025-04-08 08:00:00+00:00,871.18,934.004,871.18,907.27,65205,351
2025-04-09 08:00:00+00:00,910.91,924.704,892.894,903.94,31622,351
2025-04-10 08:00:00+00:00,904.24,926.464,897.574,918.7,41998,351
2025-04-11 08:00:00+00:00,919.75,929.904,905.684,916.79,30419,551
2025-04-12 08:00:00+00:00,916.4,928.804,906.504,909.1,33689,1141
2025-04-15 08:00:00+00:00,898.1,960.664,898.1,948.09,28682,951
2025-04-16 08:00:00+00:00,946.5,975.354,941.35,969.74,27151,351
2025-04-17 08:00:00+00:00,965.83,981.214,963.71,968.8,37655,1371
2025-04-18 08:00:00+00:00,969.0,973.904,946.524,951.69,53401,781
2025-04-22 08:00:00+00:00,947.05,963.084,929.26,929.59,19281,351
2025-04-23 08:00:00+00:00,922.48,950.944,922.48,928.02,40819,351
2025-04-24 08:00:00+00:00,930.39,948.884,919.034,934.82,53727,351
2025-04-25 08:00:00+00:00,936.75,951.714,932.514,946.07,66479,1251
2025-04-26 08:00:00+00:00,947.62,948.89,932.12,936.14,191508,1411
2025-04-29 08:00:00+00:00,942.99,961.494,926.334,941.73,175463,351
2025-04-30 08:00:00+00:00,939.78,952.32,932.09,935.0,375017,2311
2025-05-01 08:00:00+00:00,937.25,944.224,921.024,941.27,113872,2860
2025-05-02 08:00:00+00:00,937.74,952.474,933.524,942.47,24417,541
2025-05-03 08:00:00+00:00,943.43,956.904,936.34,949.17,90643,2701
2025-05-06 08:00:00+00:00,943.73,963.614,937.03,944.77,24557,351
2025-05-07 08:00:00+00:00,945.08,977.014,935.344,968.58,25697,1361
2025-05-08 08:00:00+00:00,968.59,985.604,960.51,964.27,60701,1551
2025-05-09 08:00:00+00:00,964.57,984.334,955.26,973.17,66302,351
2025-05-10 08:00:00+00:00,973.38,984.41,964.124,977.27,48831,1461
2025-05-13 08:00:00+00:00,961.04,986.994,939.69,946.91,45890,351
2025-05-14 08:00:00+00:00,946.36,959.374,936.13,954.37,27800,351
2025-05-15 08:00:00+00:00,953.5,967.864,942.58,953.57,24227,1711
2025-05-16 08:00:00+00:00,952.27,973.634,940.19,960.27,22691,1171
2025-05-17 08:00:00+00:00,960.27,968.134,949.35,961.37,25100,1281
2025-05-20 08:00:00+00:00,945.63,978.424,945.63,973.77,65078,871
2025-05-21 08:00:00+00:00,973.08,1017.904,965.184,1014.26,69917,1171
2025-05-22 08:00:00+00:00,1014.26,1043.534,996.91,1025.89,24467,411
2025-05-23 08:00:00+00:00,1033.79,1035.444,1003.31,1008.83,21779,711
2025-05-24 08:00:00+00:00,1008.58,1017.564,975.334,995.97,91547,2840
2025-05-27 08:00:00+00:00,975.5,1005.104,975.5,984.58,156006,351
2025-05-28 08:00:00+00:00,988.0,990.93,970.324,975.85,113329,2840
2025-05-29 08:00:00+00:00,976.4,983.614,951.574,962.94,107526,2840
2025-05-30 08:00:00+00:00,966.93,979.314,945.524,976.78,12211,1691
2025-05-31 08:00:00+00:00,977.84,978.09,959.314,970.37,87692,1621
2025-06-03 08:00:00+00:00,957.11,994.124,957.11,991.67,33801,511
2025-06-04 08:00:00+00:00,990.0,1013.364,982.44,1010.77,25969,1271
2025-06-05 08:00:00+00:00,1008.59,1013.914,994.93,997.86,29931,431
2025-06-06 08:00:00+00:00,999.35,1023.694,991.68,1003.97,43097,2421
2025-06-07 08:00:00+00:00,1003.81,1050.894,997.53,1047.07,53621,1641
2025-06-10 08:00:00+00:00,1024.71,1086.414,1024.71,1075.09,16718,831
2025-06-11 08:00:00+00:00,1075.37,1080.294,1050.114,1056.03,66654,1281
2025-06-12 08:00:00+00:00,1055.79,1085.254,1052.08,1070.14,52300,1171
2025-06-13 08:00:00+00:00,1070.37,1076.764,1042.464,1061.99,58107,351
2025-06-14 08:00:00+00:00,1058.31,1067.924,1026.95,1028.47,18579,1121
2025-06-17 08:00:00+00:00,1029.37,1051.514,1025.184,1031.03,29293,871
2025-06-18 08:00:00+00:00,1030.64,1054.424,1018.894,1050.32,17314,351
2025-06-19 08:00:00+00:00,1045.93,1058.79,1040.8,1047.69,20470,1271
2025-06-20 08:00:00+00:00,1045.69,1062.534,1029.664,1051.1,235809,521
2025-06-21 08:00:00+00:00,1047.49,1055.524,1037.32,1045.97,90744,781
2025-06-24 08:00:00+00:00,1040.55,1081.714,1030.964,1073.55,14822,841
2025-06-25 08:00:00+00:00,1073.82,1077.634,1053.36,1063.77,53552,1681
2025-06-26 08:00:00+00:00,1064.37,1075.074,1042.044,1065.78,49975,1641
2025-06-27 08:00:00+00:00,1065.78,1150.174,1062.72,1131.84,23266,1331
2025-06-28 08:00:00+00:00,1128.05,1179.014,1106.554,1130.07,23078,351
2025-07-01 08:00:00+00:00,1128.18,1162.784,1090.964,1101.77,20278,1241
2025-07-02 08:00:00+00:00,1094.66,1133.184,1093.63,1102.72,18226,1201
2025-07-03 08:00:00+00:00,1095.68,1163.464,1095.664,1154.98,16761,1971
2025-07-04 08:00:00+00:00,1145.68,1162.14,1114.464,1135.47,17287,1531
2025-07-05 08:00:00+00:00,1125.64,1142.554,1118.784,1131.624,11426,2860
2025-07-08 08:00:00+00:00,1111.13,1141.33,1096.564,1107.12,17425,1791
2025-07-09 08:00:00+00:00,1106.97,1127.764,1098.024,1108.05,54311,2501
2025-07-10 08:00:00+00:00,1108.3,1114.16,1076.464,1106.72,52339,1371
2025-07-11 08:00:00+00:00,1106.96,1156.464,1092.124,1134.27,53758,2461
2025-07-12 08:00:00+00:00,1105.44,1221.384,1105.44,1183.61,28731,691
2025-07-15 08:00:00+00:00,1183.55,1236.67,1157.634,1188.05,22516,351
2025-07-16 08:00:00+00:00,1186.82,1228.524,1167.354,1180.91,22336,971
2025-07-17 08:00:00+00:00,1180.76,1237.664,1167.374,1226.864,74886,2791
2025-07-18 08:00:00+00:00,1228.184,1284.534,1207.134,1265.224,15578,2031
2025-07-19 08:00:00+00:00,1259.324,1334.594,1233.954,1233.954,27166,2211
2025-07-22 08:00:00+00:00,1232.694,1286.804,1231.204,1255.124,24638,3211
2025-07-23 08:00:00+00:00,1255.614,1283.904,1235.244,1272.414,18524,1181
2025-07-24 08:00:00+00:00,1256.304,1292.664,1252.014,1277.664,25707,351
2025-07-25 08:00:00+00:00,1273.714,1282.694,1228.18,1234.104,18807,351
2025-07-26 08:00:00+00:00,1234.404,1239.894,1196.304,1217.674,18767,351
2025-07-29 08:00:00+00:00,1195.824,1260.184,1195.824,1231.804,21333,3081
2025-07-30 08:00:00+00:00,1227.834,1261.924,1217.794,1252.104,16367,981
2025-07-31 08:00:00+00:00,1252.124,1273.364,1161.174,1214.654,18933,1101
2025-08-01 08:00:00+00:00,1215.034,1244.894,1175.874,1189.874,17971,4101
2025-08-02 08:00:00+00:00,1186.924,1228.254,1162.294,1205.424,26484,0
2025-08-05 08:00:00+00:00,1206.484,1213.014,1170.604,1200.884,21531,371
2025-08-06 08:00:00+00:00,1200.644,1219.814,1173.314,1176.064,18116,1031
2025-08-07 08:00:00+00:00,1172.894,1178.954,1133.954,1139.454,21003,351
2025-08-08 08:00:00+00:00,1136.554,1164.614,1125.834,1161.584,18141,2131
2025-08-09 08:00:00+00:00,1161.284,1164.184,1115.224,1118.67,23836,3101
2025-08-12 08:00:00+00:00,1117.704,1157.474,1112.384,1144.014,15674,391
2025-08-13 08:00:00+00:00,1142.844,1161.804,1118.25,1128.844,14576,1661
2025-08-14 08:00:00+00:00,1128.984,1140.964,1113.734,1133.024,11992,1041
2025-08-15 08:00:00+00:00,1133.874,1149.604,1126.524,1146.724,14590,2131
2025-08-16 08:00:00+00:00,1143.514,1150.264,1105.604,1114.824,13927,1941
2025-08-19 08:00:00+00:00,1098.974,1128.584,1098.974,1112.474,15285,1571
2025-08-20 08:00:00+00:00,1110.784,1133.224,1097.834,1109.864,16925,2661
2025-08-21 08:00:00+00:00,1110.984,1127.804,1091.414,1113.734,16485,1731
2025-08-22 08:00:00+00:00,1113.514,1113.964,1093.224,1108.98,9757,4551
2025-08-23 08:00:00+00:00,1112.314,1134.664,1105.07,1125.38,10440,3811
2025-08-26 08:00:00+00:00,1124.664,1130.924,1092.58,1094.954,12003,351
2025-08-27 08:00:00+00:00,1096.574,1103.214,1076.284,1101.46,12778,351
2025-08-28 08:00:00+00:00,1090.394,1107.924,1074.324,1089.924,14497,1721
2025-08-29 08:00:00+00:00,1090.504,1108.284,1086.38,1107.424,16524,2241
2025-08-30 08:00:00+00:00,1104.554,1108.604,1082.554,1100.424,13066,351
2025-09-02 08:00:00+00:00,1084.814,1140.174,1084.814,1133.09,38685,1431
2025-09-03 08:00:00+00:00,1116.224,1142.654,1104.374,1139.634,21676,1621
2025-09-04 08:00:00+00:00,1138.494,1160.414,1123.994,1144.224,19809,351
2025-09-05 08:00:00+00:00,1144.184,1145.134,1120.05,1123.08,18388,1081
2025-09-06 08:00:00+00:00,1114.964,1135.164,1094.134,1108.224,20541,2121
2025-09-09 08:00:00+00:00,1108.454,1143.954,1102.71,1136.524,20173,1481
2025-09-10 08:00:00+00:00,1137.974,1152.064,1114.314,1139.45,26955,1781
2025-09-11 08:00:00+00:00,1139.95,1194.054,1124.834,1177.85,106105,611
2025-09-12 08:00:00+00:00,1167.18,1197.004,1167.18,1189.15,24729,1171
2025-09-13 08:00:00+00:00,1188.05,1229.794,1167.404,1192.65,83448,1801
2025-09-16 08:00:00+00:00,1169.39,1216.784,1165.974,1190.69,17198,351
2025-09-17 08:00:00+00:00,1190.69,1206.404,1170.184,1179.45,24925,351
2025-09-18 08:00:00+00:00,1179.5,1187.05,1140.774,1156.31,93478,1691
2025-09-19 08:00:00+00:00,1145.03,1170.454,1138.454,1155.88,25353,951
2025-09-20 08:00:00+00:00,1155.51,1167.384,1140.554,1147.72,119594,651
2025-09-23 08:00:00+00:00,1141.43,1189.39,1141.43,1184.15,23206,911
2025-09-24 08:00:00+00:00,1175.5,1230.084,1165.704,1216.35,20475,701
2025-09-25 08:00:00+00:00,1215.95,1235.854,1193.974,1210.03,35045,1701
2025-09-26 08:00:00+00:00,1210.03,1261.064,1185.544,1256.53,31245,1701
2025-09-27 08:00:00+00:00,1256.76,1282.034,1231.714,1265.73,77100,2051
2025-09-30 08:00:00+00:00,1269.4,1300.084,1248.764,1267.21,29273,351
2025-10-01 08:00:00+00:00,1267.47,1288.314,1217.654,1259.65,61779,1331
2025-10-02 08:00:00+00:00,1253.52,1273.044,1232.544,1255.2,26950,1621
2025-10-03 08:00:00+00:00,1255.17,1283.504,1209.814,1244.48,66441,351
2025-10-04 08:00:00+00:00,1243.03,1271.344,1234.15,1260.55,35751,1331
2025-10-07 08:00:00+00:00,1220.58,1334.324,1220.58,1314.67,38785,801
2025-10-08 08:00:00+00:00,1314.68,1371.364,1306.73,1346.95,80883,1101
2025-10-09 08:00:00+00:00,1329.18,1479.204,1318.294,1444.95,44932,1051
2025-10-10 08:00:00+00:00,1445.15,1501.234,1401.084,1409.75,53631,351
2025-10-11 08:00:00+00:00,1396.26,1481.104,1368.644,1387.41,55248,351
2025-10-14 08:00:00+00:00,1409.57,1497.484,1408.204,1475.5,38809,1321
2025-10-15 08:00:00+00:00,1470.22,1526.77,1429.504,1514.75,319923,351
2025-10-16 08:00:00+00:00,1501.0,1567.874,1495.164,1531.19,43779,1921
2025-10-17 08:00:00+00:00,1531.19,1625.25,1513.054,1624.75,54175,351
2025-10-18 08:00:00+00:00,1624.75,1628.734,1460.5,1460.5,59448,351
2025-10-21 08:00:00+00:00,1452.56,1515.784,1393.944,1502.8,334633,351
2025-10-22 08:00:00+00:00,1501.22,1516.774,1386.394,1411.25,64022,1151
2025-10-23 08:00:00+00:00,1412.79,1483.024,1376.594,1444.85,50538,351
2025-10-24 08:00:00+00:00,1432.52,1481.264,1414.414,1438.04,33163,351
2025-10-25 08:00:00+00:00,1404.97,1462.914,1392.144,1402.02,34316,1651
2025-10-28 08:00:00+00:00,1402.77,1453.274,1388.424,1396.75,117095,351
2025-10-29 08:00:00+00:00,1397.0,1420.634,1344.394,1396.7,53602,1111
2025-10-30 08:00:00+00:00,1398.85,1427.194,1376.454,1400.48,29904,351
2025-10-31 08:00:00+00:00,1394.29,1457.904,1394.29,1452.0,30001,401
2025-11-01 08:00:00+00:00,1451.43,1482.964,1426.38,1426.38,35097,2691
2025-11-04 08:00:00+00:00,1390.19,1468.014,1390.19,1441.39,34710,2211
2025-11-05 08:00:00+00:00,1437.5,1441.884,1389.9,1390.0,58017,1761
2025-11-06 08:00:00+00:00,1377.52,1432.184,1367.864,1417.02,58858,611
2025-11-07 08:00:00+00:00,1419.14,1440.374,1363.894,1370.74,37724,1591
2025-11-08 08:00:00+00:00,1375.14,1402.424,1357.044,1375.95,30454,351
2025-11-11 08:00:00+00:00,1386.41,1432.234,1355.054,1412.7,32187,351
2025-11-12 08:00:00+00:00,1412.2,1460.234,1386.614,1443.43,71421,351
2025-11-13 08:00:00+00:00,1442.93,1475.734,1418.02,1464.69,62087,2161
2025-11-14 08:00:00+00:00,1469.59,1497.224,1425.45,1426.6,55309,351
2025-11-15 08:00:00+00:00,1426.15,1450.444,1370.354,1393.55,181787,351
2025-11-18 08:00:00+00:00,1399.43,1419.284,1368.084,1389.27,31202,901
2025-11-19 08:00:00+00:00,1393.67,1419.014,1365.81,1393.88,40616,351
2025-11-20 08:00:00+00:00,1393.38,1432.224,1382.49,1386.85,34945,351
2025-11-21 08:00:00+00:00,1386.45,1427.394,1356.364,1378.15,69722,351
2025-11-22 08:00:00+00:00,1378.38,1392.414,1350.674,1369.25,50141,1371
2025-11-25 08:00:00+00:00,1382.78,1403.074,1349.654,1389.56,34091,351
2025-11-26 08:00:00+00:00,1389.01,1405.844,1371.124,1390.35,65408,1701
2025-11-27 08:00:00+00:00,1390.45,1425.724,1366.05,1397.98,106479,351
2025-11-28 08:00:00+00:00,1390.22,1436.584,1384.184,1431.13,103871,1871
2025-11-29 08:00:00+00:00,1433.73,1467.774,1390.034,1448.244,45536,1031
2025-12-02 08:00:00+00:00,1451.52,1499.194,1378.884,1421.67,64005,351
2025-12-03 08:00:00+00:00,1422.23,1468.754,1400.324,1460.42,72741,351
2025-12-04 08:00:00+00:00,1436.67,1482.154,1436.67,1453.91,35894,351
2025-12-05 08:00:00+00:00,1453.5,1462.084,1428.894,1454.25,38318,351
2025-12-06 08:00:00+00:00,1433.06,1470.274,1418.064,1438.35,43528,1141
2025-12-09 08:00:00+00:00,1452.87,1485.924,1444.534,1472.58,24680,901
2025-12-10 08:00:00+00:00,1468.41,1511.954,1455.784,1505.64,37943,351
2025-12-11 08:00:00+00:00,1505.59,1513.724,1448.044,1469.85,60810,351
2025-12-12 08:00:00+00:00,1469.85,1500.774,1462.584,1494.95,38084,751
2025-12-13 08:00:00+00:00,1490.02,1541.754,1466.954,1492.45,58338,361
2025-12-16 08:00:00+00:00,1503.51,1588.874,1464.344,1573.05,62147,351
2025-12-17 08:00:00+00:00,1573.05,1620.174,1547.894,1596.55,53396,351
2025-12-18 08:00:00+00:00,1596.09,1653.674,1550.554,1646.35,137154,351
2025-12-19 08:00:00+00:00,1646.35,1713.104,1630.414,1689.39,63024,1391
2025-12-20 08:00:00+00:00,1693.37,1720.874,1651.244,1692.27,53945,791
2025-12-23 08:00:00+00:00,1713.78,1793.954,1701.764,1771.85,55664,1761
2025-12-24 08:00:00+00:00,1771.41,1872.454,1725.324,1857.06,99370,351
2025-12-25 08:00:00+00:00,1857.02,1959.854,1675.834,1702.55,345232,921
2025-12-26 08:00:00+00:00,1705.69,1705.69,1702.55,1702.55,1846818,35920
2025-12-27 08:00:00+00:00,1689.31,1930.924,1689.31,1917.93,387665,351
2025-12-30 08:00:00+00:00,1927.38,1966.554,1599.344,1632.8,124412,351
2025-12-31 08:00:00+00:00,1633.05,1690.774,1548.164,1619.39,569113,3151
2026-01-01 08:00:00+00:00,1619.84,1620.474,1482.974,1597.34,736772,3961
2026-01-02 08:00:00+00:00,1597.1,1600.89,1597.1,1597.1,18155548,34520
2026-01-03 08:00:00+00:00,1600.89,1669.604,1597.1,1631.82,1203408,351
2026-01-06 08:00:00+00:00,1590.69,1733.104,1590.69,1705.15,83070,2461
2026-01-07 08:00:00+00:00,1690.804,1832.844,1664.784,1821.54,77968,581
2026-01-08 08:00:00+00:00,1822.05,1850.644,1703.904,1757.82,135333,351
2026-01-09 08:00:00+00:00,1757.69,1795.084,1698.454,1781.31,101056,1031
2026-01-10 08:00:00+00:00,1781.76,1865.904,1744.674,1793.0,90423,351
2026-01-13 08:00:00+00:00,1830.14,1900.134,1806.134,1855.75,56968,2161
2026-01-14 08:00:00+00:00,1855.07,1897.854,1771.154,1829.36,64257,1761
2026-01-15 08:00:00+00:00,1842.25,1905.914,1814.044,1825.98,64679,2501
2026-01-16 08:00:00+00:00,1835.43,1840.12,1759.044,1817.25,56060,351
2026-01-17 08:00:00+00:00,1812.37,1819.414,1723.154,1798.85,64973,351
2026-01-20 08:00:00+00:00,1811.73,1848.734,1781.814,1838.96,110121,2771
2026-01-21 08:00:00+00:00,1839.84,1876.8,1791.354,1874.79,55583,1151
2026-01-22 08:00:00+00:00,1855.28,1898.554,1823.584,1844.35,66311,1321
2026-01-23 08:00:00+00:00,1844.25,1929.964,1793.674,1908.79,80573,1761
2026-01-24 08:00:00+00:00,1912.39,2032.114,1878.414,2019.15,66277,1301
2026-01-27 08:00:00+00:00,1980.45,2165.694,1935.304,1951.9,101666,351
2026-01-28 08:00:00+00:00,1947.73,2059.144,1850.124,1923.69,64575,351
2026-01-29 08:00:00+00:00,1890.83,2060.15,1887.404,2057.39,71275,1081
2026-01-30 08:00:00+00:00,2054.56,2136.794,1903.854,1997.48,81339,351
2026-01-31 08:00:00+00:00,1943.24,2035.844,1582.464,1651.47,135684,2471
2026-02-03 08:00:00+00:00,1647.71,1768.994,1565.884,1700.63,154380,2071
2026-02-04 08:00:00+00:00,1686.89,1833.794,1681.204,1739.43,91262,351
2026-02-05 08:00:00+00:00,1733.17,1844.694,1712.814,1743.08,85052,351
2026-02-06 08:00:00+00:00,1699.32,1788.284,1627.644,1651.92,152049,351
2026-02-07 08:00:00+00:00,1544.1,1733.724,1544.1,1676.27,84352,351
2026-02-10 08:00:00+00:00,1714.06,1752.164,1665.394,1730.97,82935,1131
2026-02-11 08:00:00+00:00,1737.4,1751.564,1698.924,1703.06,49414,2411
2026-02-12 08:00:00+00:00,1700.52,1772.404,1675.564,1714.99,62721,1641
2026-02-13 08:00:00+00:00,1720.16,1730.374,1614.54,1615.94,75057,1331
2026-02-14 08:00:00+00:00,1632.95,1706.074,1605.534,1674.58,76606,1971
2026-02-17 08:00:00+00:00,1686.39,1742.424,1650.494,1721.85,28083,531
2026-02-18 08:00:00+00:00,1692.74,1732.904,1627.344,1676.06,83105,351
2026-02-19 08:00:00+00:00,1682.7,1749.484,1658.884,1711.18,53893,3111
2026-02-20 08:00:00+00:00,1709.21,1736.264,1658.544,1689.17,53268,2381
2026-02-21 08:00:00+00:00,1686.94,1755.304,1656.334,1735.82,57836,1541
2026-02-24 08:00:00+00:00,1747.02,1782.844,1709.924,1738.99,76777,2511
2026-02-25 08:00:00+00:00,1712.43,1792.424,1693.024,1783.02,55503,1371
2026-02-26 08:00:00+00:00,1733.1,1867.354,1721.024,1790.88,59903,351
2026-02-27 08:00:00+00:00,1789.58,1819.924,1736.624,1778.314,62836,1661
2026-02-28 08:00:00+00:00,1791.344,1841.584,1768.074,1777.15,57961,1841
2026-03-03 08:00:00+00:00,1814.26,1840.694,1746.114,1775.64,101058,1191
2026-03-04 08:00:00+00:00,1772.54,1809.134,1596.744,1646.95,134612,351
2026-03-05 08:00:00+00:00,1650.71,1713.284,1615.614,1673.94,89801,351
2026-03-06 08:00:00+00:00,1622.33,1698.754,1620.834,1632.29,94553,351
2026-03-07 08:00:00+00:00,1628.76,1668.634,1604.074,1618.15,55509,3781
2026-03-10 08:00:00+00:00,1608.6,1695.85,1575.04,1691.85,63256,4591
2026-03-11 08:00:00+00:00,1692.61,1706.88,1652.34,1658.48,55305,4840
2026-03-12 08:00:00+00:00,1654.81,1682.38,1623.53,1634.76,46179,2941
2026-03-13 08:00:00+00:00,1617.8,1674.53,1610.93,1618.01,52290,2241
2026-03-14 08:00:00+00:00,1583.51,1647.62,1544.2,1545.76,53447,4780
2026-03-17 08:00:00+00:00,1551.64,1613.62,1505.62,1609.5,54440,2901
2026-03-18 08:00:00+00:00,1605.0,1632.42,1584.26,1604.74,41411,2881
2026-03-19 08:00:00+00:00,1603.17,1621.39,1479.25,1482.11,53715,2281
2026-03-20 08:00:00+00:00,1481.07,1511.26,1411.26,1449.62,70034,4700
2026-03-21 08:00:00+00:00,1455.59,1498.08,1393.08,1393.1,67118,4690
2026-03-24 08:00:00+00:00,1402.55,1471.51,1326.71,1429.95,95913,930
2026-03-25 08:00:00+00:00,1394.62,1440.84,1382.34,1438.03,84079,3550
2026-03-26 08:00:00+00:00,1408.99,1477.57,1408.98,1410.9,69223,4700
2026-03-27 08:00:00+00:00,1413.2,1435.67,1344.15,1360.07,68433,4660
2026-03-28 08:00:00+00:00,1343.67,1417.08,1343.67,1378.46,43924,4670
2026-03-31 08:00:00+00:00,1333.84,1445.05,1333.84,1412.52,65832,3721
2026-04-01 08:00:00+00:00,1377.77,1490.21,1377.77,1484.35,81915,4690
2026-04-02 08:00:00+00:00,1477.54,1517.62,1459.05,1482.24,65766,4730
2026-04-03 08:00:00+00:00,1463.26,1510.93,1433.51,1508.63,85481,4710
2026-04-07 08:00:00+00:00,1491.27,1521.88,1472.74,1488.42,42753,4740
2026-04-08 08:00:00+00:00,1439.48,1508.58,1426.56,1467.2,68223,4181
2026-04-09 08:00:00+00:00,1467.89,1623.03,1466.98,1570.82,73874,2491
2026-04-10 08:00:00+00:00,1555.194,1576.31,1531.32,1558.41,52977,4441
2026-04-11 08:00:00+00:00,1541.25,1566.63,1515.87,1527.99,44326,4311
2026-04-14 08:00:00+00:00,1484.98,1580.15,1459.874,1577.01,59115,4051
2026-04-15 08:00:00+00:00,1539.84,1604.65,1539.84,1589.39,51048,4041
2026-04-16 08:00:00+00:00,1580.76,1608.15,1564.52,1573.03,55275,4421
2026-04-17 08:00:00+00:00,1531.69,1599.9,1531.69,1558.66,60671,3581
2026-04-18 08:00:00+00:00,1542.95,1602.2,1537.17,1566.99,59863,3611
2026-04-21 08:00:00+00:00,1522.74,1564.07,1501.024,1561.31,63972,4471
2026-04-22 08:00:00+00:00,1545.93,1573.79,1523.39,1525.13,69085,4760
2026-04-23 08:00:00+00:00,1522.7,1579.26,1522.7,1546.02,49097,3681
2026-04-24 08:00:00+00:00,1521.69,1558.41,1459.82,1465.6,72972,3721
2026-04-25 08:00:00+00:00,1446.32,1506.84,1446.32,1500.09,56992,3371
2026-04-28 08:00:00+00:00,1395.5,1501.9,1395.5,1475.2,53251,3171
2026-04-29 08:00:00+00:00,1447.64,1482.86,1430.64,1466.27,67859,3181
2026-04-30 08:00:00+00:00,1459.804,1474.49,1434.45,1460.64,60270,4710
2026-05-01 08:00:00+00:00,1416.48,1540.37,1416.48,1528.06,63183,3611
2026-05-02 08:00:00+00:00,1520.52,1558.36,1475.644,1523.5,46309,4750
2026-05-05 08:00:00+00:00,1456.02,1542.23,1456.02,1483.15,59309,3811
2026-05-06 08:00:00+00:00,1438.6,1522.76,1438.6,1488.35,47120,3381
2026-05-07 08:00:00+00:00,1485.24,1558.97,1478.96,1535.39,66675,3571
2026-05-08 08:00:00+00:00,1498.25,1563.11,1485.82,1490.42,64997,3451
2026-05-09 08:00:00+00:00,1461.4,1515.63,1461.4,1488.66,54926,3411
2026-05-12 08:00:00+00:00,1444.97,1522.12,1444.97,1508.68,67688,2641
2026-05-13 08:00:00+00:00,1488.26,1519.94,1450.37,1496.98,75474,4720
2026-05-14 08:00:00+00:00,1448.46,1526.52,1448.46,1504.1,66252,4740
2026-05-15 08:00:00+00:00,1453.61,1513.39,1438.04,1445.17,62859,2991
2026-05-16 08:00:00+00:00,1405.19,1446.37,1405.19,1420.954,77193,1241
2026-05-19 08:00:00+00:00,1323.74,1437.834,1323.74,1413.704,64151,2291
2026-05-20 08:00:00+00:00,1407.11,1425.894,1351.314,1358.934,40945,1371
2026-05-21 08:00:00+00:00,1313.99,1387.114,1313.99,1377.514,43956,2641
2026-05-22 08:00:00+00:00,1370.684,1399.034,1344.894,1393.184,43887,2061
2026-05-23 08:00:00+00:00,1352.2,1396.224,1343.614,1352.574,257047,1371
2026-05-26 08:00:00+00:00,1361.95,1399.404,1361.304,1395.46,24353,3641
2026-05-27 08:00:00+00:00,1370.8,1401.664,1370.8,1383.284,31440,1871
2026-05-28 08:00:00+00:00,1376.13,1395.044,1362.104,1391.634,33045,351
2026-05-29 08:00:00+00:00,1351.85,1394.494,1336.824,1373.414,43300,1981
2026-05-30 08:00:00+00:00,1332.74,1394.334,1332.74,1361.474,30882,2821
2026-06-02 08:00:00+00:00,1357.69,1378.254,1341.164,1366.104,34299,2251
2026-06-03 08:00:00+00:00,1320.64,1395.454,1320.64,1375.004,26078,1861
2026-06-04 08:00:00+00:00,1368.894,1377.524,1307.174,1311.194,35752,881
2026-06-05 08:00:00+00:00,1279.58,1333.784,1279.58,1316.564,34737,401
2026-06-06 08:00:00+00:00,1278.9,1330.974,1231.084,1235.204,59705,591
2026-06-09 08:00:00+00:00,1233.6,1244.394,1193.494,1215.274,46166,1721
2026-06-10 08:00:00+00:00,1188.14,1261.304,1188.14,1229.134,43899,2011
2026-06-11 08:00:00+00:00,1193.75,1263.554,1192.274,1223.134,65497,801
2026-06-12 08:00:00+00:00,1179.91,1285.384,1179.91,1277.324,70524,1291
2026-06-13 08:00:00+00:00,1233.0,1318.264,1233.0,1282.424,55009,751
2026-06-16 08:00:00+00:00,1253.51,1369.574,1253.51,1344.734,34743,351
2026-06-17 08:00:00+00:00,1332.85,1374.064,1322.05,1356.104,29660,1961
2026-06-18 08:00:00+00:00,1318.1,1363.354,1305.594,1309.064,62516,2081
2026-06-19 08:00:00+00:00,1318.334,1340.684,1271.864,1280.524,37796,1621
2026-06-20 08:00:00+00:00,1232.9,1281.14,1232.9,1260.57,18339,2601
2026-06-23 08:00:00+00:00,1209.75,1293.274,1209.75,1263.124,36223,2161
2026-06-24 08:00:00+00:00,1250.71,1273.694,1222.694,1232.224,40420,2021
2026-06-25 08:00:00+00:00,1201.05,1242.274,1152.184,1165.014,48134,351
2026-06-26 08:00:00+00:00,1161.04,1205.134,1155.664,1187.884,61769,1771
2026-06-27 08:00:00+00:00,1156.84,1223.014,1156.84,1213.054,37629,1731
2026-06-30 08:00:00+00:00,1168.96,1237.474,1168.96,1219.214,33111,1801
2026-07-01 08:00:00+00:00,1188.66,1248.704,1188.66,1217.234,45226,2101
2026-07-02 08:00:00+00:00,1188.1,1231.694,1178.614,1214.394,34497,1611
2026-07-03 08:00:00+00:00,1182.76,1276.944,1182.76,1262.544,49657,1841
2026-07-04 08:00:00+00:00,1228.4,1286.934,1228.4,1270.84,1498802,2451
2026-07-07 08:00:00+00:00,1232.71,1291.524,1232.71,1274.674,36588,851
2026-07-08 08:00:00+00:00,1247.75,1289.964,1244.554,1270.574,31887,1861
2026-07-09 08:00:00+00:00,1220.91,1279.174,1207.734,1223.494,40777,351
2026-07-10 08:00:00+00:00,1188.66,1262.064,1188.66,1253.114,32518,721
2026-07-11 08:00:00+00:00,1219.89,1287.134,1219.89,1275.274,34967,611
2026-07-14 08:00:00+00:00,1237.56,1274.704,1237.56,1255.764,44914,641
2026-07-15 08:00:00+00:00,1248.52,1324.494,1240.164,1306.864,42142,351
2026-07-16 08:00:00+00:00,1268.65,1323.434,1268.65,1317.854,31910,1631
2026-07-17 08:00:00+00:00,1269.76,1317.864,1258.584,1263.074,52599,2281
2026-07-18 08:00:00+00:00,1219.9,1264.204,1219.9,1253.234,41299,2541
2026-07-21 08:00:00+00:00,1200.66,1282.434,1200.66,1259.544,33674,2191
2026-07-22 08:00:00+00:00,1258.56,1294.884,1236.594,1284.074,33457,2081
2026-07-23 08:00:00+00:00,1241.65,1324.514,1241.65,1297.174,32906,1531
2026-07-24 08:00:00+00:00,1259.7,1303.644,1251.544,1254.314,36675,2061
2026-07-25 08:00:00+00:00,1221.9,1264.774,1221.9,1243.664,29330,1901
2026-07-28 08:00:00+00:00,1215.85,1298.734,1215.85,1291.614,29588,1451
2026-07-29 08:00:00+00:00,1250.75,1289.804,1245.634,1262.674,39619,1141
2026-07-30 08:00:00+00:00,1233.3,1288.644,1233.3,1260.834,53772,1711
2026-07-31 08:00:00+00:00,1254.974,1317.114,1243.474,1316.784,53218,1741
2026-08-01 08:00:00+00:00,1300.78,1319.004,1257.184,1280.684,50409,2341
2026-08-04 08:00:00+00:00,1247.54,1302.484,1244.204,1261.324,29702,641
2026-08-05 08:00:00+00:00,1231.55,1360.254,1231.55,1349.374,48161,1461
2026-08-06 08:00:00+00:00,1331.88,1392.614,1328.664,1369.764,47770,1881
2026-08-07 08:00:00+00:00,1355.82,1413.194,1337.474,1373.464,68692,351
2026-08-08 08:00:00+00:00,1365.49,1406.334,1348.224,1379.704,73533,1131
2026-08-11 08:00:00+00:00,1363.44,1387.344,1345.864,1380.274,58304,2151
2026-08-12 08:00:00+00:00,1378.02,1401.164,1357.884,1365.264,36368,1611
2026-08-13 08:00:00+00:00,1364.314,1404.824,1359.524,1369.374,41398,1321
2026-08-14 08:00:00+00:00,1364.54,1377.034,1311.514,1314.594,31990,1391
2026-08-15 08:00:00+00:00,1306.25,1326.444,1295.904,1320.514,31766,1011
2026-08-18 08:00:00+00:00,1318.65,1345.984,1299.554,1327.544,37181,2151
2026-08-19 08:00:00+00:00,1321.8,1335.084,1285.514,1287.274,31018,1251
2026-08-20 08:00:00+00:00,1287.28,1335.104,1258.244,1333.924,58385,1711
2026-08-21 08:00:00+00:00,1325.62,1343.224,1309.454,1336.274,33053,1141
2026-08-22 08:00:00+00:00,1328.02,1367.194,1312.544,1348.354,45103,351
2026-08-25 08:00:00+00:00,1349.47,1381.494,1334.494,1354.854,52716,351
2026-08-26 08:00:00+00:00,1359.88,1369.554,1315.984,1342.024,59338,1191
2026-08-27 08:00:00+00:00,1327.17,1353.214,1321.734,1324.224,40475,351
2026-08-28 08:00:00+00:00,1325.48,1357.534,1305.674,1354.934,104597,3831
2026-08-29 08:00:00+00:00,1351.214,1469.414,1338.59,1420.324,46820,3000
2026-09-01 08:00:00+00:00,1418.78,1438.464,1358.624,1365.544,42276,1561
2026-09-02 08:00:00+00:00,1370.53,1376.664,1304.444,1308.234,53534,561
2026-09-03 08:00:00+00:00,1307.53,1356.514,1282.684,1355.014,55279,351
2026-09-04 08:00:00+00:00,1343.8,1429.374,1333.554,1423.564,50072,731
2026-09-05 08:00:00+00:00,1413.33,1422.174,1379.074,1393.804,57571,761
2026-09-08 08:00:00+00:00,1385.2,1406.464,1382.904,1392.44,29217,1111
2026-09-09 08:00:00+00:00,1387.7,1410.494,1345.984,1349.284,63901,351
2026-09-10 08:00:00+00:00,1346.03,1377.514,1332.094,1354.434,55122,1171
2026-09-11 08:00:00+00:00,1349.74,1362.294,1278.994,1280.924,68822,431
2026-09-12 08:00:00+00:00,1276.78,1328.744,1272.944,1303.104,76658,1211
2026-09-15 08:00:00+00:00,1297.17,1306.254,1269.184,1282.154,86228,591
2026-09-16 08:00:00+00:00,1281.53,1306.324,1271.724,1301.024,46623,591
2026-09-17 08:00:00+00:00,1299.63,1323.224,1261.314,1273.574,65173,1141
2026-09-18 08:00:00+00:00,1271.25,1308.514,1269.32,1283.744,52698,1931
