timestamp,open,high,low,close,volume,spread
2015-03-31 08:00:00+00:00,1140.27,1140.39,1114.26,1120.04,5707,0
2015-04-01 08:00:00+00:00,1119.24,1143.94,1114.69,1140.92,5844,0
2015-04-02 08:00:00+00:00,1140.77,1168.4,1132.78,1162.99,6422,0
2015-04-03 08:00:00+00:00,1163.12,1165.41,1149.52,1154.97,6257,0
2015-04-07 08:00:00+00:00,1161.27,1186.92,1161.27,1176.86,5751,0
2015-04-08 08:00:00+00:00,1175.76,1176.23,1163.89,1171.89,4666,0
2015-04-09 08:00:00+00:00,1172.05,1176.35,1159.74,1164.61,6339,0
2015-04-10 08:00:00+00:00,1163.7,1165.52,1153.69,1154.99,5170,0
2015-04-11 08:00:00+00:00,1154.75,1176.02,1152.62,1171.29,6127,0
2015-04-14 08:00:00+00:00,1172.02,1173.38,1147.68,1151.19,6825,0
2015-04-15 08:00:00+00:00,1151.65,1159.33,1140.08,1150.61,8775,0
2015-04-16 08:00:00+00:00,1150.83,1163.81,1145.79,1161.11,7251,0
2015-04-17 08:00:00+00:00,1160.75,1174.32,1152.68,1159.68,9634,0
2015-04-18 08:00:00+00:00,1159.33,1171.23,1157.16,1170.77,8376,0
2015-04-21 08:00:00+00:00,1170.78,1172.96,1143.06,1147.32,6781,0
2015-04-22 08:00:00+00:00,1147.25,1158.91,1144.81,1148.82,5654,0
2015-04-23 08:00:00+00:00,1148.7,1151.17,1128.07,1128.52,7175,0
2015-04-24 08:00:00+00:00,1128.62,1139.5,1126.42,1136.47,7001,0
2015-04-25 08:00:00+00:00,1135.54,1138.19,1118.38,1123.81,7058,0
2015-04-28 08:00:00+00:00,1124.51,1154.28,1117.88,1147.76,8014,0
2015-04-29 08:00:00+00:00,1145.41,1160.19,1139.97,1156.86,7480,0
2015-04-30 08:00:00+00:00,1155.87,1162.28,1150.5,1153.94,7370,0
2015-05-01 08:00:00+00:00,1154.04,1155.11,1130.23,1143.28,9598,0
2015-05-02 08:00:00+00:00,1141.85,1145.0,1126.29,1131.16,6999,0
2015-05-05 08:00:00+00:00,1128.03,1154.14,1126.02,1147.23,4657,0
2015-05-06 08:00:00+00:00,1146.82,1156.96,1141.59,1145.39,5843,0
2015-05-07 08:00:00+00:00,1145.62,1150.06,1135.76,1143.13,5624,0
2015-05-08 08:00:00+00:00,1143.46,1146.07,1128.98,1130.44,6761,0
2015-05-09 08:00:00+00:00,1130.74,1144.57,1128.63,1140.79,6333,0
2015-05-12 08:00:00+00:00,1140.98,1142.22,1122.0,1125.24,5608,0
2015-05-13 08:00:00+00:00,1124.96,1141.14,1123.52,1132.48,5598,0
2015-05-14 08:00:00+00:00,1132.72,1153.22,1129.19,1147.92,6927,0
2015-05-15 08:00:00+00:00,1149.0,1165.93,1144.86,1157.85,6111,0
2015-05-16 08:00:00+00:00,1158.16,1172.33,1150.35,1167.7,7559,0
2015-05-19 08:00:00+00:00,1167.4,1178.36,1162.48,1176.0,6485,0
2015-05-20 08:00:00+00:00,1175.49,1175.49,1146.21,1149.28,8209,0
2015-05-21 08:00:00+00:00,1148.79,1159.32,1147.05,1155.45,7030,0
2015-05-22 08:00:00+00:00,1155.13,1158.57,1144.71,1153.67,6500,0
2015-05-23 08:00:00+00:00,1152.66,1160.64,1143.17,1145.54,6944,0
2015-05-26 08:00:00+00:00,1144.68,1151.07,1142.76,1149.72,2537,0
2015-05-27 08:00:00+00:00,1148.02,1149.13,1121.8,1123.9,7499,0
2015-05-28 08:00:00+00:00,1122.37,1130.27,1114.57,1116.99,4655,0
2015-05-29 08:00:00+00:00,1117.37,1126.62,1108.69,1116.45,5044,0
2015-05-30 08:00:00+00:00,1115.95,1119.21,1110.23,1111.75,6199,0
2015-06-02 08:00:00+00:00,1111.88,1123.6,1102.36,1102.71,7806,0
2015-06-03 08:00:00+00:00,1102.8,1114.4,1100.71,1111.86,7924,0
2015-06-04 08:00:00+00:00,1112.36,1116.29,1100.13,1102.63,6941,0
2015-06-05 08:00:00+00:00,1101.78,1108.94,1094.77,1099.47,7593,0
2015-06-06 08:00:00+00:00,1098.61,1101.0,1088.39,1095.76,7171,0
2015-06-09 08:00:00+00:00,1094.35,1103.7,1093.18,1101.48,5134,0
2015-06-10 08:00:00+00:00,1101.63,1114.92,1101.16,1107.65,4816,0
2015-06-11 08:00:00+00:00,1107.5,1119.79,1105.49,1113.91,6430,0
2015-06-12 08:00:00+00:00,1114.4,1117.27,1101.64,1107.58,6011,0
2015-06-13 08:00:00+00:00,1107.54,1108.15,1093.88,1094.96,4572,0
2015-06-16 08:00:00+00:00,1096.67,1098.88,1077.93,1087.51,6669,0
2015-06-17 08:00:00+00:00,1086.78,1095.04,1078.76,1080.12,3943,0
2015-06-18 08:00:00+00:00,1079.63,1085.69,1071.6,1081.1,5570,0
2015-06-19 08:00:00+00:00,1080.06,1095.79,1077.66,1082.23,5999,0
2015-06-20 08:00:00+00:00,1081.61,1088.91,1081.07,1084.09,3823,0
2015-06-23 08:00:00+00:00,1083.9,1085.09,1058.54,1061.08,4818,0
2015-06-24 08:00:00+00:00,1061.12,1074.77,1059.26,1066.4,4249,0
2015-06-25 08:00:00+00:00,1066.66,1076.63,1064.75,1076.51,3762,0
2015-06-26 08:00:00+00:00,1075.38,1085.06,1072.27,1084.03,4374,0
2015-06-27 08:00:00+00:00,1082.41,1083.89,1070.53,1081.8,4292,0
2015-06-30 08:00:00+00:00,1083.16,1094.46,1067.28,1080.45,6662,0
2015-07-01 08:00:00+00:00,1080.95,1086.07,1074.46,1078.36,6870,0
2015-07-02 08:00:00+00:00,1080.56,1089.91,1079.2,1081.77,4677,0
2015-07-03 08:00:00+00:00,1082.55,1086.04,1073.35,1083.47,4970,0
2015-07-04 08:00:00+00:00,1083.87,1086.54,1080.87,1082.76,3001,0
2015-07-07 08:00:00+00:00,1086.77,1086.77,1047.93,1063.59,5511,0
2015-07-08 08:00:00+00:00,1063.13,1068.5,1026.86,1039.95,7953,0
2015-07-09 08:00:00+00:00,1036.98,1039.01,1010.23,1031.28,10335,0
2015-07-10 08:00:00+00:00,1030.63,1039.75,1019.81,1022.75,8188,0
2015-07-11 08:00:00+00:00,1024.03,1038.65,1020.74,1032.05,5864,0
2015-07-14 08:00:00+00:00,1031.25,1037.45,1020.62,1034.27,7365,0
2015-07-15 08:00:00+00:00,1033.69,1036.02,1025.07,1026.22,4988,0
2015-07-16 08:00:00+00:00,1025.97,1030.86,1013.98,1021.77,4711,0
2015-07-17 08:00:00+00:00,1021.25,1021.9,1005.67,1010.66,5673,0
2015-07-18 08:00:00+00:00,1009.98,1010.64,993.0,994.23,4524,0
2015-07-21 08:00:00+00:00,994.88,996.23,945.64,978.09,7463,0
2015-07-22 08:00:00+00:00,975.62,992.9,965.43,977.07,7233,0
2015-07-23 08:00:00+00:00,978.78,979.69,960.92,979.37,6833,0
2015-07-24 08:00:00+00:00,980.0,998.98,973.16,977.4,6968,0
2015-07-25 08:00:00+00:00,978.88,990.26,968.78,987.52,7789,0
2015-07-28 08:00:00+00:00,987.49,992.23,975.88,982.34,7716,0
2015-07-29 08:00:00+00:00,983.97,986.84,976.72,984.21,5485,0
2015-07-30 08:00:00+00:00,983.52,990.54,977.52,986.28,5809,0
2015-07-31 08:00:00+00:00,984.82,994.04,978.42,988.53,6259,0
2015-08-01 08:00:00+00:00,988.28,994.76,972.51,982.49,6782,0
2015-08-04 08:00:00+00:00,980.46,984.91,956.59,961.0,5962,0
2015-08-05 08:00:00+00:00,960.22,961.44,944.41,953.57,5883,0
2015-08-06 08:00:00+00:00,952.36,955.83,946.84,948.43,4961,0
2015-08-07 08:00:00+00:00,948.22,956.95,945.08,950.61,4180,0
2015-08-08 08:00:00+00:00,949.22,965.08,945.06,961.61,6591,0
2015-08-11 08:00:00+00:00,960.03,990.6,955.52,984.77,5849,0
2015-08-12 08:00:00+00:00,984.04,1000.71,973.83,985.91,8946,0
2015-08-13 08:00:00+00:00,986.1,1005.63,977.71,999.87,8134,0
2015-08-14 08:00:00+00:00,1000.61,1001.87,986.93,991.56,6006,0
2015-08-15 08:00:00+00:00,990.48,1002.32,984.47,991.25,5446,0
2015-08-18 08:00:00+00:00,989.78,999.86,988.28,997.98,4477,0
2015-08-19 08:00:00+00:00,998.04,999.98,979.88,994.1,6071,0
2015-08-20 08:00:00+00:00,993.85,1015.29,986.85,1014.03,7002,0
2015-08-21 08:00:00+00:00,1013.38,1034.55,1010.22,1031.4,7295,0
2015-08-22 08:00:00+00:00,1032.44,1036.88,1014.93,1018.37,9485,0
2015-08-25 08:00:00+00:00,1021.0,1027.2,974.82,990.02,20171,0
2015-08-26 08:00:00+00:00,990.62,1001.04,969.57,976.36,12511,0
2015-08-27 08:00:00+00:00,975.68,986.65,969.52,982.22,6801,0
2015-08-28 08:00:00+00:00,982.43,1008.0,979.76,999.27,6495,0
2015-08-29 08:00:00+00:00,1001.03,1025.16,997.53,1017.19,10086,0
2015-09-01 08:00:00+00:00,1015.71,1015.71,996.73,1008.65,5976,0
2015-09-02 08:00:00+00:00,1007.42,1016.69,997.55,1001.89,9060,0
2015-09-03 08:00:00+00:00,1001.73,1016.77,1000.14,1014.56,8048,0
2015-09-04 08:00:00+00:00,1014.6,1022.23,1002.02,1005.81,7910,0
2015-09-05 08:00:00+00:00,1005.25,1009.68,989.08,989.72,7411,0
2015-09-08 08:00:00+00:00,991.83,994.68,979.24,988.27,5723,0
2015-09-09 08:00:00+00:00,987.62,1010.9,985.64,1002.85,6115,0
2015-09-10 08:00:00+00:00,1002.71,1009.62,978.64,980.02,6204,0
2015-09-11 08:00:00+00:00,979.75,991.18,975.36,978.03,4227,0
2015-09-12 08:00:00+00:00,980.04,985.11,958.34,969.36,11037,0
2015-09-15 08:00:00+00:00,965.91,972.9,951.4,954.9,7190,0
2015-09-16 08:00:00+00:00,954.4,963.09,949.01,961.9,5979,0
2015-09-17 08:00:00+00:00,962.15,975.81,954.9,972.74,5781,0
2015-09-18 08:00:00+00:00,971.96,987.06,959.9,982.81,7804,0
2015-09-19 08:00:00+00:00,980.54,989.77,970.4,980.96,8168,0
2015-09-22 08:00:00+00:00,970.06,983.06,968.11,969.4,4303,0
2015-09-23 08:00:00+00:00,968.93,971.96,934.27,934.86,6010,0
2015-09-24 08:00:00+00:00,934.4,946.0,925.98,931.49,6661,0
2015-09-25 08:00:00+00:00,932.18,958.8,931.4,954.25,10883,0
2015-09-26 08:00:00+00:00,952.93,953.9,943.1,946.26,10525,0
2015-09-29 08:00:00+00:00,946.37,949.34,915.5,917.25,10080,0
2015-09-30 08:00:00+00:00,916.18,920.9,898.9,916.4,7997,0
2015-10-01 08:00:00+00:00,916.9,927.19,905.84,907.23,6371,0
2015-10-02 08:00:00+00:00,907.28,917.43,899.99,904.46,4985,0
2015-10-03 08:00:00+00:00,904.44,914.46,892.76,909.89,5950,0
2015-10-06 08:00:00+00:00,909.74,926.42,906.7,914.53,5939,0
2015-10-07 08:00:00+00:00,914.44,942.23,912.12,935.44,4399,0
2015-10-08 08:00:00+00:00,934.76,953.81,933.77,945.33,5357,0
2015-10-09 08:00:00+00:00,945.56,956.77,931.88,948.21,6411,0
2015-10-10 08:00:00+00:00,948.65,985.12,943.5,981.22,6798,0
2015-10-13 08:00:00+00:00,979.91,1000.71,976.44,995.17,5100,0
2015-10-14 08:00:00+00:00,995.27,997.32,977.4,989.31,5880,0
2015-10-15 08:00:00+00:00,989.67,999.76,983.95,997.42,5852,0
2015-10-16 08:00:00+00:00,997.67,1006.1,985.56,1004.01,6357,0
2015-10-17 08:00:00+00:00,1003.87,1024.82,994.72,1013.54,5867,0
2015-10-20 08:00:00+00:00,1014.94,1019.47,1008.44,1012.19,6082,0
2015-10-21 08:00:00+00:00,1012.28,1022.5,1004.88,1018.86,5229,0
2015-10-22 08:00:00+00:00,1017.76,1022.13,1000.28,1003.74,5085,0
2015-10-23 08:00:00+00:00,1003.38,1011.39,998.38,1009.75,4907,0
2015-10-24 08:00:00+00:00,1009.65,1018.67,994.44,1000.48,5738,0
2015-10-27 08:00:00+00:00,998.78,1001.97,985.94,995.1,3668,0
2015-10-28 08:00:00+00:00,994.84,995.85,981.86,986.7,3695,0
2015-10-29 08:00:00+00:00,986.69,1012.44,984.04,1000.08,5388,0
2015-10-30 08:00:00+00:00,999.25,1001.26,988.34,990.82,4658,0
2015-10-31 08:00:00+00:00,991.42,997.93,983.23,983.72,4553,0
2015-11-03 08:00:00+00:00,983.3,983.97,969.3,976.39,3793,0
2015-11-04 08:00:00+00:00,975.35,982.27,958.24,961.76,3158,0
2015-11-05 08:00:00+00:00,961.52,975.23,950.94,953.71,5326,0
2015-11-06 08:00:00+00:00,953.42,958.79,948.57,949.4,4168,0
2015-11-07 08:00:00+00:00,949.5,959.47,936.13,939.38,4954,0
2015-11-10 08:00:00+00:00,939.68,941.51,908.79,912.49,4679,0
2015-11-11 08:00:00+00:00,911.98,917.29,895.93,899.69,4313,0
2015-11-12 08:00:00+00:00,899.42,905.98,878.76,881.3,4542,0
2015-11-13 08:00:00+00:00,880.95,886.88,872.84,877.31,6030,0
2015-11-14 08:00:00+00:00,877.01,882.73,858.46,859.96,5181,0
2015-11-17 08:00:00+00:00,864.21,873.64,856.66,865.54,4590,0
2015-11-18 08:00:00+00:00,864.88,872.58,849.11,853.18,5376,0
2015-11-19 08:00:00+00:00,852.98,854.43,844.41,848.74,5219,0
2015-11-20 08:00:00+00:00,848.7,862.97,847.55,854.61,4698,0
2015-11-21 08:00:00+00:00,855.03,868.18,851.58,853.54,4211,0
2015-11-24 08:00:00+00:00,854.13,855.96,843.68,844.35,3295,0
2015-11-25 08:00:00+00:00,844.99,851.18,836.21,842.3,5283,0
2015-11-26 08:00:00+00:00,841.55,848.59,832.86,844.11,4594,0
2015-11-27 08:00:00+00:00,843.8,856.03,842.35,852.17,3222,0
2015-11-28 08:00:00+00:00,851.71,856.59,833.23,836.07,4270,0
2015-12-01 08:00:00+00:00,834.77,837.99,825.24,830.55,4485,0
2015-12-02 08:00:00+00:00,831.15,845.73,830.71,839.15,4669,0
2015-12-03 08:00:00+00:00,838.12,852.28,828.83,830.57,4761,0
2015-12-04 08:00:00+00:00,832.21,848.91,825.03,846.93,7038,0
2015-12-05 08:00:00+00:00,846.9,886.85,844.36,879.09,8245,0
2015-12-08 08:00:00+00:00,880.84,886.35,850.99,854.53,5844,0
2015-12-09 08:00:00+00:00,854.17,862.65,844.13,846.48,6051,0
2015-12-10 08:00:00+00:00,846.32,865.74,845.52,855.91,6481,0
2015-12-11 08:00:00+00:00,854.68,861.88,847.78,854.33,5433,0
2015-12-12 08:00:00+00:00,853.63,858.62,837.43,839.99,5569,0
2015-12-15 08:00:00+00:00,841.38,855.63,836.09,847.85,5714,0
2015-12-16 08:00:00+00:00,847.51,859.76,845.67,854.37,5344,0
2015-12-17 08:00:00+00:00,854.75,879.21,853.49,873.31,5934,0
2015-12-18 08:00:00+00:00,872.43,882.51,841.16,843.23,6156,0
2015-12-19 08:00:00+00:00,842.86,861.33,839.25,858.02,5700,0
2015-12-22 08:00:00+00:00,858.27,880.45,853.8,872.4,5442,0
2015-12-23 08:00:00+00:00,872.1,878.73,868.88,870.09,4168,0
2015-12-24 08:00:00+00:00,870.82,874.89,861.33,867.07,2787,0
2015-12-25 08:00:00+00:00,867.92,884.26,867.53,883.09,2932,0
2015-12-29 08:00:00+00:00,881.48,892.19,873.2,879.99,3871,0
2015-12-30 08:00:00+00:00,880.05,893.26,878.09,887.37,4070,0
2015-12-31 08:00:00+00:00,887.67,893.27,851.89,868.92,2962,0
2016-01-01 08:00:00+00:00,868.9,892.91,864.15,888.71,2223,0
2016-01-05 08:00:00+00:00,886.86,892.02,872.8,882.46,6992,0
2016-01-06 08:00:00+00:00,881.3,896.77,878.76,887.33,5959,0
2016-01-07 08:00:00+00:00,887.22,890.91,871.94,874.48,7722,0
2016-01-08 08:00:00+00:00,874.94,883.27,860.83,877.05,9518,0
2016-01-09 08:00:00+00:00,876.81,884.44,864.44,878.98,8922,0
2016-01-12 08:00:00+00:00,877.18,880.41,841.51,843.2,4151,0
2016-01-13 08:00:00+00:00,843.12,847.94,829.76,835.58,6739,0
2016-01-14 08:00:00+00:00,835.28,854.4,831.74,847.89,5784,0
2016-01-15 08:00:00+00:00,847.29,850.98,829.08,835.01,5225,0
2016-01-16 08:00:00+00:00,834.66,843.68,821.91,828.67,5533,0
2016-01-19 08:00:00+00:00,827.52,831.21,817.05,819.59,4690,0
2016-01-20 08:00:00+00:00,820.09,834.62,818.61,825.82,5379,0
2016-01-21 08:00:00+00:00,826.36,828.18,813.85,819.77,6740,0
2016-01-22 08:00:00+00:00,819.79,826.5,810.69,817.92,6318,0
2016-01-23 08:00:00+00:00,817.23,842.02,815.77,830.25,5867,0
2016-01-26 08:00:00+00:00,832.81,863.54,831.28,856.72,6616,0
2016-01-27 08:00:00+00:00,857.37,878.01,853.42,874.04,5984,0
2016-01-28 08:00:00+00:00,873.64,882.98,870.01,880.11,6314,0
2016-01-29 08:00:00+00:00,880.59,884.76,861.34,864.68,6834,0
2016-01-30 08:00:00+00:00,865.78,875.02,858.98,870.35,7684,0
2016-02-02 08:00:00+00:00,869.17,875.54,863.74,869.16,5658,0
2016-02-03 08:00:00+00:00,868.79,870.99,851.91,854.71,5202,0
2016-02-04 08:00:00+00:00,855.42,881.68,850.25,879.41,6906,0
2016-02-05 08:00:00+00:00,879.1,908.47,877.46,908.14,7275,0
2016-02-06 08:00:00+00:00,907.48,912.55,894.31,911.36,8071,0
2016-02-09 08:00:00+00:00,910.38,931.63,899.25,924.54,8432,0
2016-02-10 08:00:00+00:00,925.65,937.07,919.93,932.77,8654,0
2016-02-11 08:00:00+00:00,931.58,934.64,920.61,933.91,9217,0
2016-02-12 08:00:00+00:00,934.01,967.59,931.78,959.74,10212,0
2016-02-13 08:00:00+00:00,959.58,959.78,949.0,955.29,9348,0
2016-02-16 08:00:00+00:00,952.37,953.75,931.22,936.05,6875,0
2016-02-17 08:00:00+00:00,934.86,939.16,925.12,929.34,7764,0
2016-02-18 08:00:00+00:00,930.4,949.33,927.7,941.98,7790,0
2016-02-19 08:00:00+00:00,941.47,946.54,933.43,943.35,6295,0
2016-02-20 08:00:00+00:00,943.54,948.92,937.58,938.04,8745,0
2016-02-23 08:00:00+00:00,939.05,939.36,918.06,926.82,5937,0
2016-02-24 08:00:00+00:00,926.21,944.6,923.95,942.77,7310,0
2016-02-25 08:00:00+00:00,942.09,955.35,934.84,937.85,8898,0
2016-02-26 08:00:00+00:00,937.7,945.2,916.56,925.55,8913,0
2016-02-27 08:00:00+00:00,923.31,929.2,910.99,913.27,7883,0
2016-03-01 08:00:00+00:00,912.32,935.98,909.52,933.03,5573,0
2016-03-02 08:00:00+00:00,933.41,944.66,930.79,938.08,7029,0
2016-03-03 08:00:00+00:00,936.55,940.54,929.62,934.33,6034,0
2016-03-04 08:00:00+00:00,934.3,949.94,929.81,948.55,5895,0
2016-03-05 08:00:00+00:00,953.88,986.17,942.01,978.45,11373,0
2016-03-08 08:00:00+00:00,978.95,1008.77,974.68,998.22,8377,0
2016-03-09 08:00:00+00:00,999.14,1006.63,980.58,981.83,5956,0
2016-03-10 08:00:00+00:00,981.08,985.17,970.45,978.05,6409,0
2016-03-11 08:00:00+00:00,978.54,988.75,969.59,978.98,10104,0
2016-03-12 08:00:00+00:00,977.47,991.36,959.81,961.44,6010,0
2016-03-15 08:00:00+00:00,963.76,975.54,953.71,957.65,5395,0
2016-03-16 08:00:00+00:00,957.96,963.29,949.7,955.82,5095,0
2016-03-17 08:00:00+00:00,956.57,980.52,953.92,975.97,3876,0
2016-03-18 08:00:00+00:00,974.03,994.48,972.17,983.5,4425,0
2016-03-19 08:00:00+00:00,982.89,991.5,967.12,970.95,3146,0
2016-03-22 08:00:00+00:00,969.99,982.2,960.71,981.74,2898,0
2016-03-23 08:00:00+00:00,981.99,998.38,975.22,995.1,4636,0
2016-03-24 08:00:00+00:00,994.0,998.73,954.5,958.26,5540,0
2016-03-25 08:00:00+00:00,960.35,960.76,941.82,946.75,4624,0
2016-03-29 08:00:00+00:00,945.46,955.43,937.5,944.6,2696,0
2016-03-30 08:00:00+00:00,944.75,968.83,942.78,967.34,3480,0
2016-03-31 08:00:00+00:00,967.16,977.7,960.1,962.46,5376,0
2016-04-01 08:00:00+00:00,962.82,982.6,961.4,974.61,4778,0
2016-04-02 08:00:00+00:00,974.36,984.86,950.22,956.37,6649,0
2016-04-05 08:00:00+00:00,955.2,958.69,939.36,940.74,4645,0
2016-04-06 08:00:00+00:00,938.59,965.54,935.59,950.5,5387,0
2016-04-07 08:00:00+00:00,950.48,959.57,941.01,944.91,5487,0
2016-04-08 08:00:00+00:00,944.66,964.0,944.39,956.96,6507,0
2016-04-09 08:00:00+00:00,956.74,968.29,953.6,967.02,5538,0
2016-04-12 08:00:00+00:00,967.22,992.11,965.59,988.33,4596,0
2016-04-13 08:00:00+00:00,987.31,1001.77,983.92,999.73,3783,0
2016-04-14 08:00:00+00:00,997.46,1000.83,985.46,998.03,3536,0
2016-04-15 08:00:00+00:00,996.32,997.36,982.75,989.13,5428,0
2016-04-16 08:00:00+00:00,989.03,989.79,980.39,984.0,5152,0
2016-04-19 08:00:00+00:00,984.93,986.8,968.63,977.18,5497,0
2016-04-20 08:00:00+00:00,977.43,1015.61,972.4,1012.55,7153,0
2016-04-21 08:00:00+00:00,1011.7,1029.3,1005.85,1016.77,7124,0
2016-04-22 08:00:00+00:00,1016.01,1043.44,1013.79,1024.67,9684,0
2016-04-23 08:00:00+00:00,1023.48,1032.28,1005.84,1008.92,9326,0
2016-04-26 08:00:00+00:00,1005.84,1018.07,998.49,1014.98,6456,0
2016-04-27 08:00:00+00:00,1014.71,1020.91,1001.06,1012.78,6255,0
2016-04-28 08:00:00+00:00,1012.2,1027.33,1010.77,1025.38,6848,0
2016-04-29 08:00:00+00:00,1024.0,1052.61,1016.89,1049.42,7598,0
2016-04-30 08:00:00+00:00,1050.55,1080.45,1049.59,1077.05,5456,0
2016-05-03 08:00:00+00:00,1076.22,1084.95,1070.25,1077.33,4656,0
2016-05-04 08:00:00+00:00,1076.53,1089.3,1061.95,1064.21,3539,0
2016-05-05 08:00:00+00:00,1063.68,1066.24,1048.15,1055.09,3198,0
2016-05-06 08:00:00+00:00,1054.7,1068.26,1048.22,1061.18,3523,0
2016-05-07 08:00:00+00:00,1059.8,1082.43,1057.2,1078.52,5503,0
2016-05-10 08:00:00+00:00,1073.65,1076.54,1039.17,1043.29,5043,0
2016-05-11 08:00:00+00:00,1042.24,1054.35,1038.99,1053.18,4838,0
2016-05-12 08:00:00+00:00,1052.5,1073.79,1050.91,1065.84,7047,0
2016-05-13 08:00:00+00:00,1066.06,1068.83,1045.79,1046.75,7372,0
2016-05-14 08:00:00+00:00,1045.94,1059.02,1036.77,1050.74,6662,0
2016-05-17 08:00:00+00:00,1050.52,1062.29,1048.37,1049.97,5330,0
2016-05-18 08:00:00+00:00,1049.83,1060.25,1040.44,1053.36,5171,0
2016-05-19 08:00:00+00:00,1053.34,1055.24,1023.94,1026.77,6997,0
2016-05-20 08:00:00+00:00,1024.92,1030.26,1007.72,1014.21,6709,0
2016-05-21 08:00:00+00:00,1013.65,1027.75,1013.65,1021.41,4978,0
2016-05-24 08:00:00+00:00,1020.16,1025.96,1003.47,1010.36,4473,0
2016-05-25 08:00:00+00:00,1010.36,1012.86,995.99,998.06,3199,0
2016-05-26 08:00:00+00:00,996.48,1004.63,989.03,991.71,3277,0
2016-05-27 08:00:00+00:00,990.99,1009.25,988.27,991.05,3514,0
2016-05-28 08:00:00+00:00,992.64,998.04,973.54,975.54,3574,0
2016-05-31 08:00:00+00:00,976.63,979.09,965.26,968.3,2112,0
2016-06-01 08:00:00+00:00,968.09,981.72,967.85,978.1,4725,0
2016-06-02 08:00:00+00:00,977.9,984.34,966.71,970.17,5200,0
2016-06-03 08:00:00+00:00,969.39,976.63,955.78,957.52,5265,0
2016-06-04 08:00:00+00:00,956.59,987.0,953.52,985.5,5627,0
2016-06-07 08:00:00+00:00,983.99,996.1,982.8,995.14,5440,0
2016-06-08 08:00:00+00:00,994.59,1003.09,982.21,999.14,4059,0
2016-06-09 08:00:00+00:00,999.47,1019.94,996.94,1009.02,3656,0
2016-06-10 08:00:00+00:00,1008.72,1014.21,992.84,1001.68,3510,0
2016-06-11 08:00:00+00:00,1001.4,1001.92,992.89,994.37,706,0
2016-10-13 08:00:00+00:00,945.27,946.41,938.42,940.1,8926,0
2016-10-14 08:00:00+00:00,942.25,948.97,929.39,934.07,22361,0
2016-10-15 08:00:00+00:00,936.05,939.87,926.52,933.92,25456,0
2016-10-18 08:00:00+00:00,934.95,942.28,926.95,934.51,19458,0
2016-10-19 08:00:00+00:00,935.92,951.58,935.9,942.9,21150,0
2016-10-20 08:00:00+00:00,943.58,950.62,937.83,941.6,13874,0
2016-10-21 08:00:00+00:00,943.25,946.12,928.84,932.62,22816,0
2016-10-22 08:00:00+00:00,934.05,935.04,925.43,932.16,16708,0
2016-10-25 08:00:00+00:00,932.82,948.82,931.12,938.47,20161,0
2016-10-26 08:00:00+00:00,938.75,967.12,937.79,961.08,25580,0
2016-10-27 08:00:00+00:00,962.3,970.19,956.52,960.52,23180,0
2016-10-28 08:00:00+00:00,961.74,971.66,959.24,962.1,20374,0
2016-10-29 08:00:00+00:00,962.91,986.52,962.7,979.09,28269,0
2016-11-01 08:00:00+00:00,979.67,982.11,972.92,979.5,23124,0
2016-11-02 08:00:00+00:00,980.85,997.47,977.43,991.2,25420,0
2016-11-03 08:00:00+00:00,992.45,1001.87,983.62,989.02,30967,0
2016-11-04 08:00:00+00:00,989.45,998.63,973.8,994.71,25021,0
2016-11-05 08:00:00+00:00,994.63,1005.22,988.87,997.4,27453,0
2016-11-08 08:00:00+00:00,989.08,1002.03,985.98,998.23,19085,0
2016-11-09 08:00:00+00:00,999.85,1015.39,996.69,1002.25,27823,0
2016-11-10 08:00:00+00:00,1002.9,1021.07,993.95,999.7,42821,0
2016-11-11 08:00:00+00:00,1000.14,1007.19,970.74,973.24,37132,0
2016-11-12 08:00:00+00:00,973.65,984.62,934.68,942.07,42523,0
2016-11-15 08:00:00+00:00,941.55,949.95,921.73,929.3,37146,0
2016-11-16 08:00:00+00:00,931.45,946.82,928.76,936.91,25229,0
2016-11-17 08:00:00+00:00,936.6,948.38,924.88,941.92,21800,0
2016-11-18 08:00:00+00:00,943.9,951.2,931.97,932.05,22273,0
2016-11-19 08:00:00+00:00,933.45,934.98,914.4,920.4,27209,0
2016-11-22 08:00:00+00:00,921.66,941.57,919.42,937.2,24325,0
2016-11-23 08:00:00+00:00,937.45,950.03,933.28,938.25,22949,0
2016-11-24 08:00:00+00:00,939.15,944.99,917.55,929.67,23295,0
2016-11-25 08:00:00+00:00,930.15,933.12,911.18,911.21,13732,0
2016-11-26 08:00:00+00:00,913.52,918.91,904.17,906.0,17914,0
2016-11-29 08:00:00+00:00,906.15,924.01,906.08,922.58,25447,0
2016-11-30 08:00:00+00:00,922.11,928.81,915.82,916.12,22890,0
2016-12-01 08:00:00+00:00,917.35,926.07,903.18,909.42,26714,0
2016-12-02 08:00:00+00:00,911.45,917.52,897.92,915.23,28995,0
2016-12-03 08:00:00+00:00,915.78,934.93,913.71,927.97,29626,0
2016-12-06 08:00:00+00:00,934.74,940.86,923.8,935.45,33948,0
2016-12-07 08:00:00+00:00,937.52,951.87,933.27,934.1,23979,0
2016-12-08 08:00:00+00:00,934.05,949.84,927.25,939.71,22066,0
2016-12-09 08:00:00+00:00,940.76,951.58,934.61,936.83,27314,0
2016-12-10 08:00:00+00:00,936.94,939.29,912.22,914.54,26028,0
2016-12-13 08:00:00+00:00,913.87,935.88,910.43,931.54,32690,0
2016-12-14 08:00:00+00:00,932.07,938.97,923.85,933.78,27209,0
2016-12-15 08:00:00+00:00,934.21,947.62,921.46,923.51,31956,0
2016-12-16 08:00:00+00:00,923.23,933.72,888.52,895.08,37131,0
2016-12-17 08:00:00+00:00,896.11,935.3,894.88,926.14,28003,0
2016-12-20 08:00:00+00:00,926.47,931.61,914.18,915.14,28644,0
2016-12-21 08:00:00+00:00,914.95,923.59,900.72,920.17,25845,0
2016-12-22 08:00:00+00:00,920.75,921.16,909.33,914.86,15868,0
2016-12-23 08:00:00+00:00,916.26,919.5,903.81,904.03,15520,0
2016-12-24 08:00:00+00:00,904.82,909.68,890.0,890.0,11994,0
2016-12-28 08:00:00+00:00,895.81,910.59,894.51,901.36,10071,0
2016-12-29 08:00:00+00:00,902.81,907.21,891.12,895.03,11318,0
2016-12-30 08:00:00+00:00,899.22,907.51,896.4,897.29,18879,0
2016-12-31 08:00:00+00:00,898.32,907.86,898.32,901.1,18982,0
2017-01-04 08:00:00+00:00,901.81,944.96,899.71,935.42,24884,0
2017-01-05 08:00:00+00:00,935.7,949.45,924.73,941.53,25269,0
2017-01-06 08:00:00+00:00,942.95,976.21,940.83,966.56,29687,0
2017-01-07 08:00:00+00:00,968.48,970.81,957.48,967.64,25833,0
2017-01-10 08:00:00+00:00,968.36,982.07,964.47,975.61,19318,0
2017-01-11 08:00:00+00:00,977.19,981.0,966.64,976.87,28497,0
2017-01-12 08:00:00+00:00,978.1,982.28,960.07,971.08,32024,0
2017-01-13 08:00:00+00:00,971.11,990.42,971.0,976.16,27030,0
2017-01-14 08:00:00+00:00,976.58,986.1,965.27,983.01,23764,0
2017-01-17 08:00:00+00:00,985.22,988.94,980.34,981.86,13283,0
2017-01-18 08:00:00+00:00,981.95,993.2,972.92,974.04,34614,0
2017-01-19 08:00:00+00:00,975.04,978.81,959.41,961.42,23433,0
2017-01-20 08:00:00+00:00,962.09,966.75,948.03,957.92,22700,0
2017-01-21 08:00:00+00:00,957.95,980.26,952.77,976.57,29964,0
2017-01-24 08:00:00+00:00,976.56,984.81,973.2,980.62,33699,0
2017-01-25 08:00:00+00:00,981.56,1004.96,978.67,994.78,28960,0
2017-01-26 08:00:00+00:00,995.61,1000.13,972.11,978.46,33346,0
2017-01-27 08:00:00+00:00,980.41,987.21,966.28,976.27,28803,0
2017-01-28 08:00:00+00:00,976.48,984.98,961.1,984.13,25370,0
2017-01-31 08:00:00+00:00,984.14,991.37,974.43,988.17,25913,0
2017-02-01 08:00:00+00:00,988.45,998.84,985.5,994.16,32040,0
2017-02-02 08:00:00+00:00,993.8,1000.52,991.11,997.91,26751,0
2017-02-03 08:00:00+00:00,997.8,1011.95,995.68,998.49,26348,0
2017-02-04 08:00:00+00:00,998.91,1004.42,984.77,1003.13,24725,0
2017-02-07 08:00:00+00:00,1004.81,1015.27,1001.7,1013.54,23890,0
2017-02-08 08:00:00+00:00,1014.72,1015.01,1002.99,1003.81,21214,0
2017-02-09 08:00:00+00:00,1005.86,1019.18,1002.34,1016.13,22547,0
2017-02-10 08:00:00+00:00,1016.16,1028.66,1012.59,1012.96,25752,0
2017-02-11 08:00:00+00:00,1012.93,1013.73,990.06,1009.93,28061,0
2017-02-14 08:00:00+00:00,1008.15,1011.12,992.43,996.21,19339,0
2017-02-15 08:00:00+00:00,997.76,1008.5,995.41,1000.02,24739,0
2017-02-16 08:00:00+00:00,1000.56,1011.02,987.56,1009.74,23072,0
2017-02-17 08:00:00+00:00,1010.66,1018.6,1008.02,1011.71,27570,0
2017-02-18 08:00:00+00:00,1012.96,1016.07,1000.66,1001.74,22194,0
2017-02-21 08:00:00+00:00,1001.97,1005.64,997.28,1004.14,11349,0
2017-02-22 08:00:00+00:00,1003.5,1004.87,987.62,1001.38,23099,0
2017-02-23 08:00:00+00:00,1002.71,1004.98,995.47,1001.73,29793,0
2017-02-24 08:00:00+00:00,1002.2,1017.61,994.57,1007.97,30082,0
2017-02-25 08:00:00+00:00,1008.68,1028.73,1007.49,1026.98,25473,0
2017-02-28 08:00:00+00:00,1025.1,1044.34,1023.89,1026.24,29156,0
2017-03-01 08:00:00+00:00,1028.34,1036.12,1021.15,1021.97,29560,0
2017-03-02 08:00:00+00:00,1022.91,1027.45,1011.73,1014.36,38956,0
2017-03-03 08:00:00+00:00,1015.06,1017.34,980.89,984.91,35125,0
2017-03-04 08:00:00+00:00,984.66,997.34,982.88,996.92,33802,0
2017-03-07 08:00:00+00:00,998.56,999.49,974.51,976.46,29904,0
2017-03-08 08:00:00+00:00,977.57,978.38,957.72,958.57,31184,0
2017-03-09 08:00:00+00:00,959.61,963.08,944.08,944.46,33453,0
2017-03-10 08:00:00+00:00,946.93,951.79,933.04,935.03,33827,0
2017-03-11 08:00:00+00:00,934.36,945.99,932.51,941.45,37521,0
2017-03-14 08:00:00+00:00,941.44,947.16,936.9,939.11,29392,0
2017-03-15 08:00:00+00:00,938.74,943.25,934.35,934.35,28452,0
2017-03-16 08:00:00+00:00,935.71,953.91,931.29,952.49,31816,0
2017-03-17 08:00:00+00:00,952.16,972.19,951.35,956.21,34163,0
2017-03-18 08:00:00+00:00,956.85,964.69,951.85,963.87,20075,0
2017-03-21 08:00:00+00:00,963.87,971.73,960.69,970.11,15096,0
2017-03-22 08:00:00+00:00,970.26,975.01,958.53,969.78,35265,0
2017-03-23 08:00:00+00:00,969.9,972.76,958.82,962.53,35824,0
2017-03-24 08:00:00+00:00,962.5,970.11,955.54,961.71,33922,0
2017-03-25 08:00:00+00:00,961.56,968.92,956.0,965.01,22397,0
2017-03-28 08:00:00+00:00,965.24,982.76,965.24,967.41,21539,0
2017-03-29 08:00:00+00:00,967.46,970.41,949.26,953.71,23761,0
2017-03-30 08:00:00+00:00,952.15,956.2,947.57,952.07,19610,0
2017-03-31 08:00:00+00:00,953.33,959.73,946.5,947.94,20336,0
2017-04-01 08:00:00+00:00,947.3,950.57,939.25,949.55,20860,0
2017-04-04 08:00:00+00:00,950.11,957.17,945.89,955.33,20834,0
2017-04-05 08:00:00+00:00,958.61,964.34,953.63,959.25,23772,0
2017-04-06 08:00:00+00:00,959.56,969.15,952.82,960.11,23671,0
2017-04-07 08:00:00+00:00,961.15,962.9,951.29,956.23,23053,0
2017-04-08 08:00:00+00:00,957.9,977.93,948.38,953.31,37601,0
2017-04-11 08:00:00+00:00,950.95,954.21,936.05,938.38,25251,0
2017-04-12 08:00:00+00:00,939.45,970.32,939.41,969.09,34312,0
2017-04-13 08:00:00+00:00,967.96,973.16,960.04,972.24,35178,0
2017-04-14 08:00:00+00:00,971.51,978.22,968.56,971.44,22867,0
2017-04-18 08:00:00+00:00,977.91,990.08,972.66,982.33,21941,0
2017-04-19 08:00:00+00:00,984.06,986.27,974.22,974.22,36543,0
2017-04-20 08:00:00+00:00,975.64,980.06,963.93,965.4,32723,0
2017-04-21 08:00:00+00:00,966.96,981.29,965.12,977.57,29266,0
2017-04-22 08:00:00+00:00,977.86,982.88,970.01,970.18,22062,0
2017-04-25 08:00:00+00:00,966.76,972.08,953.03,959.54,21832,0
2017-04-26 08:00:00+00:00,962.46,964.99,949.85,954.21,24672,0
2017-04-27 08:00:00+00:00,954.36,955.77,943.07,949.36,35129,0
2017-04-28 08:00:00+00:00,947.89,950.36,940.07,942.53,32533,0
2017-04-29 08:00:00+00:00,943.74,952.78,942.61,945.5,29413,0
2017-05-02 08:00:00+00:00,946.33,949.64,928.56,928.96,16953,860
2017-05-03 08:00:00+00:00,928.96,935.14,923.4,925.53,25898,0
2017-05-04 08:00:00+00:00,925.68,927.2,894.7,896.36,22765,530
2017-05-05 08:00:00+00:00,896.35,908.18,893.16,901.81,22392,0
2017-05-06 08:00:00+00:00,901.69,917.06,901.6,912.51,19109,300
2017-05-09 08:00:00+00:00,910.39,923.86,908.56,917.08,24151,0
2017-05-10 08:00:00+00:00,916.73,918.83,898.99,902.83,26917,790
2017-05-11 08:00:00+00:00,903.09,912.95,902.5,910.75,22353,630
2017-05-12 08:00:00+00:00,910.47,918.38,908.56,916.5,22267,620
2017-05-13 08:00:00+00:00,915.91,925.31,913.97,920.21,23456,1130
2017-05-16 08:00:00+00:00,918.21,938.49,918.21,927.62,19812,420
2017-05-17 08:00:00+00:00,927.17,941.41,927.17,939.92,23542,600
2017-05-18 08:00:00+00:00,940.01,948.21,938.22,945.49,36502,550
2017-05-19 08:00:00+00:00,945.11,947.51,929.4,930.64,47556,1140
2017-05-20 08:00:00+00:00,930.76,945.18,929.11,938.6,27873,630
2017-05-23 08:00:00+00:00,941.51,950.11,935.46,947.96,21254,490
2017-05-24 08:00:00+00:00,948.03,958.04,943.42,944.77,25900,820
2017-05-25 08:00:00+00:00,944.91,950.01,939.07,949.64,25347,410
2017-05-26 08:00:00+00:00,949.59,956.43,946.05,947.69,20164,360
2017-05-27 08:00:00+00:00,947.52,966.14,946.85,959.06,23916,610
2017-05-30 08:00:00+00:00,960.13,962.51,952.15,954.05,8117,1260
2017-05-31 08:00:00+00:00,954.05,957.35,937.68,937.68,22676,230
2017-06-01 08:00:00+00:00,937.78,951.74,937.02,949.12,27784,1090
2017-06-02 08:00:00+00:00,949.13,949.78,924.82,930.96,23152,210
2017-06-03 08:00:00+00:00,930.94,956.81,925.27,953.41,25650,230
2017-06-06 08:00:00+00:00,953.66,961.78,948.92,952.5,19438,360
2017-06-07 08:00:00+00:00,952.31,967.61,951.47,959.32,24640,800
2017-06-08 08:00:00+00:00,959.25,961.24,941.72,942.64,29402,440
2017-06-09 08:00:00+00:00,941.65,948.29,934.09,935.48,31678,880
2017-06-10 08:00:00+00:00,935.37,953.0,934.27,938.96,32160,710
2017-06-13 08:00:00+00:00,939.45,948.25,937.03,942.71,24388,960
2017-06-14 08:00:00+00:00,941.95,947.67,922.77,924.53,23137,760
2017-06-15 08:00:00+00:00,924.76,954.02,923.57,935.86,38122,680
2017-06-16 08:00:00+00:00,935.73,941.27,917.55,922.31,25995,890
2017-06-17 08:00:00+00:00,922.4,928.52,920.55,927.89,17058,680
2017-06-20 08:00:00+00:00,928.32,929.27,918.15,924.22,25920,960
2017-06-21 08:00:00+00:00,924.01,928.69,919.17,920.08,24546,830
2017-06-22 08:00:00+00:00,919.54,928.2,916.3,926.58,26531,1050
2017-06-23 08:00:00+00:00,926.75,934.23,921.91,924.79,27525,850
2017-06-24 08:00:00+00:00,924.78,933.62,922.96,928.23,22484,750
2017-06-27 08:00:00+00:00,927.8,929.23,912.58,914.97,21312,750
2017-06-28 08:00:00+00:00,915.22,923.97,915.22,916.66,18473,390
2017-06-29 08:00:00+00:00,916.62,926.09,916.62,918.88,22242,510
2017-06-30 08:00:00+00:00,918.91,924.88,909.46,917.78,25325,560
2017-07-01 08:00:00+00:00,917.56,928.36,917.39,923.88,25075,740
2017-07-04 08:00:00+00:00,924.85,930.85,902.1,902.45,22297,660
2017-07-05 08:00:00+00:00,902.21,916.3,902.21,912.52,14001,1300
2017-07-06 08:00:00+00:00,912.52,916.02,900.42,907.86,21709,700
2017-07-07 08:00:00+00:00,907.74,911.24,903.29,907.87,21708,700
2017-07-08 08:00:00+00:00,907.81,915.71,898.86,906.5,30202,1100
2017-07-11 08:00:00+00:00,906.61,908.09,892.47,900.05,25707,470
2017-07-12 08:00:00+00:00,900.01,901.75,890.16,900.33,26623,290
2017-07-13 08:00:00+00:00,900.55,921.02,900.51,916.36,29788,830
2017-07-14 08:00:00+00:00,916.11,920.22,903.42,903.47,24421,580
2017-07-15 08:00:00+00:00,903.58,921.87,903.56,920.09,23014,340
2017-07-18 08:00:00+00:00,920.81,934.76,919.41,925.85,15550,490
2017-07-19 08:00:00+00:00,926.15,931.67,921.63,925.98,21923,280
2017-07-20 08:00:00+00:00,925.96,927.66,918.75,919.09,18301,680
2017-07-21 08:00:00+00:00,919.18,931.66,913.76,926.02,32550,610
2017-07-22 08:00:00+00:00,926.07,939.17,925.34,933.67,18821,350
2017-07-25 08:00:00+00:00,935.46,940.6,927.38,929.23,23710,760
2017-07-26 08:00:00+00:00,929.01,936.05,923.1,926.0,21398,430
2017-07-27 08:00:00+00:00,926.06,932.21,917.43,929.92,25812,710
2017-07-28 08:00:00+00:00,929.66,937.18,922.31,922.31,31591,370
2017-07-29 08:00:00+00:00,922.36,935.21,922.36,934.14,28170,1210
2017-08-01 08:00:00+00:00,934.75,943.89,933.93,939.42,24896,870
2017-08-02 08:00:00+00:00,939.6,947.95,937.95,943.84,26454,850
2017-08-03 08:00:00+00:00,943.84,951.86,939.71,947.25,24357,860
2017-08-04 08:00:00+00:00,947.15,963.8,943.71,961.56,30927,870
2017-08-05 08:00:00+00:00,961.41,970.07,958.75,962.84,33934,920
2017-08-08 08:00:00+00:00,965.14,969.66,956.68,967.14,26379,970
2017-08-09 08:00:00+00:00,967.11,978.63,964.83,970.85,31201,920
2017-08-10 08:00:00+00:00,970.56,980.72,969.98,974.01,39044,1270
2017-08-11 08:00:00+00:00,974.1,984.2,968.86,980.18,35209,1350
2017-08-12 08:00:00+00:00,979.44,991.31,977.92,982.11,27260,900
2017-08-15 08:00:00+00:00,984.55,984.86,964.77,967.67,32135,940
2017-08-16 08:00:00+00:00,967.46,968.53,951.16,961.14,32177,720
2017-08-17 08:00:00+00:00,961.17,980.47,960.14,977.79,25791,380
2017-08-18 08:00:00+00:00,977.77,981.22,970.34,973.79,36647,1380
2017-08-19 08:00:00+00:00,973.71,988.21,973.71,976.74,36769,1080
2017-08-22 08:00:00+00:00,977.39,985.68,975.08,980.31,24190,700
2017-08-23 08:00:00+00:00,980.06,982.09,969.76,975.46,26913,880
2017-08-24 08:00:00+00:00,976.84,982.78,972.92,977.3,24930,1000
2017-08-25 08:00:00+00:00,976.34,982.34,971.77,977.77,24891,1130
2017-08-26 08:00:00+00:00,977.56,983.36,967.51,972.37,36000,1310
2017-08-29 08:00:00+00:00,972.55,989.15,972.49,985.89,26393,1320
2017-08-30 08:00:00+00:00,986.26,1006.32,985.73,995.24,48013,1190
2017-08-31 08:00:00+00:00,994.21,999.18,982.18,990.17,35989,1130
2017-09-01 08:00:00+00:00,989.41,999.39,979.32,997.48,35374,1330
2017-09-02 08:00:00+00:00,996.91,1008.47,993.24,1006.15,36600,1100
2017-09-05 08:00:00+00:00,1008.81,1013.97,1005.47,1006.02,20584,1140
2017-09-06 08:00:00+00:00,1006.15,1011.92,998.59,1005.3,42733,1120
2017-09-07 08:00:00+00:00,1005.31,1013.84,999.85,1002.36,36201,1030
2017-09-08 08:00:00+00:00,1002.28,1018.05,998.51,1016.99,42329,420
2017-09-09 08:00:00+00:00,1016.91,1022.53,1005.93,1005.93,49534,1390
2017-09-12 08:00:00+00:00,1002.54,1005.24,988.76,990.17,32375,1240
2017-09-13 08:00:00+00:00,989.93,991.41,981.24,988.66,26133,930
2017-09-14 08:00:00+00:00,987.89,991.56,977.05,980.16,26146,890
2017-09-15 08:00:00+00:00,979.36,984.95,975.71,984.23,26658,920
2017-09-16 08:00:00+00:00,983.37,987.69,964.13,967.65,32633,1260
2017-09-19 08:00:00+00:00,966.7,969.97,957.53,959.19,18762,760
2017-09-20 08:00:00+00:00,959.25,962.72,945.25,950.86,27734,720
2017-09-21 08:00:00+00:00,950.66,957.42,934.38,943.07,39617,600
2017-09-22 08:00:00+00:00,943.03,943.72,929.89,936.92,31518,860
2017-09-23 08:00:00+00:00,936.57,945.29,930.65,932.32,29292,1050
2017-09-26 08:00:00+00:00,931.81,941.16,925.62,940.72,31698,1080
2017-09-27 08:00:00+00:00,940.71,945.22,922.06,922.06,29336,1190
2017-09-28 08:00:00+00:00,921.96,929.46,917.21,918.01,32137,1060
2017-09-29 08:00:00+00:00,918.12,925.64,914.52,922.7,40976,850
2017-09-30 08:00:00+00:00,922.61,926.65,909.83,910.53,44509,1190
2017-10-03 08:00:00+00:00,910.95,916.17,908.3,910.38,46874,640
2017-10-04 08:00:00+00:00,909.76,915.77,906.22,909.44,34491,600
2017-10-05 08:00:00+00:00,909.17,922.25,909.14,912.44,50142,1070
2017-10-06 08:00:00+00:00,911.76,917.33,908.92,913.44,47016,1240
2017-10-07 08:00:00+00:00,913.4,918.8,903.41,913.83,58242,1260
2017-10-10 08:00:00+00:00,915.38,921.72,910.93,915.17,27200,790
2017-10-11 08:00:00+00:00,915.16,933.61,912.24,930.36,58335,1300
2017-10-12 08:00:00+00:00,930.34,934.83,927.1,930.99,48800,1110
2017-10-13 08:00:00+00:00,930.75,939.83,930.75,936.89,41380,700
2017-10-14 08:00:00+00:00,936.89,945.78,933.93,944.48,46591,550
2017-10-17 08:00:00+00:00,943.05,947.28,927.22,929.66,49827,250
2017-10-18 08:00:00+00:00,929.26,935.53,925.64,932.49,45374,890
2017-10-19 08:00:00+00:00,931.97,935.15,919.43,919.44,51892,990
2017-10-20 08:00:00+00:00,919.32,928.45,916.52,922.03,60705,700
2017-10-21 08:00:00+00:00,921.91,925.82,918.34,923.33,62445,850
2017-10-24 08:00:00+00:00,922.36,926.39,913.66,923.72,61644,1080
2017-10-25 08:00:00+00:00,923.69,929.69,919.0,921.67,47443,580
2017-10-26 08:00:00+00:00,921.66,923.98,912.28,922.14,65062,950
2017-10-27 08:00:00+00:00,922.18,927.3,915.65,917.28,49228,760
2017-10-28 08:00:00+00:00,917.21,921.64,910.82,915.61,57742,940
2017-10-31 08:00:00+00:00,915.11,921.4,913.59,918.03,43655,850
2017-11-01 08:00:00+00:00,918.11,925.0,914.17,917.96,47552,1050
2017-11-02 08:00:00+00:00,917.96,936.97,917.41,931.16,57615,480
2017-11-03 08:00:00+00:00,931.16,934.96,923.57,923.89,66468,1360
2017-11-04 08:00:00+00:00,923.81,926.75,915.44,919.71,48322,1210
2017-11-07 08:00:00+00:00,921.16,935.46,916.96,933.94,54577,1210
2017-11-08 08:00:00+00:00,933.93,935.06,919.75,920.71,55237,890
2017-11-09 08:00:00+00:00,920.69,936.35,920.69,931.04,49598,880
2017-11-10 08:00:00+00:00,931.4,939.14,929.28,935.95,59738,1110
2017-11-11 08:00:00+00:00,935.9,940.93,927.49,928.34,56708,1130
2017-11-14 08:00:00+00:00,925.26,936.1,925.26,930.77,49574,970
2017-11-15 08:00:00+00:00,930.71,933.56,921.16,925.56,52709,770
2017-11-16 08:00:00+00:00,925.52,939.38,924.91,929.34,56345,710
2017-11-17 08:00:00+00:00,929.13,934.74,928.31,931.05,48073,990
2017-11-18 08:00:00+00:00,931.01,954.63,931.01,950.44,55905,790
2017-11-21 08:00:00+00:00,950.38,951.08,919.7,922.43,64163,890
2017-11-22 08:00:00+00:00,923.15,937.92,923.08,933.27,54044,810
2017-11-23 08:00:00+00:00,933.03,941.11,929.51,936.93,42472,960
2017-11-24 08:00:00+00:00,938.36,938.36,932.62,933.69,14948,990
2017-11-25 08:00:00+00:00,933.76,943.23,929.61,940.91,30092,1010
2017-11-28 08:00:00+00:00,942.71,950.46,937.89,946.51,38182,750
2017-11-29 08:00:00+00:00,947.9,956.54,944.27,946.86,51377,1060
2017-11-30 08:00:00+00:00,949.09,953.69,936.91,937.04,59832,800
2017-12-01 08:00:00+00:00,939.37,948.26,939.16,940.41,38479,1020
2017-12-02 08:00:00+00:00,941.9,943.99,931.17,938.56,47663,730
2017-12-05 08:00:00+00:00,935.36,936.61,922.74,925.09,34424,480
2017-12-06 08:00:00+00:00,925.36,929.58,913.17,914.94,36036,230
2017-12-07 08:00:00+00:00,914.53,916.28,898.95,898.95,38390,200
2017-12-08 08:00:00+00:00,900.6,903.34,891.44,892.47,36588,200
2017-12-09 08:00:00+00:00,893.61,899.07,882.27,887.87,33722,260
2017-12-12 08:00:00+00:00,889.15,893.63,884.07,886.18,24599,260
2017-12-13 08:00:00+00:00,887.11,890.93,873.33,878.23,26311,230
2017-12-14 08:00:00+00:00,879.76,887.99,872.93,886.71,31116,470
2017-12-15 08:00:00+00:00,887.16,890.96,877.89,880.44,27872,520
2017-12-16 08:00:00+00:00,881.61,893.59,879.19,893.59,30469,960
2017-12-19 08:00:00+00:00,891.82,914.25,891.09,910.48,26009,520
2017-12-20 08:00:00+00:00,908.78,919.83,904.2,912.93,25130,410
2017-12-21 08:00:00+00:00,914.4,923.75,909.54,917.8,22888,200
2017-12-22 08:00:00+00:00,919.21,920.57,912.79,914.5,18019,360
2017-12-23 08:00:00+00:00,915.03,922.52,908.81,915.48,17391,440
2017-12-27 08:00:00+00:00,915.6,923.71,913.01,921.36,10435,1340
2017-12-28 08:00:00+00:00,922.06,925.97,917.53,917.72,16839,520
2017-12-29 08:00:00+00:00,920.51,927.22,919.08,923.89,7807,1450
2017-12-30 08:00:00+00:00,926.36,937.17,924.51,926.71,26885,200
2018-01-03 08:00:00+00:00,925.49,946.06,924.78,943.76,21726,320
2018-01-04 08:00:00+00:00,944.36,961.2,939.35,955.87,26204,670
2018-01-05 08:00:00+00:00,956.0,966.37,943.39,962.51,28534,380
2018-01-06 08:00:00+00:00,962.11,970.55,958.51,968.48,30976,770
2018-01-09 08:00:00+00:00,967.45,974.01,966.22,971.94,23170,690
2018-01-10 08:00:00+00:00,971.35,971.55,959.63,963.92,29138,520
2018-01-11 08:00:00+00:00,965.66,974.4,956.87,969.99,34319,450
2018-01-12 08:00:00+00:00,970.01,986.19,968.9,983.18,34668,470
2018-01-13 08:00:00+00:00,983.46,999.14,982.51,993.02,36279,910
2018-01-16 08:00:00+00:00,994.36,1001.23,986.58,996.45,21518,1180
2018-01-17 08:00:00+00:00,994.6,1000.74,985.11,999.01,34307,570
2018-01-18 08:00:00+00:00,999.11,1007.67,996.04,998.59,35026,760
2018-01-19 08:00:00+00:00,998.31,1007.44,995.46,1000.06,33174,630
2018-01-20 08:00:00+00:00,1001.61,1015.63,998.64,1011.58,35448,810
2018-01-23 08:00:00+00:00,1013.17,1018.69,990.12,995.94,37022,1010
2018-01-24 08:00:00+00:00,998.25,1008.02,988.39,1006.36,33776,830
2018-01-25 08:00:00+00:00,1007.46,1022.63,1003.33,1014.93,37047,540
2018-01-26 08:00:00+00:00,1015.75,1028.29,1006.56,1012.58,51046,380
2018-01-27 08:00:00+00:00,1013.66,1021.52,1009.41,1010.41,51213,1250
2018-01-30 08:00:00+00:00,1010.11,1012.67,1000.79,1004.13,38011,1140
2018-01-31 08:00:00+00:00,1005.65,1007.98,990.61,995.41,47495,1110
2018-02-01 08:00:00+00:00,995.45,1006.05,994.33,1000.11,45478,420
2018-02-02 08:00:00+00:00,1001.86,1008.64,991.36,1006.03,46446,710
2018-02-03 08:00:00+00:00,1005.81,1006.28,986.31,989.75,50259,610
2018-02-06 08:00:00+00:00,988.55,996.34,986.15,989.16,43647,1160
2018-02-07 08:00:00+00:00,990.29,998.6,982.92,989.98,57603,600
2018-02-08 08:00:00+00:00,988.47,994.68,976.29,979.41,46783,830
2018-02-09 08:00:00+00:00,979.95,982.68,969.24,971.46,46698,700
2018-02-10 08:00:00+00:00,972.75,976.93,956.85,963.21,65696,200
2018-02-13 08:00:00+00:00,963.56,972.65,959.59,968.91,32248,1220
2018-02-14 08:00:00+00:00,969.66,977.97,969.19,972.66,44689,1060
2018-02-15 08:00:00+00:00,973.36,998.75,971.21,994.48,55021,1090
2018-02-16 08:00:00+00:00,995.66,1006.55,994.06,1000.31,51888,1090
2018-02-17 08:00:00+00:00,1001.25,1012.76,999.25,1004.42,47452,1020
2018-02-20 08:00:00+00:00,1003.91,1013.36,1003.9,1005.36,19196,900
2018-02-21 08:00:00+00:00,1005.7,1010.09,998.35,998.97,37385,960
2018-02-22 08:00:00+00:00,999.49,1001.6,988.19,988.61,46860,830
2018-02-23 08:00:00+00:00,989.41,998.62,984.49,995.76,38448,1000
2018-02-24 08:00:00+00:00,995.8,999.36,989.2,994.65,26215,920
2018-02-27 08:00:00+00:00,993.58,1007.06,993.21,997.51,29909,900
2018-02-28 08:00:00+00:00,998.32,1001.79,980.5,980.81,42494,640
2018-03-01 08:00:00+00:00,980.46,986.9,975.91,981.68,42828,820
2018-03-02 08:00:00+00:00,981.91,984.21,954.15,965.04,70628,1080
2018-03-03 08:00:00+00:00,966.01,968.84,959.12,964.25,60472,1230
2018-03-06 08:00:00+00:00,966.36,971.94,955.11,960.59,43951,1180
2018-03-07 08:00:00+00:00,960.96,974.47,959.18,968.5,45838,870
2018-03-08 08:00:00+00:00,969.32,971.51,950.27,951.5,56908,1220
2018-03-09 08:00:00+00:00,950.91,958.19,945.53,952.14,48309,930
2018-03-10 08:00:00+00:00,952.01,965.11,946.86,963.47,51863,990
2018-03-13 08:00:00+00:00,965.56,967.23,956.83,961.36,40222,1100
2018-03-14 08:00:00+00:00,963.03,971.23,960.6,963.49,46205,940
2018-03-15 08:00:00+00:00,965.0,973.93,960.28,960.66,45398,1230
2018-03-16 08:00:00+00:00,961.64,964.55,952.46,952.46,42710,710
2018-03-17 08:00:00+00:00,953.4,958.66,944.89,947.91,41688,1160
2018-03-20 08:00:00+00:00,948.98,957.03,941.05,951.5,46069,1000
2018-03-21 08:00:00+00:00,952.9,956.03,941.7,942.61,39756,840
2018-03-22 08:00:00+00:00,943.24,959.53,942.54,955.65,45413,1170
2018-03-23 08:00:00+00:00,957.29,962.61,944.85,946.67,58506,880
2018-03-24 08:00:00+00:00,948.24,959.35,945.94,947.57,65421,530
2018-03-27 08:00:00+00:00,947.74,957.34,946.99,950.59,41866,910
2018-03-28 08:00:00+00:00,951.74,960.82,938.61,940.8,26289,720
2018-03-29 08:00:00+00:00,943.74,947.25,933.32,936.43,52055,1060
2018-03-30 08:00:00+00:00,936.4,941.11,925.87,929.9,27704,480
2018-04-03 08:00:00+00:00,930.99,939.54,930.22,932.1,29833,630
2018-04-04 08:00:00+00:00,933.07,935.91,917.33,923.46,51784,320
2018-04-05 08:00:00+00:00,924.9,925.72,912.43,915.84,49061,810
2018-04-06 08:00:00+00:00,916.58,918.56,906.32,910.12,50558,1320
2018-04-07 08:00:00+00:00,911.8,916.3,906.69,915.78,65453,1360
2018-04-10 08:00:00+00:00,915.77,936.66,915.77,931.04,49903,1060
2018-04-11 08:00:00+00:00,932.79,937.1,924.42,928.59,53106,920
2018-04-12 08:00:00+00:00,929.15,942.0,927.27,929.7,56796,1110
2018-04-13 08:00:00+00:00,931.84,933.51,923.76,926.55,52135,920
2018-04-14 08:00:00+00:00,927.35,933.53,926.8,929.51,47224,1100
2018-04-17 08:00:00+00:00,930.64,934.3,925.77,926.97,47575,1270
2018-04-18 08:00:00+00:00,928.65,936.58,921.89,934.92,41587,770
2018-04-19 08:00:00+00:00,935.8,948.12,934.26,939.38,55187,1310
2018-04-20 08:00:00+00:00,940.85,953.54,931.89,934.31,60949,320
2018-04-21 08:00:00+00:00,935.09,936.57,925.06,925.08,38159,1010
2018-04-24 08:00:00+00:00,924.73,927.78,914.48,919.18,47090,960
2018-04-25 08:00:00+00:00,920.1,934.38,915.92,929.72,52582,1190
2018-04-26 08:00:00+00:00,930.55,931.76,908.13,909.98,45396,950
2018-04-27 08:00:00+00:00,910.5,916.73,905.8,906.0,48205,1190
2018-04-28 08:00:00+00:00,907.42,915.75,904.63,913.28,40244,1050
2018-05-01 08:00:00+00:00,913.49,915.43,901.59,903.38,39404,1130
2018-05-02 08:00:00+00:00,904.1,905.81,892.31,893.25,44060,1270
2018-05-03 08:00:00+00:00,893.97,901.56,892.43,893.6,54639,1120
2018-05-04 08:00:00+00:00,894.5,905.76,894.5,901.39,39260,930
2018-05-05 08:00:00+00:00,903.2,910.55,898.26,909.5,36518,220
2018-05-08 08:00:00+00:00,911.03,918.85,909.61,909.61,39992,800
2018-05-09 08:00:00+00:00,911.1,913.54,906.13,909.76,22768,920
2018-05-10 08:00:00+00:00,913.0,917.3,906.47,912.47,48588,980
2018-05-11 08:00:00+00:00,914.4,927.73,913.3,924.1,43017,630
2018-05-12 08:00:00+00:00,926.81,929.05,919.54,921.0,46911,570
2018-05-15 08:00:00+00:00,921.55,927.51,907.91,907.91,39047,520
2018-05-16 08:00:00+00:00,909.74,912.55,895.18,895.77,70178,1390
2018-05-17 08:00:00+00:00,894.95,900.19,887.42,889.92,61050,1030
2018-05-18 08:00:00+00:00,889.47,893.96,879.85,887.37,14319,1830
2018-05-19 08:00:00+00:00,889.31,891.66,880.45,886.22,46085,850
2018-05-22 08:00:00+00:00,885.16,902.06,877.25,899.02,45294,580
2018-05-23 08:00:00+00:00,899.7,911.36,895.33,905.68,35643,920
2018-05-24 08:00:00+00:00,905.3,909.49,897.73,902.06,60382,720
2018-05-25 08:00:00+00:00,902.99,913.75,902.36,907.61,58062,1190
2018-05-26 08:00:00+00:00,910.15,912.73,897.65,900.55,52662,960
2018-05-29 08:00:00+00:00,899.02,907.23,898.9,901.27,25081,1130
2018-05-30 08:00:00+00:00,902.79,909.26,900.22,903.68,70230,990
2018-05-31 08:00:00+00:00,905.1,910.88,902.59,908.28,63937,1060
2018-06-01 08:00:00+00:00,907.52,914.83,905.59,905.96,55244,1030
2018-06-02 08:00:00+00:00,905.1,912.68,898.76,901.83,57090,1110
2018-06-05 08:00:00+00:00,903.29,909.87,899.19,899.81,45241,1220
2018-06-06 08:00:00+00:00,899.53,903.28,891.94,899.71,50820,830
2018-06-07 08:00:00+00:00,900.89,907.82,899.7,903.89,47003,880
2018-06-08 08:00:00+00:00,905.75,908.98,897.39,897.99,48436,1040
2018-06-09 08:00:00+00:00,898.24,907.02,896.08,905.65,47274,1010
2018-06-12 08:00:00+00:00,907.27,910.32,901.92,901.93,40240,830
2018-06-13 08:00:00+00:00,901.82,908.9,897.41,897.41,44520,860
2018-06-14 08:00:00+00:00,898.17,903.74,892.3,901.86,48833,1000
2018-06-15 08:00:00+00:00,904.77,912.82,898.02,903.23,50272,1270
2018-06-16 08:00:00+00:00,904.35,906.39,884.5,886.97,63402,810
2018-06-19 08:00:00+00:00,885.4,891.0,880.57,881.97,49275,1250
2018-06-20 08:00:00+00:00,883.49,885.57,861.47,866.51,56913,780
2018-06-21 08:00:00+00:00,867.84,875.54,856.9,869.02,44424,440
2018-06-22 08:00:00+00:00,869.92,871.47,861.01,861.88,46594,650
2018-06-23 08:00:00+00:00,862.7,876.12,857.11,874.9,44433,960
2018-06-26 08:00:00+00:00,875.37,878.97,865.75,865.75,36777,860
2018-06-27 08:00:00+00:00,866.9,870.95,858.19,866.53,40271,1050
2018-06-28 08:00:00+00:00,867.5,867.84,851.1,857.48,31052,1280
2018-06-29 08:00:00+00:00,857.48,857.48,857.48,857.48,3,1580
2018-06-30 08:00:00+00:00,857.48,857.48,857.48,857.48,3,1580
2018-07-03 08:00:00+00:00,850.43,853.18,807.57,816.2,49228,1110
2018-07-04 08:00:00+00:00,817.79,845.56,797.65,839.23,40523,750
2018-07-05 08:00:00+00:00,839.07,843.94,833.08,842.05,23214,1130
2018-07-06 08:00:00+00:00,837.03,846.79,836.77,840.11,44986,1320
2018-07-07 08:00:00+00:00,840.37,844.63,835.4,842.51,30804,620
2018-07-10 08:00:00+00:00,843.91,858.41,843.2,849.71,26778,900
2018-07-11 08:00:00+00:00,850.04,854.88,835.63,845.31,28017,510
2018-07-12 08:00:00+00:00,846.39,846.8,825.29,825.48,36956,220
2018-07-13 08:00:00+00:00,827.4,844.77,825.54,839.71,30004,570
2018-07-14 08:00:00+00:00,841.46,843.19,823.31,827.98,30955,890
2018-07-17 08:00:00+00:00,827.55,833.39,817.68,822.28,24827,970
2018-07-18 08:00:00+00:00,823.25,829.83,813.96,816.4,34725,1280
2018-07-19 08:00:00+00:00,816.0,819.06,804.68,816.97,31839,940
2018-07-20 08:00:00+00:00,818.36,820.23,792.56,805.82,44904,420
2018-07-21 08:00:00+00:00,807.15,830.52,801.83,826.25,43963,640
2018-07-24 08:00:00+00:00,827.9,835.46,823.63,830.84,42164,1350
2018-07-25 08:00:00+00:00,831.05,845.79,826.7,831.81,42091,1110
2018-07-26 08:00:00+00:00,832.6,844.17,832.15,843.66,38362,1260
2018-07-27 08:00:00+00:00,840.09,844.91,823.02,823.02,38355,900
2018-07-28 08:00:00+00:00,823.89,832.22,820.27,829.53,35733,1280
2018-07-31 08:00:00+00:00,826.19,831.72,821.44,826.79,25438,1200
2018-08-01 08:00:00+00:00,826.74,843.96,824.18,836.36,39565,980
2018-08-02 08:00:00+00:00,837.8,838.77,813.9,814.89,39360,260
2018-08-03 08:00:00+00:00,816.1,834.15,811.0,821.34,43377,1150
2018-08-04 08:00:00+00:00,822.15,841.3,819.41,829.46,46186,1040
2018-08-07 08:00:00+00:00,830.34,836.21,819.25,820.04,33780,730
2018-08-08 08:00:00+00:00,822.7,837.85,821.36,827.38,33092,360
2018-08-09 08:00:00+00:00,829.7,832.95,822.65,830.03,33980,790
2018-08-10 08:00:00+00:00,830.21,840.2,826.35,831.32,37372,760
2018-08-11 08:00:00+00:00,832.67,835.27,825.33,825.35,49159,1100
2018-08-14 08:00:00+00:00,823.26,829.48,795.57,802.57,52061,510
2018-08-15 08:00:00+00:00,801.95,807.22,794.59,799.73,42826,630
2018-08-16 08:00:00+00:00,800.87,800.87,756.44,766.04,54505,550
2018-08-17 08:00:00+00:00,767.29,794.76,754.3,778.03,51953,890
2018-08-18 08:00:00+00:00,778.49,789.82,771.34,787.01,44555,1370
2018-08-21 08:00:00+00:00,786.5,797.61,784.47,794.0,39727,1410
2018-08-22 08:00:00+00:00,795.4,802.79,786.73,794.37,40725,1390
2018-08-23 08:00:00+00:00,796.05,801.23,788.27,792.33,36910,900
2018-08-24 08:00:00+00:00,793.85,794.95,774.64,776.15,39285,1270
2018-08-25 08:00:00+00:00,776.4,794.08,773.84,789.5,42379,1290
2018-08-28 08:00:00+00:00,791.02,805.62,787.47,801.03,32215,640
2018-08-29 08:00:00+00:00,802.95,809.9,786.88,787.95,42585,1400
2018-08-30 08:00:00+00:00,789.04,797.32,786.11,795.08,39514,1200
2018-08-31 08:00:00+00:00,795.6,797.68,787.09,787.93,44028,1080
2018-09-01 08:00:00+00:00,789.45,800.92,783.67,786.59,42495,900
2018-09-04 08:00:00+00:00,786.05,789.61,782.62,786.62,26606,1240
2018-09-05 08:00:00+00:00,787.9,791.13,765.42,777.02,49667,1300
2018-09-06 08:00:00+00:00,777.58,785.82,770.22,783.77,44543,960
2018-09-07 08:00:00+00:00,785.12,795.67,780.32,789.6,48514,620
2018-09-08 08:00:00+00:00,790.52,794.73,774.76,780.88,50627,800
2018-09-11 08:00:00+00:00,779.55,800.65,776.17,785.17,40489,1050
2018-09-12 08:00:00+00:00,784.49,793.19,780.57,790.9,39585,1070
2018-09-13 08:00:00+00:00,789.4,800.95,782.56,798.26,44227,1100
2018-09-14 08:00:00+00:00,799.3,812.16,798.47,802.15,46041,860
2018-09-15 08:00:00+00:00,801.85,811.54,793.64,794.15,36684,1260
2018-09-18 08:00:00+00:00,795.0,807.12,791.55,798.7,23953,930
2018-09-19 08:00:00+00:00,799.55,818.07,793.46,811.71,36771,780
2018-09-20 08:00:00+00:00,811.9,826.28,809.33,822.22,32190,840
2018-09-21 08:00:00+00:00,823.17,835.14,817.88,833.84,30053,740
2018-09-22 08:00:00+00:00,834.89,838.21,821.89,826.69,32592,1230
2018-09-25 08:00:00+00:00,827.45,834.43,822.31,824.74,25124,1250
2018-09-26 08:00:00+00:00,827.32,833.2,821.01,821.05,26881,1310
2018-09-27 08:00:00+00:00,823.05,829.32,819.33,819.39,18652,930
2018-09-28 08:00:00+00:00,821.95,832.5,806.58,808.28,35167,950
2018-09-29 08:00:00+00:00,809.95,823.32,806.43,814.1,32941,1130
2018-10-02 08:00:00+00:00,816.06,825.28,808.52,821.62,29562,1110
2018-10-03 08:00:00+00:00,822.24,834.75,815.52,829.31,34798,800
2018-10-04 08:00:00+00:00,830.6,836.28,823.98,824.02,34166,1100
2018-10-05 08:00:00+00:00,825.26,833.24,819.95,823.67,21955,540
2018-10-06 08:00:00+00:00,823.75,830.73,818.31,821.59,19749,930
2018-10-09 08:00:00+00:00,821.73,823.43,808.72,817.41,25354,860
2018-10-10 08:00:00+00:00,818.25,825.71,810.57,823.05,34108,980
2018-10-11 08:00:00+00:00,823.75,827.82,818.98,821.67,33686,850
2018-10-12 08:00:00+00:00,821.55,843.91,814.61,838.95,50741,730
2018-10-13 08:00:00+00:00,838.88,842.8,835.09,836.56,39991,990
2018-10-16 08:00:00+00:00,836.24,850.19,835.76,840.44,33265,1360
2018-10-17 08:00:00+00:00,840.43,846.08,838.75,839.3,29103,1360
2018-10-18 08:00:00+00:00,840.45,841.8,831.23,831.32,22672,1090
2018-10-19 08:00:00+00:00,831.6,833.71,825.09,826.58,33772,1440
2018-10-20 08:00:00+00:00,826.33,836.06,826.33,829.69,30954,1140
2018-10-23 08:00:00+00:00,830.65,838.02,817.33,819.87,28318,960
2018-10-24 08:00:00+00:00,818.95,834.55,816.88,830.63,38137,580
2018-10-25 08:00:00+00:00,832.48,834.64,824.24,828.63,32838,1450
2018-10-26 08:00:00+00:00,828.48,832.82,822.25,825.13,32357,1300
2018-10-27 08:00:00+00:00,826.58,834.95,822.25,831.83,40760,1310
2018-10-30 08:00:00+00:00,831.0,842.31,829.31,831.44,38814,1020
2018-10-31 08:00:00+00:00,832.33,839.76,831.5,834.23,35088,1100
2018-11-01 08:00:00+00:00,835.28,839.98,830.36,834.42,31304,1420
2018-11-02 08:00:00+00:00,836.78,860.62,836.76,857.91,38460,1360
2018-11-03 08:00:00+00:00,859.38,872.67,858.8,867.33,44475,1160
2018-11-06 08:00:00+00:00,869.18,873.22,861.66,863.13,31523,710
2018-11-07 08:00:00+00:00,863.73,875.65,862.37,869.05,27724,820
2018-11-08 08:00:00+00:00,868.1,877.42,865.42,872.03,37548,940
2018-11-09 08:00:00+00:00,872.33,874.09,861.28,862.58,29501,990
2018-11-10 08:00:00+00:00,863.03,863.84,850.88,851.03,29772,1490
2018-11-13 08:00:00+00:00,852.93,856.85,838.45,838.45,24333,1480
2018-11-14 08:00:00+00:00,841.23,849.9,834.92,837.29,31045,1150
2018-11-15 08:00:00+00:00,838.33,841.48,825.93,833.97,32656,900
2018-11-16 08:00:00+00:00,834.13,845.29,829.52,839.58,33543,1210
2018-11-17 08:00:00+00:00,842.25,847.17,838.89,844.76,26564,1240
2018-11-20 08:00:00+00:00,845.51,854.88,841.56,851.4,17934,860
2018-11-21 08:00:00+00:00,852.43,855.04,837.28,839.97,25661,980
2018-11-22 08:00:00+00:00,839.47,849.65,838.0,844.14,24615,1410
2018-11-23 08:00:00+00:00,845.07,849.69,843.27,845.56,11568,900
2018-11-24 08:00:00+00:00,846.93,848.4,836.81,839.35,18351,1200
2018-11-27 08:00:00+00:00,839.73,848.85,835.53,841.44,23538,1400
2018-11-28 08:00:00+00:00,843.03,845.37,829.37,831.82,27258,770
2018-11-29 08:00:00+00:00,833.48,834.54,813.6,823.46,34636,260
2018-11-30 08:00:00+00:00,824.53,830.05,815.86,818.66,24583,550
2018-12-01 08:00:00+00:00,818.53,820.27,796.23,796.48,30305,920
2018-12-04 08:00:00+00:00,798.86,814.52,798.4,804.82,35277,1110
2018-12-05 08:00:00+00:00,806.18,809.02,797.59,802.96,35619,970
2018-12-06 08:00:00+00:00,803.88,803.88,789.62,798.56,26486,1130
2018-12-07 08:00:00+00:00,797.82,801.87,783.4,788.3,28757,940
2018-12-08 08:00:00+00:00,787.58,795.41,783.94,792.79,27678,370
2018-12-11 08:00:00+00:00,792.43,794.38,777.77,783.13,24555,200
2018-12-12 08:00:00+00:00,784.08,790.41,779.3,783.6,28050,600
2018-12-13 08:00:00+00:00,784.48,806.51,784.48,801.85,26058,590
2018-12-14 08:00:00+00:00,801.85,807.73,789.7,794.68,22911,580
2018-12-15 08:00:00+00:00,795.58,796.92,780.63,785.14,17307,900
2018-12-18 08:00:00+00:00,786.65,797.68,782.35,792.68,12470,740
2018-12-19 08:00:00+00:00,791.47,795.46,785.17,789.08,21298,480
2018-12-20 08:00:00+00:00,788.97,798.01,784.12,784.22,26862,1220
2018-12-21 08:00:00+00:00,783.48,797.1,783.48,793.18,29131,980
2018-12-22 08:00:00+00:00,791.88,797.65,785.78,785.92,15922,1070
2018-12-25 08:00:00+00:00,787.88,796.85,786.48,787.44,11352,660
2018-12-27 08:00:00+00:00,786.67,802.54,785.93,796.36,19467,860
2018-12-28 08:00:00+00:00,792.17,800.91,784.09,792.81,15906,690
2018-12-29 08:00:00+00:00,792.96,800.72,788.27,788.83,23547,1380
2019-01-01 08:00:00+00:00,787.69,797.47,785.65,792.2,5851,560
2019-01-03 08:00:00+00:00,788.64,800.79,782.38,794.3,18583,370
2019-01-04 08:00:00+00:00,795.93,798.08,789.89,796.99,17485,720
2019-01-05 08:00:00+00:00,796.43,822.61,793.03,820.7,22037,290
2019-01-08 08:00:00+00:00,820.33,831.17,817.77,820.02,27507,590
2019-01-09 08:00:00+00:00,819.6,825.15,814.04,817.65,26630,1190
2019-01-10 08:00:00+00:00,817.56,824.88,817.16,823.08,26484,550
2019-01-11 08:00:00+00:00,822.28,828.84,818.38,818.6,27265,640
2019-01-12 08:00:00+00:00,818.74,825.08,808.78,808.78,26338,200
2019-01-15 08:00:00+00:00,809.38,812.68,798.24,800.31,14279,460
2019-01-16 08:00:00+00:00,799.81,806.42,795.14,797.95,27000,200
2019-01-17 08:00:00+00:00,796.73,806.72,796.73,804.71,15309,210
2019-01-18 08:00:00+00:00,806.58,813.24,800.77,808.87,31356,0
2019-01-19 08:00:00+00:00,807.59,815.14,794.37,796.38,21031,1230
2019-01-22 08:00:00+00:00,796.13,801.17,793.69,794.73,13009,1090
2019-01-23 08:00:00+00:00,794.61,798.32,786.05,788.97,17796,830
2019-01-24 08:00:00+00:00,789.93,795.72,788.23,792.99,16714,910
2019-01-25 08:00:00+00:00,794.58,804.51,789.2,801.32,14391,500
2019-01-26 08:00:00+00:00,802.18,818.97,801.0,817.04,19570,800
2019-01-29 08:00:00+00:00,817.35,819.24,808.02,810.11,20082,1240
2019-01-30 08:00:00+00:00,809.72,818.73,809.42,812.56,24617,870
2019-01-31 08:00:00+00:00,812.99,820.81,810.92,816.03,28213,1380
2019-02-01 08:00:00+00:00,816.28,825.63,814.38,820.31,28112,1100
2019-02-02 08:00:00+00:00,819.7,832.03,817.37,822.57,26801,1210
2019-02-05 08:00:00+00:00,825.23,825.45,813.71,818.48,21698,1200
2019-02-06 08:00:00+00:00,820.33,824.69,816.45,817.12,21194,790
2019-02-07 08:00:00+00:00,818.53,822.13,804.03,804.3,23447,280
2019-02-08 08:00:00+00:00,804.52,807.66,794.23,796.45,25276,500
2019-02-09 08:00:00+00:00,795.31,800.33,792.77,798.78,25130,1240
2019-02-12 08:00:00+00:00,801.28,801.28,783.69,785.88,20514,450
2019-02-13 08:00:00+00:00,785.94,792.52,783.42,789.87,25728,660
2019-02-14 08:00:00+00:00,790.92,794.4,784.09,784.29,13027,430
2019-02-15 08:00:00+00:00,783.96,789.53,779.14,786.35,27345,730
2019-02-16 08:00:00+00:00,785.2,807.44,783.03,805.8,27360,760
2019-02-19 08:00:00+00:00,807.18,809.23,801.44,805.07,13318,760
2019-02-20 08:00:00+00:00,804.95,822.16,804.95,817.77,22880,480
2019-02-21 08:00:00+00:00,818.58,832.97,817.06,825.13,27614,990
2019-02-22 08:00:00+00:00,827.2,830.02,817.7,822.1,35966,560
2019-02-23 08:00:00+00:00,822.28,844.24,822.28,840.75,31381,530
2019-02-26 08:00:00+00:00,843.52,855.69,841.72,851.71,34067,300
2019-02-27 08:00:00+00:00,852.41,860.42,846.49,859.57,32862,630
2019-02-28 08:00:00+00:00,859.53,873.53,858.01,867.54,26244,770
2019-03-01 08:00:00+00:00,867.75,876.67,861.91,868.7,37959,630
2019-03-02 08:00:00+00:00,868.29,873.99,854.11,857.25,36089,1100
2019-03-05 08:00:00+00:00,858.86,862.72,834.46,835.29,41139,1030
2019-03-06 08:00:00+00:00,836.43,840.48,832.97,835.21,18959,690
2019-03-07 08:00:00+00:00,835.43,836.93,824.18,825.76,17054,430
2019-03-08 08:00:00+00:00,826.44,827.92,811.89,811.89,39185,1040
2019-03-09 08:00:00+00:00,813.95,820.76,810.74,816.11,39028,1400
2019-03-12 08:00:00+00:00,811.52,817.96,808.17,816.32,38144,200
2019-03-13 08:00:00+00:00,816.84,836.65,816.7,833.46,43236,500
2019-03-14 08:00:00+00:00,829.59,847.59,829.59,841.42,38269,1270
2019-03-15 08:00:00+00:00,837.43,843.4,821.83,821.88,39285,1320
2019-03-16 08:00:00+00:00,823.98,835.36,822.83,829.6,36600,980
2019-03-19 08:00:00+00:00,829.28,838.52,821.3,834.22,28693,1300
2019-03-20 08:00:00+00:00,831.64,855.0,831.64,850.24,32448,560
2019-03-21 08:00:00+00:00,850.68,866.63,849.16,860.35,40931,1310
2019-03-22 08:00:00+00:00,860.68,875.15,856.54,859.94,37649,1490
2019-03-23 08:00:00+00:00,859.39,866.35,845.17,845.23,40933,230
2019-03-26 08:00:00+00:00,846.73,859.47,839.92,856.31,36278,400
2019-03-27 08:00:00+00:00,857.43,861.71,849.32,856.71,25734,950
2019-03-28 08:00:00+00:00,856.83,869.6,850.43,850.43,24237,1040
2019-03-29 08:00:00+00:00,849.3,864.35,832.86,837.66,36623,200
2019-03-30 08:00:00+00:00,839.13,856.36,838.33,846.9,25924,1000
2019-04-02 08:00:00+00:00,847.09,856.3,842.75,847.35,20695,310
2019-04-03 08:00:00+00:00,846.08,854.17,843.57,848.77,17011,290
2019-04-04 08:00:00+00:00,849.83,869.89,849.66,866.56,20858,760
2019-04-05 08:00:00+00:00,868.53,899.4,868.4,897.1,35833,960
2019-04-06 08:00:00+00:00,897.71,907.46,883.85,899.23,39315,1040
2019-04-09 08:00:00+00:00,894.42,914.72,894.23,907.1,18958,1180
2019-04-10 08:00:00+00:00,907.48,909.23,889.35,889.77,21991,1130
2019-04-11 08:00:00+00:00,889.6,907.35,884.79,900.97,36269,1050
2019-04-12 08:00:00+00:00,900.85,909.18,887.62,891.0,30934,1010
2019-04-13 08:00:00+00:00,889.82,902.45,889.1,889.58,25206,1190
2019-04-16 08:00:00+00:00,890.6,892.28,878.04,884.37,27767,1280
2019-04-17 08:00:00+00:00,886.3,891.72,876.05,879.27,33730,1130
2019-04-18 08:00:00+00:00,880.93,890.49,877.32,886.85,41848,1000
2019-04-19 08:00:00+00:00,887.61,902.13,880.58,901.1,29960,1190
2019-04-23 08:00:00+00:00,901.05,913.2,892.49,896.75,37700,1800
2019-04-24 08:00:00+00:00,896.43,901.33,880.45,886.77,26275,1070
2019-04-25 08:00:00+00:00,887.36,893.3,881.48,882.3,22867,1010
2019-04-26 08:00:00+00:00,883.04,888.19,877.1,884.92,13044,660
2019-04-27 08:00:00+00:00,885.96,899.65,882.68,896.73,20601,970
2019-04-30 08:00:00+00:00,894.56,900.76,887.46,893.38,11688,460
2019-05-01 08:00:00+00:00,895.06,900.55,884.25,885.48,22555,890
2019-05-02 08:00:00+00:00,885.54,888.51,863.75,865.63,26132,470
2019-05-03 08:00:00+00:00,865.71,869.96,849.4,850.05,24048,610
2019-05-04 08:00:00+00:00,847.42,872.45,844.01,870.85,33046,390
2019-05-07 08:00:00+00:00,869.91,878.75,855.82,874.12,38249,210
2019-05-08 08:00:00+00:00,874.26,884.15,866.42,868.65,46994,1360
2019-05-09 08:00:00+00:00,868.88,875.83,859.73,860.0,40518,1490
2019-05-10 08:00:00+00:00,860.3,862.82,845.82,845.82,39083,1430
2019-05-11 08:00:00+00:00,848.31,866.23,846.42,863.2,31377,1430
2019-05-14 08:00:00+00:00,863.98,864.62,849.27,851.45,25093,1200
2019-05-15 08:00:00+00:00,852.45,865.83,852.17,854.32,25520,1090
2019-05-16 08:00:00+00:00,855.06,858.54,841.87,845.35,24428,1490
2019-05-17 08:00:00+00:00,845.53,850.49,831.3,832.78,23190,1490
2019-05-18 08:00:00+00:00,833.81,834.68,816.8,816.88,24012,1500
2019-05-21 08:00:00+00:00,817.18,825.87,810.22,811.97,20314,1170
2019-05-22 08:00:00+00:00,814.05,819.52,806.53,813.75,20357,1460
2019-05-23 08:00:00+00:00,815.56,817.1,802.83,802.83,19009,1380
2019-05-24 08:00:00+00:00,803.61,803.91,796.39,798.61,20146,930
2019-05-25 08:00:00+00:00,798.61,808.72,798.0,804.98,17846,1110
2019-05-28 08:00:00+00:00,805.16,811.77,800.92,805.31,10450,1540
2019-05-29 08:00:00+00:00,805.19,817.18,795.52,796.58,12231,1390
2019-05-30 08:00:00+00:00,798.75,800.39,790.35,791.2,21154,1230
2019-05-31 08:00:00+00:00,788.54,798.28,787.83,792.88,21103,730
2019-06-01 08:00:00+00:00,793.21,796.61,789.87,791.96,26125,1500
2019-06-04 08:00:00+00:00,791.88,823.54,791.88,819.4,24561,1470
2019-06-05 08:00:00+00:00,820.38,824.61,815.49,818.62,18219,1270
2019-06-06 08:00:00+00:00,817.72,832.85,801.43,801.43,30202,1290
2019-06-07 08:00:00+00:00,803.55,808.52,798.41,801.94,13583,1430
2019-06-08 08:00:00+00:00,803.81,811.91,799.77,804.22,20053,1170
2019-06-11 08:00:00+00:00,806.3,810.41,797.05,805.18,23484,1130
2019-06-12 08:00:00+00:00,805.51,815.75,800.82,813.05,18990,1250
2019-06-13 08:00:00+00:00,813.76,819.91,808.15,809.38,20841,1500
2019-06-14 08:00:00+00:00,809.4,814.28,805.11,808.37,12297,1500
2019-06-15 08:00:00+00:00,809.12,816.02,799.41,803.12,7548,900
2019-06-18 08:00:00+00:00,803.85,805.4,791.75,793.9,20344,1120
2019-06-19 08:00:00+00:00,794.18,805.53,790.45,802.27,19665,1070
2019-06-20 08:00:00+00:00,801.55,812.06,797.45,810.27,24044,1120
2019-06-21 08:00:00+00:00,809.51,823.7,804.8,805.15,25162,890
2019-06-22 08:00:00+00:00,807.26,814.09,798.32,808.81,29058,1410
2019-06-25 08:00:00+00:00,807.86,816.39,807.86,814.43,31155,520
2019-06-26 08:00:00+00:00,814.17,821.04,807.45,809.16,41641,420
2019-06-27 08:00:00+00:00,809.37,819.61,804.4,815.88,40555,200
2019-06-28 08:00:00+00:00,815.34,817.41,807.35,813.68,28061,200
2019-06-29 08:00:00+00:00,813.74,840.62,813.03,832.8,34656,250
2019-07-02 08:00:00+00:00,830.41,846.42,828.4,831.85,35051,200
2019-07-03 08:00:00+00:00,832.97,838.87,824.23,829.71,31077,230
2019-07-04 08:00:00+00:00,830.34,843.85,828.46,839.42,31859,240
2019-07-05 08:00:00+00:00,840.15,841.53,832.28,834.35,14745,200
2019-07-06 08:00:00+00:00,834.33,838.41,805.01,807.62,32612,200
2019-07-09 08:00:00+00:00,810.1,820.66,807.97,816.78,34883,240
2019-07-10 08:00:00+00:00,816.57,817.07,806.34,811.53,30671,280
2019-07-11 08:00:00+00:00,811.91,828.73,808.29,825.86,29375,200
2019-07-12 08:00:00+00:00,826.71,832.59,821.8,823.41,42179,370
2019-07-13 08:00:00+00:00,824.63,831.59,817.46,829.14,33278,250
2019-07-16 08:00:00+00:00,830.55,846.94,828.4,842.44,32303,210
2019-07-17 08:00:00+00:00,841.83,850.85,836.25,838.91,38828,210
2019-07-18 08:00:00+00:00,839.31,850.25,834.38,844.09,32849,240
2019-07-19 08:00:00+00:00,844.4,853.13,842.49,852.01,46676,360
2019-07-20 08:00:00+00:00,853.08,860.9,843.53,843.8,49611,200
2019-07-23 08:00:00+00:00,845.41,853.06,844.56,847.99,47805,200
2019-07-24 08:00:00+00:00,847.38,858.57,843.34,855.61,47268,200
2019-07-25 08:00:00+00:00,855.37,877.54,853.99,876.74,42423,220
2019-07-26 08:00:00+00:00,876.59,884.89,865.58,866.79,50472,240
2019-07-27 08:00:00+00:00,867.23,870.05,859.65,862.69,41539,310
2019-07-30 08:00:00+00:00,859.48,882.03,859.48,880.29,36795,330
2019-07-31 08:00:00+00:00,880.0,881.97,867.09,870.55,44152,490
2019-08-01 08:00:00+00:00,869.84,878.99,861.85,864.67,55196,250
2019-08-02 08:00:00+00:00,863.87,865.79,842.59,853.14,67014,200
2019-08-03 08:00:00+00:00,852.48,858.14,841.99,842.95,70044,220
2019-08-06 08:00:00+00:00,842.61,859.98,842.42,855.44,71761,200
2019-08-07 08:00:00+00:00,856.34,858.89,843.93,852.18,63936,520
2019-08-08 08:00:00+00:00,852.33,869.91,845.78,864.03,83414,200
2019-08-09 08:00:00+00:00,863.7,869.28,851.34,865.06,62869,460
2019-08-10 08:00:00+00:00,864.87,868.58,857.82,858.77,55732,290
2019-08-13 08:00:00+00:00,857.78,862.32,853.34,857.46,50286,300
2019-08-14 08:00:00+00:00,858.12,866.95,837.03,854.87,64622,200
2019-08-15 08:00:00+00:00,854.03,855.62,843.27,845.1,64303,250
2019-08-16 08:00:00+00:00,844.28,848.25,833.4,840.96,68574,250
2019-08-17 08:00:00+00:00,840.66,850.66,833.1,847.57,50778,240
2019-08-20 08:00:00+00:00,848.75,857.75,842.49,850.65,43588,210
2019-08-21 08:00:00+00:00,851.13,855.8,844.6,848.71,41275,240
2019-08-22 08:00:00+00:00,850.02,856.0,840.16,851.9,43245,320
2019-08-23 08:00:00+00:00,852.0,860.85,845.48,857.24,42053,240
2019-08-24 08:00:00+00:00,857.27,869.47,849.66,855.67,62516,440
2019-08-27 08:00:00+00:00,855.33,866.4,852.51,855.8,65418,450
2019-08-28 08:00:00+00:00,856.11,868.92,854.66,865.17,49529,280
2019-08-29 08:00:00+00:00,865.65,908.28,865.1,900.01,51873,200
2019-08-30 08:00:00+00:00,902.86,935.51,893.87,916.22,66326,200
2019-08-31 08:00:00+00:00,916.39,939.97,912.73,930.43,67042,320
2019-09-03 08:00:00+00:00,933.5,938.65,924.46,928.81,33545,200
2019-09-04 08:00:00+00:00,929.39,960.25,926.37,958.03,64297,230
2019-09-05 08:00:00+00:00,957.44,991.21,955.18,986.29,68719,340
2019-09-06 08:00:00+00:00,984.58,997.56,944.18,959.71,78331,210
2019-09-07 08:00:00+00:00,959.85,964.87,926.83,949.4,76639,240
2019-09-10 08:00:00+00:00,949.91,961.83,942.57,946.93,61157,230
2019-09-11 08:00:00+00:00,946.44,946.94,928.4,930.17,60559,210
2019-09-12 08:00:00+00:00,930.35,945.9,929.97,944.23,55363,320
2019-09-13 08:00:00+00:00,942.41,960.55,941.92,950.75,75738,260
2019-09-14 08:00:00+00:00,949.9,964.09,946.13,947.45,57561,200
2019-09-17 08:00:00+00:00,954.61,959.78,926.26,936.94,70057,300
2019-09-18 08:00:00+00:00,937.74,945.34,929.52,941.04,63566,210
2019-09-19 08:00:00+00:00,941.52,943.8,921.22,931.87,57515,220
2019-09-20 08:00:00+00:00,931.88,942.9,923.34,938.18,59522,200
2019-09-21 08:00:00+00:00,938.12,948.9,936.09,945.25,56752,250
2019-09-24 08:00:00+00:00,943.37,962.76,943.06,958.63,63321,200
2019-09-25 08:00:00+00:00,958.32,962.92,947.75,953.03,64986,440
2019-09-26 08:00:00+00:00,954.35,958.21,924.09,927.12,53096,210
2019-09-27 08:00:00+00:00,927.32,937.53,926.34,930.33,39379,200
2019-09-28 08:00:00+00:00,929.78,936.67,920.36,929.72,70134,220
2019-10-01 08:00:00+00:00,929.43,934.68,875.04,882.84,63989,200
2019-10-02 08:00:00+00:00,882.92,888.57,874.24,876.87,61346,210
2019-10-03 08:00:00+00:00,877.5,892.08,870.75,887.06,61633,220
2019-10-04 08:00:00+00:00,886.99,898.23,885.34,887.39,58250,320
2019-10-05 08:00:00+00:00,888.86,889.19,871.14,878.95,59715,200
2019-10-08 08:00:00+00:00,881.08,888.0,873.98,877.01,38537,250
2019-10-09 08:00:00+00:00,877.08,892.19,875.65,889.47,63368,200
2019-10-10 08:00:00+00:00,889.57,896.45,882.46,891.81,53725,200
2019-10-11 08:00:00+00:00,892.48,903.24,882.56,898.27,70952,260
2019-10-12 08:00:00+00:00,897.85,905.2,883.61,894.62,68262,220
2019-10-15 08:00:00+00:00,893.22,900.72,889.33,892.79,49649,200
2019-10-16 08:00:00+00:00,892.15,901.61,882.52,884.91,55337,210
2019-10-17 08:00:00+00:00,884.99,890.21,875.79,885.58,58557,240
2019-10-18 08:00:00+00:00,885.78,889.36,879.55,886.43,65123,210
2019-10-19 08:00:00+00:00,886.15,893.74,882.51,889.57,52981,200
2019-10-22 08:00:00+00:00,891.77,898.43,884.61,887.83,34792,200
2019-10-23 08:00:00+00:00,888.22,892.2,884.07,891.07,28355,450
2019-10-24 08:00:00+00:00,890.78,919.2,889.82,916.06,30502,200
2019-10-25 08:00:00+00:00,915.91,932.03,915.86,922.41,38651,200
2019-10-26 08:00:00+00:00,922.46,938.95,921.63,924.75,38954,200
2019-10-29 08:00:00+00:00,925.15,933.82,913.44,918.56,37368,250
2019-10-30 08:00:00+00:00,919.09,921.9,908.81,920.44,35939,360
2019-10-31 08:00:00+00:00,919.97,927.38,913.88,924.95,45291,260
2019-11-01 08:00:00+00:00,925.83,938.74,921.91,931.89,50857,200
2019-11-02 08:00:00+00:00,932.15,954.65,928.59,948.82,44366,0
2019-11-05 08:00:00+00:00,950.16,955.11,931.98,936.08,37381,220
2019-11-06 08:00:00+00:00,936.58,939.24,924.79,929.06,45177,200
2019-11-07 08:00:00+00:00,928.8,933.06,922.35,929.21,38135,340
2019-11-08 08:00:00+00:00,929.2,934.26,903.49,909.29,54786,200
2019-11-09 08:00:00+00:00,909.73,911.05,886.03,886.27,45645,200
2019-11-12 08:00:00+00:00,886.9,892.0,873.45,875.3,31251,220
2019-11-13 08:00:00+00:00,875.49,880.8,865.79,868.94,42532,200
2019-11-14 08:00:00+00:00,868.64,877.68,867.93,875.15,39011,200
2019-11-15 08:00:00+00:00,875.34,884.61,870.05,880.69,37602,280
2019-11-16 08:00:00+00:00,880.74,896.05,874.7,889.32,36822,400
2019-11-19 08:00:00+00:00,889.34,899.25,878.87,893.92,40300,410
2019-11-20 08:00:00+00:00,893.74,911.34,893.03,910.16,40599,200
2019-11-21 08:00:00+00:00,910.25,918.95,905.87,916.26,49048,200
2019-11-22 08:00:00+00:00,917.0,926.57,909.53,914.88,44603,200
2019-11-23 08:00:00+00:00,914.83,915.81,885.45,890.52,31176,210
2019-11-26 08:00:00+00:00,891.02,900.18,888.68,896.47,30986,200
2019-11-27 08:00:00+00:00,896.75,915.67,893.24,907.31,43897,200
2019-11-28 08:00:00+00:00,906.25,908.23,888.9,893.84,47596,330
2019-11-29 08:00:00+00:00,894.87,897.21,888.66,893.6,26293,200
2019-11-30 08:00:00+00:00,892.86,901.9,892.19,896.04,39874,220
2019-12-03 08:00:00+00:00,894.56,903.98,890.76,897.98,53261,480
2019-12-04 08:00:00+00:00,897.85,911.51,895.2,909.47,55638,360
2019-12-05 08:00:00+00:00,909.16,915.68,894.27,894.77,55349,230
2019-12-06 08:00:00+00:00,894.83,901.7,884.46,897.59,50809,200
2019-12-07 08:00:00+00:00,897.32,901.75,891.06,895.57,46026,580
2019-12-10 08:00:00+00:00,896.46,900.58,888.08,894.67,37251,230
2019-12-11 08:00:00+00:00,894.77,924.3,893.64,921.72,44667,200
2019-12-12 08:00:00+00:00,921.12,944.55,913.51,939.42,45682,310
2019-12-13 08:00:00+00:00,938.37,948.32,934.74,943.89,52444,370
2019-12-14 08:00:00+00:00,943.37,947.38,922.28,927.41,54138,200
2019-12-17 08:00:00+00:00,927.22,936.23,925.94,929.35,38856,200
2019-12-18 08:00:00+00:00,929.76,934.58,919.48,928.2,37658,220
2019-12-19 08:00:00+00:00,927.23,936.18,923.54,936.14,29558,270
2019-12-20 08:00:00+00:00,935.96,939.14,925.97,933.94,31643,360
2019-12-21 08:00:00+00:00,934.1,937.85,909.63,910.01,33512,560
2019-12-24 08:00:00+00:00,912.81,940.03,911.22,936.25,32542,210
2019-12-25 08:00:00+00:00,935.55,947.11,927.72,942.54,22067,200
2019-12-27 08:00:00+00:00,944.54,960.36,939.68,944.72,24225,200
2019-12-28 08:00:00+00:00,945.43,953.58,940.93,942.08,45894,200
2019-12-31 08:00:00+00:00,944.59,962.03,944.59,958.6,31448,200
2020-01-01 08:00:00+00:00,958.38,984.56,957.69,967.59,25930,240
2020-01-03 08:00:00+00:00,966.83,991.59,965.79,979.2,35827,210
2020-01-04 08:00:00+00:00,979.36,995.4,978.08,980.22,39245,200
2020-01-07 08:00:00+00:00,982.5,992.83,954.72,963.03,44835,220
2020-01-08 08:00:00+00:00,962.93,975.98,956.31,971.12,45633,280
2020-01-09 08:00:00+00:00,968.73,976.61,952.2,953.48,58057,220
2020-01-10 08:00:00+00:00,952.15,971.26,948.1,966.57,38461,220
2020-01-11 08:00:00+00:00,967.22,983.14,962.11,977.74,31353,280
2020-01-14 08:00:00+00:00,976.63,978.9,963.76,974.29,26955,320
2020-01-15 08:00:00+00:00,973.84,984.71,964.98,984.01,34738,230
2020-01-16 08:00:00+00:00,982.91,1025.33,982.67,1021.79,42569,200
2020-01-17 08:00:00+00:00,1021.21,1041.54,995.23,1004.3,45492,220
2020-01-18 08:00:00+00:00,1003.63,1029.9,1003.12,1020.9,39488,200
2020-01-21 08:00:00+00:00,1021.85,1030.76,1009.56,1019.13,22302,200
2020-01-22 08:00:00+00:00,1020.22,1026.29,989.9,1000.06,45481,200
2020-01-23 08:00:00+00:00,1000.79,1019.72,992.43,1014.54,39144,210
2020-01-24 08:00:00+00:00,1014.98,1021.81,997.69,1004.24,53998,220
2020-01-25 08:00:00+00:00,1004.49,1018.27,1000.72,1005.26,51839,230
2020-01-28 08:00:00+00:00,1009.94,1010.74,984.31,985.06,63719,200
2020-01-29 08:00:00+00:00,985.05,993.65,980.05,988.06,51835,200
2020-01-30 08:00:00+00:00,988.05,996.86,970.97,977.31,37190,240
2020-01-31 08:00:00+00:00,976.5,981.63,962.51,979.12,50383,440
2020-02-01 08:00:00+00:00,976.74,983.57,956.38,960.08,43041,200
2020-02-04 08:00:00+00:00,959.86,973.65,951.91,968.42,47873,200
2020-02-05 08:00:00+00:00,966.26,982.58,958.31,964.45,51404,230
2020-02-06 08:00:00+00:00,963.11,986.37,960.69,983.34,47267,240
2020-02-07 08:00:00+00:00,983.01,988.72,960.67,963.37,50262,390
2020-02-08 08:00:00+00:00,963.26,976.05,959.31,966.57,48568,360
2020-02-11 08:00:00+00:00,966.83,975.44,953.93,962.78,43360,350
2020-02-12 08:00:00+00:00,963.18,974.25,960.55,971.16,39911,350
2020-02-13 08:00:00+00:00,970.23,972.3,955.02,962.78,39547,250
2020-02-14 08:00:00+00:00,960.35,975.08,960.35,969.69,39398,240
2020-02-15 08:00:00+00:00,969.07,976.48,963.19,964.99,35463,400
2020-02-18 08:00:00+00:00,964.86,973.04,964.43,970.19,22642,440
2020-02-19 08:00:00+00:00,970.31,993.89,969.04,992.06,45354,400
2020-02-20 08:00:00+00:00,990.87,1018.2,990.87,1007.13,50392,220
2020-02-21 08:00:00+00:00,1007.12,1011.24,972.73,979.84,59011,320
2020-02-22 08:00:00+00:00,979.77,989.18,971.78,974.48,54564,320
2020-02-25 08:00:00+00:00,974.77,979.64,959.94,965.98,60859,400
2020-02-26 08:00:00+00:00,966.85,970.61,921.34,927.97,68786,220
2020-02-27 08:00:00+00:00,927.66,937.2,908.47,913.76,49088,280
2020-02-28 08:00:00+00:00,913.53,924.48,897.76,902.32,47211,270
2020-02-29 08:00:00+00:00,902.87,905.96,847.95,864.87,70765,200
2020-03-03 08:00:00+00:00,858.26,885.56,849.98,863.21,77610,200
2020-03-04 08:00:00+00:00,862.45,882.69,860.15,879.46,75977,200
2020-03-05 08:00:00+00:00,878.64,890.39,867.52,876.1,62882,200
2020-03-06 08:00:00+00:00,874.37,876.87,857.55,867.17,61676,240
2020-03-07 08:00:00+00:00,867.34,905.96,856.61,903.76,81935,210
2020-03-10 08:00:00+00:00,902.19,916.04,862.33,863.65,61802,200
2020-03-11 08:00:00+00:00,864.51,892.83,863.67,872.67,56768,200
2020-03-12 08:00:00+00:00,872.16,887.31,863.09,863.3,40940,200
2020-03-13 08:00:00+00:00,863.48,868.91,751.29,764.66,69240,200
2020-03-14 08:00:00+00:00,770.08,818.56,738.34,760.23,69662,210
2020-03-17 08:00:00+00:00,769.01,773.44,561.27,664.33,55285,240
2020-03-18 08:00:00+00:00,663.71,716.27,600.47,661.89,50005,290
2020-03-19 08:00:00+00:00,663.09,680.37,600.64,624.41,41696,340
2020-03-20 08:00:00+00:00,626.11,648.56,582.18,589.88,46276,200
2020-03-21 08:00:00+00:00,588.89,637.93,587.39,610.21,33583,200
2020-03-24 08:00:00+00:00,609.7,646.83,592.99,643.48,39583,1370
2020-03-25 08:00:00+00:00,644.53,712.26,641.78,710.24,38240,1650
2020-03-26 08:00:00+00:00,708.99,747.34,708.47,739.57,30716,1870
2020-03-27 08:00:00+00:00,743.46,743.52,706.69,735.11,22637,2430
2020-03-28 08:00:00+00:00,735.82,755.6,729.68,738.88,26137,200
2020-03-31 08:00:00+00:00,743.39,744.5,714.44,725.26,17427,2190
2020-04-01 08:00:00+00:00,723.68,737.53,715.18,720.92,23991,2090
2020-04-02 08:00:00+00:00,720.9,727.34,701.28,717.86,23884,2150
2020-04-03 08:00:00+00:00,717.08,732.69,712.75,729.62,20455,2380
2020-04-04 08:00:00+00:00,729.86,730.33,711.48,721.14,19292,2280
2020-04-07 08:00:00+00:00,720.17,742.73,719.51,739.35,19006,340
2020-04-08 08:00:00+00:00,739.31,752.27,733.23,736.7,21574,390
2020-04-09 08:00:00+00:00,737.29,758.48,724.4,731.85,17505,510
2020-04-10 08:00:00+00:00,732.94,754.95,729.54,748.4,16137,0
2020-04-14 08:00:00+00:00,750.37,754.37,739.07,749.65,13814,1120
2020-04-15 08:00:00+00:00,750.47,777.98,747.34,777.28,11117,200
2020-04-16 08:00:00+00:00,781.44,788.44,763.88,775.65,13918,600
2020-04-17 08:00:00+00:00,777.72,797.13,759.92,786.68,18090,630
2020-04-18 08:00:00+00:00,785.96,791.79,767.4,775.03,19720,210
2020-04-21 08:00:00+00:00,774.97,787.86,769.03,772.89,16438,440
2020-04-22 08:00:00+00:00,771.91,777.16,713.22,746.03,25143,2320
2020-04-23 08:00:00+00:00,744.48,762.91,740.3,758.14,18844,200
2020-04-24 08:00:00+00:00,759.73,785.18,752.43,762.19,24855,200
2020-04-25 08:00:00+00:00,763.93,770.62,750.94,763.23,19357,1030
2020-04-28 08:00:00+00:00,766.63,773.29,751.51,762.87,15811,880
2020-04-29 08:00:00+00:00,761.1,777.01,752.47,769.32,17549,200
2020-04-30 08:00:00+00:00,768.32,788.72,765.44,776.06,18762,3870
2020-05-01 08:00:00+00:00,778.39,789.7,755.98,770.19,22219,4190
2020-05-02 08:00:00+00:00,769.3,784.99,753.88,762.94,22802,830
2020-05-05 08:00:00+00:00,747.35,778.23,747.26,767.16,17702,200
2020-05-06 08:00:00+00:00,765.3,774.3,758.24,767.68,15657,200
2020-05-07 08:00:00+00:00,762.27,773.0,743.23,752.58,18875,200
2020-05-08 08:00:00+00:00,749.06,771.92,748.86,765.23,20904,620
2020-05-09 08:00:00+00:00,764.22,778.1,758.37,767.23,19635,200
2020-05-12 08:00:00+00:00,767.11,779.5,757.46,767.49,20911,1730
2020-05-13 08:00:00+00:00,767.11,775.29,757.68,760.66,18333,200
2020-05-14 08:00:00+00:00,761.83,770.98,756.48,763.64,20853,1560
2020-05-15 08:00:00+00:00,764.36,771.73,753.69,770.14,22890,340
2020-05-16 08:00:00+00:00,769.68,789.83,760.31,783.3,30376,200
2020-05-19 08:00:00+00:00,795.28,831.11,795.28,815.65,33802,390
2020-05-20 08:00:00+00:00,817.11,841.47,805.9,832.82,32557,3010
2020-05-21 08:00:00+00:00,830.91,863.5,829.31,863.09,38737,4150
2020-05-22 08:00:00+00:00,858.42,860.17,821.65,833.49,39334,210
2020-05-23 08:00:00+00:00,830.69,843.66,808.88,828.07,35362,200
2020-05-26 08:00:00+00:00,813.68,844.7,813.68,835.23,14734,2130
2020-05-27 08:00:00+00:00,829.48,849.0,818.25,829.54,35630,470
2020-05-28 08:00:00+00:00,829.4,839.87,818.28,836.23,35355,990
2020-05-29 08:00:00+00:00,835.15,843.22,821.63,835.99,37239,3470
2020-05-30 08:00:00+00:00,835.84,844.41,817.16,829.38,34037,3470
2020-06-02 08:00:00+00:00,833.88,859.49,825.97,849.56,41563,200
2020-06-03 08:00:00+00:00,844.78,855.36,825.14,843.58,39571,200
2020-06-04 08:00:00+00:00,840.39,847.1,825.93,833.41,40014,2900
2020-06-05 08:00:00+00:00,830.37,845.32,820.38,840.89,37151,210
2020-06-06 08:00:00+00:00,836.37,844.73,806.81,815.71,35384,200
2020-06-09 08:00:00+00:00,819.68,843.74,809.36,835.56,34148,200
2020-06-10 08:00:00+00:00,839.74,843.38,820.06,834.66,31088,200
2020-06-11 08:00:00+00:00,833.58,845.23,816.22,840.58,39489,2620
2020-06-12 08:00:00+00:00,832.36,840.28,802.8,814.11,42291,710
2020-06-13 08:00:00+00:00,806.09,830.26,798.45,808.01,42040,230
2020-06-16 08:00:00+00:00,804.83,821.61,784.91,814.49,51529,2010
2020-06-17 08:00:00+00:00,808.79,831.76,808.36,820.92,53658,1920
2020-06-18 08:00:00+00:00,813.63,830.35,811.45,819.44,43346,3670
2020-06-19 08:00:00+00:00,808.77,825.73,801.17,806.14,56165,450
2020-06-20 08:00:00+00:00,803.38,831.79,803.38,806.07,49627,200
2020-06-23 08:00:00+00:00,803.81,834.75,792.77,820.04,54015,2220
2020-06-24 08:00:00+00:00,819.89,832.99,809.55,826.3,42375,1720
2020-06-25 08:00:00+00:00,823.75,832.83,798.51,800.75,57756,200
2020-06-26 08:00:00+00:00,800.12,808.27,793.3,803.0,41736,1130
2020-06-27 08:00:00+00:00,803.79,810.02,791.97,801.18,50260,900
2020-06-30 08:00:00+00:00,797.53,818.73,796.03,814.32,30409,2240
2020-07-01 08:00:00+00:00,814.32,831.92,807.8,825.33,23538,200
2020-07-02 08:00:00+00:00,827.56,836.55,806.22,823.26,35702,200
2020-07-03 08:00:00+00:00,822.88,826.67,810.89,814.29,26852,570
2020-07-04 08:00:00+00:00,816.19,818.51,806.43,815.29,11390,1980
2020-07-07 08:00:00+00:00,799.61,834.85,794.09,825.64,27216,410
2020-07-08 08:00:00+00:00,819.93,843.95,819.07,836.83,28956,350
2020-07-09 08:00:00+00:00,833.26,855.84,832.29,848.95,33240,260
2020-07-10 08:00:00+00:00,844.93,860.5,824.95,835.01,39193,200
2020-07-11 08:00:00+00:00,830.61,845.74,819.0,819.0,29807,200
2020-07-14 08:00:00+00:00,821.36,849.68,816.6,836.03,43165,1440
2020-07-15 08:00:00+00:00,832.15,837.52,815.96,829.05,44377,380
2020-07-16 08:00:00+00:00,829.37,841.25,823.66,828.72,31830,200
2020-07-17 08:00:00+00:00,829.56,837.95,817.55,821.48,29283,200
2020-07-18 08:00:00+00:00,821.16,842.5,820.31,834.39,24186,200
2020-07-21 08:00:00+00:00,827.93,852.14,827.65,847.27,33854,990
2020-07-22 08:00:00+00:00,847.97,890.15,842.75,881.0,65421,200
2020-07-23 08:00:00+00:00,881.61,923.36,871.85,922.11,98084,200
2020-07-24 08:00:00+00:00,922.4,931.41,902.49,920.54,82862,200
2020-07-25 08:00:00+00:00,913.95,931.65,898.28,910.23,84234,230
2020-07-28 08:00:00+00:00,907.66,946.2,907.66,944.24,86498,200
2020-07-29 08:00:00+00:00,941.68,963.67,904.35,955.39,105099,200
2020-07-30 08:00:00+00:00,954.83,958.27,922.36,934.73,87827,200
2020-07-31 08:00:00+00:00,929.73,937.99,880.89,903.16,103216,680
2020-08-01 08:00:00+00:00,899.1,915.53,895.65,899.42,122283,200
2020-08-04 08:00:00+00:00,894.21,921.87,894.21,920.03,70937,960
2020-08-05 08:00:00+00:00,922.08,939.47,911.38,935.44,93383,200
2020-08-06 08:00:00+00:00,935.7,981.15,924.77,967.22,125108,200
2020-08-07 08:00:00+00:00,967.72,999.86,963.88,995.57,80126,200
2020-08-08 08:00:00+00:00,992.84,1004.33,945.03,958.78,117605,400
2020-08-11 08:00:00+00:00,953.13,1004.04,952.25,985.31,115386,200
2020-08-12 08:00:00+00:00,977.46,986.34,930.29,932.59,158935,200
2020-08-13 08:00:00+00:00,922.78,960.53,913.45,931.94,105566,200
2020-08-14 08:00:00+00:00,930.83,966.74,928.73,958.13,117935,500
2020-08-15 08:00:00+00:00,950.08,965.86,938.205,942.68,107061,500
2020-08-18 08:00:00+00:00,943.31,960.34,938.61,951.51,79452,500
2020-08-19 08:00:00+00:00,949.65,973.17,942.22,958.95,86648,500
2020-08-20 08:00:00+00:00,954.17,963.54,927.24,930.56,72339,870
2020-08-21 08:00:00+00:00,925.67,944.24,904.5,919.17,72394,2130
2020-08-22 08:00:00+00:00,913.72,926.69,893.16,917.22,56488,500
2020-08-25 08:00:00+00:00,912.05,938.47,911.87,918.09,37706,500
2020-08-26 08:00:00+00:00,912.7,935.03,912.7,928.12,44059,1340
2020-08-27 08:00:00+00:00,920.44,935.23,910.03,933.72,44254,560
2020-08-28 08:00:00+00:00,935.5,947.97,909.19,923.08,51618,500
2020-08-29 08:00:00+00:00,920.39,941.29,918.89,924.76,56605,500
2020-09-01 08:00:00+00:00,929.33,941.3,923.88,930.15,54064,500
2020-09-02 08:00:00+00:00,925.0,961.94,925.0,943.92,68748,500
2020-09-03 08:00:00+00:00,938.5,946.53,897.05,907.53,69315,500
2020-09-04 08:00:00+00:00,897.34,916.96,885.27,890.3,70357,500
2020-09-05 08:00:00+00:00,885.57,914.565,885.57,903.4,65987,500
2020-09-08 08:00:00+00:00,897.38,908.41,896.38,906.97,27800,500
2020-09-09 08:00:00+00:00,908.29,918.38,891.78,900.15,60887,1230
2020-09-10 08:00:00+00:00,899.85,924.76,896.69,920.74,44679,500
2020-09-11 08:00:00+00:00,906.94,942.88,906.94,928.15,54647,570
2020-09-12 08:00:00+00:00,916.55,944.22,916.55,926.05,61720,780
2020-09-15 08:00:00+00:00,924.04,958.79,923.37,955.75,62751,690
2020-09-16 08:00:00+00:00,944.37,976.35,944.37,970.72,67742,1320
2020-09-17 08:00:00+00:00,962.7,981.7,960.73,970.85,69749,500
2020-09-18 08:00:00+00:00,970.78,972.03,921.95,938.89,98039,500
2020-09-19 08:00:00+00:00,919.92,947.81,911.04,928.05,86926,500
2020-09-22 08:00:00+00:00,929.58,943.67,857.82,886.2,125282,1300
2020-09-23 08:00:00+00:00,883.8,896.38,863.54,869.31,108161,500
2020-09-24 08:00:00+00:00,853.3,879.17,833.89,841.85,123016,500
2020-09-25 08:00:00+00:00,824.43,853.21,824.43,850.85,126008,500
2020-09-26 08:00:00+00:00,838.9,864.11,834.75,842.62,102718,500
2020-09-29 08:00:00+00:00,841.05,887.77,841.0,879.3,70156,500
2020-09-30 08:00:00+00:00,881.17,892.11,873.0,884.22,103768,590
2020-10-01 08:00:00+00:00,882.69,906.44,868.98,891.58,128810,500
2020-10-02 08:00:00+00:00,879.55,909.49,879.55,898.05,121704,1100
2020-10-03 08:00:00+00:00,885.0,899.55,879.05,879.31,95028,570
2020-10-06 08:00:00+00:00,876.95,904.32,873.33,899.23,69812,500
2020-10-07 08:00:00+00:00,898.28,901.75,850.25,851.82,57335,600
2020-10-08 08:00:00+00:00,840.63,872.69,840.63,866.77,85307,1470
2020-10-09 08:00:00+00:00,866.33,876.59,859.03,866.47,73825,700
2020-10-10 08:00:00+00:00,868.02,897.29,857.12,889.27,73747,670
2020-10-13 08:00:00+00:00,888.6,893.26,868.17,876.9,66815,500
2020-10-14 08:00:00+00:00,862.09,880.69,862.09,867.82,106390,510
2020-10-15 08:00:00+00:00,855.36,879.76,855.36,859.81,99462,500
2020-10-16 08:00:00+00:00,847.15,868.46,841.74,865.58,109039,500
2020-10-17 08:00:00+00:00,851.26,877.7,851.26,862.3,87291,500
2020-10-20 08:00:00+00:00,860.38,880.195,853.17,859.19,79526,500
2020-10-21 08:00:00+00:00,845.67,882.42,845.67,875.43,101640,500
2020-10-22 08:00:00+00:00,875.95,895.845,873.32,888.75,81194,860
2020-10-23 08:00:00+00:00,890.12,892.9,862.35,885.56,78168,530
2020-10-24 08:00:00+00:00,870.24,918.51,870.24,903.16,79242,500
2020-10-27 08:00:00+00:00,899.27,904.55,871.51,874.32,100904,500
2020-10-28 08:00:00+00:00,870.86,888.23,870.52,882.2,88878,1130
2020-10-29 08:00:00+00:00,867.96,887.88,857.21,869.1,112410,520
2020-10-30 08:00:00+00:00,855.89,877.03,845.74,848.42,104788,610
2020-10-31 08:00:00+00:00,836.75,861.965,836.75,846.645,110722,410
2020-11-03 08:00:00+00:00,844.975,865.305,837.365,860.725,54256,410
2020-11-04 08:00:00+00:00,860.655,884.87,847.605,869.985,55073,350
2020-11-05 08:00:00+00:00,871.145,879.975,849.085,871.315,65941,390
2020-11-06 08:00:00+00:00,870.345,907.365,856.365,895.065,47358,380
2020-11-07 08:00:00+00:00,895.295,913.97,882.185,893.865,49404,710
2020-11-10 08:00:00+00:00,897.865,906.485,850.285,868.935,76067,350
2020-11-11 08:00:00+00:00,863.855,894.045,854.435,885.225,50972,350
2020-11-12 08:00:00+00:00,885.495,891.925,859.675,867.605,45546,360
2020-11-13 08:00:00+00:00,867.035,886.025,852.695,882.615,46150,460
2020-11-14 08:00:00+00:00,882.905,897.81,868.405,890.715,35331,790
2020-11-17 08:00:00+00:00,892.905,928.975,889.795,928.115,54620,410
2020-11-18 08:00:00+00:00,927.355,937.385,919.255,929.215,35837,350
2020-11-19 08:00:00+00:00,928.105,955.665,908.425,944.325,31981,360
2020-11-20 08:00:00+00:00,943.155,954.235,928.875,952.285,35506,350
2020-11-21 08:00:00+00:00,948.22,964.445,934.395,947.215,25541,390
2020-11-24 08:00:00+00:00,945.595,952.595,918.215,930.025,36568,350
2020-11-25 08:00:00+00:00,928.105,963.945,915.045,962.105,47758,590
2020-11-26 08:00:00+00:00,961.475,970.305,948.135,966.225,34671,1100
2020-11-27 08:00:00+00:00,966.105,970.595,951.915,963.905,14876,1490
2020-11-28 08:00:00+00:00,966.695,971.455,946.385,965.395,28213,660
2020-12-01 08:00:00+00:00,960.005,979.865,953.005,965.425,63076,2890
2020-12-02 08:00:00+00:00,961.13,1002.775,955.165,1000.365,52403,520
2020-12-03 08:00:00+00:00,997.14,1018.055,980.895,1013.275,46159,2460
2020-12-04 08:00:00+00:00,1009.905,1036.695,998.395,1030.795,46541,1710
2020-12-05 08:00:00+00:00,1027.645,1080.07,1019.295,1055.935,48941,2580
2020-12-08 08:00:00+00:00,1052.235,1065.185,1003.075,1020.495,55173,1230
2020-12-09 08:00:00+00:00,1007.765,1033.245,1007.765,1025.465,45133,4590
2020-12-10 08:00:00+00:00,1009.655,1030.945,991.005,1001.435,48490,2000
2020-12-11 08:00:00+00:00,987.605,1038.975,987.605,1027.275,48535,2960
2020-12-12 08:00:00+00:00,1013.405,1034.805,1001.135,1008.605,49430,510
2020-12-15 08:00:00+00:00,1004.005,1026.675,997.305,1005.445,47078,3930
2020-12-16 08:00:00+00:00,1003.015,1038.425,994.165,1036.435,55024,4070
2020-12-17 08:00:00+00:00,1022.025,1050.365,1016.825,1035.125,51156,860
2020-12-18 08:00:00+00:00,1033.455,1059.045,1025.875,1044.545,31787,520
2020-12-19 08:00:00+00:00,1041.79,1052.465,1025.515,1036.255,50237,2600
2020-12-22 08:00:00+00:00,1035.165,1054.415,910.905,1011.015,65786,2380
2020-12-23 08:00:00+00:00,1010.495,1021.335,987.3,1004.175,69840,370
2020-12-24 08:00:00+00:00,1002.825,1021.305,991.215,1015.175,60554,1670
2020-12-25 08:00:00+00:00,999.675,1029.135,999.675,1025.865,39283,350
2020-12-29 08:00:00+00:00,1023.005,1050.405,1023.005,1026.695,51781,3250
2020-12-30 08:00:00+00:00,1013.195,1062.155,1013.195,1049.225,35401,1180
2020-12-31 08:00:00+00:00,1045.34,1070.575,1045.34,1068.305,38834,2650
2021-01-01 08:00:00+00:00,1067.675,1081.135,1059.405,1069.435,28917,2790
2021-01-05 08:00:00+00:00,1073.485,1130.535,1040.68,1071.445,53961,350
2021-01-06 08:00:00+00:00,1070.345,1116.245,1058.115,1111.565,50592,770
2021-01-07 08:00:00+00:00,1112.135,1115.685,1078.345,1102.135,73915,1540
2021-01-08 08:00:00+00:00,1100.225,1122.835,1088.605,1116.915,35001,1750
2021-01-09 08:00:00+00:00,1102.905,1129.195,1051.325,1065.815,47960,350
2021-01-12 08:00:00+00:00,1060.125,1067.815,1008.115,1033.635,54560,2080
2021-01-13 08:00:00+00:00,1028.955,1077.655,1023.085,1076.075,45644,820
2021-01-14 08:00:00+00:00,1073.905,1107.545,1059.825,1098.265,53004,1000
2021-01-15 08:00:00+00:00,1078.355,1121.915,1078.355,1118.275,49471,2120
2021-01-16 08:00:00+00:00,1118.815,1122.385,1070.485,1072.315,58348,920
2021-01-19 08:00:00+00:00,1069.555,1088.695,1065.465,1080.095,39763,2475
2021-01-20 08:00:00+00:00,1080.095,1102.705,1074.845,1084.365,54388,1860
2021-01-21 08:00:00+00:00,1070.125,1117.335,1070.125,1110.605,69359,660
2021-01-22 08:00:00+00:00,1108.1,1154.125,1097.14,1126.345,56867,2050
2021-01-23 08:00:00+00:00,1123.245,1129.405,1085.375,1099.085,57429,1640
2021-01-26 08:00:00+00:00,1096.125,1118.125,1079.775,1098.765,49647,2440
2021-01-27 08:00:00+00:00,1081.975,1107.005,1077.985,1099.015,48723,2050
2021-01-28 08:00:00+00:00,1095.555,1100.445,1059.195,1066.745,66218,1650
2021-01-29 08:00:00+00:00,1062.815,1099.075,1050.775,1069.345,79348,770
2021-01-30 08:00:00+00:00,1067.585,1113.515,1064.465,1073.185,78805,1710
2021-02-02 08:00:00+00:00,1082.625,1132.565,1080.505,1129.175,101240,1400
2021-02-03 08:00:00+00:00,1112.555,1128.705,1084.685,1093.765,63458,2990
2021-02-04 08:00:00+00:00,1094.545,1108.935,1083.395,1103.085,79232,380
2021-02-05 08:00:00+00:00,1101.875,1104.115,1076.755,1099.705,67845,3110
2021-02-06 08:00:00+00:00,1082.725,1127.425,1082.725,1124.525,56183,380
2021-02-09 08:00:00+00:00,1124.575,1173.835,1124.425,1160.225,59096,1520
2021-02-10 08:00:00+00:00,1159.895,1191.665,1152.605,1179.045,72904,2960
2021-02-11 08:00:00+00:00,1179.585,1251.305,1173.705,1242.965,76499,2480
2021-02-12 08:00:00+00:00,1242.555,1270.995,1224.125,1235.915,61871,2350
2021-02-13 08:00:00+00:00,1219.025,1254.545,1207.775,1251.395,64641,2360
2021-02-16 08:00:00+00:00,1254.045,1304.955,1253.975,1303.175,37123,460
2021-02-17 08:00:00+00:00,1303.265,1337.365,1256.405,1261.455,93696,1040
2021-02-18 08:00:00+00:00,1262.115,1263.405,1222.825,1253.165,113701,790
2021-02-19 08:00:00+00:00,1249.525,1286.695,1240.605,1271.955,93820,2190
2021-02-20 08:00:00+00:00,1269.505,1299.635,1230.025,1270.155,119403,2680
2021-02-23 08:00:00+00:00,1281.645,1300.755,1259.825,1273.615,74664,1900
2021-02-24 08:00:00+00:00,1274.485,1277.105,1209.735,1238.405,95911,350
2021-02-25 08:00:00+00:00,1240.745,1271.185,1228.455,1268.705,85396,1960
2021-02-26 08:00:00+00:00,1267.945,1269.825,1216.685,1216.685,78245,350
2021-02-27 08:00:00+00:00,1214.665,1233.645,1166.705,1186.805,99569,1510
2021-03-02 08:00:00+00:00,1185.065,1228.335,1184.305,1186.645,69462,1460
2021-03-03 08:00:00+00:00,1181.825,1214.685,1169.885,1205.495,116221,1330
2021-03-04 08:00:00+00:00,1201.965,1212.635,1162.705,1163.845,87532,960
2021-03-05 08:00:00+00:00,1164.845,1179.755,1117.955,1126.555,146414,1770
2021-03-06 08:00:00+00:00,1124.445,1133.435,1108.425,1127.995,119190,950
2021-03-09 08:00:00+00:00,1131.455,1156.265,1118.115,1138.155,136093,500
2021-03-10 08:00:00+00:00,1138.925,1179.205,1135.785,1170.295,84715,2270
2021-03-11 08:00:00+00:00,1170.035,1207.675,1152.825,1204.975,81809,2020
2021-03-12 08:00:00+00:00,1202.925,1229.495,1191.755,1198.065,95175,910
2021-03-13 08:00:00+00:00,1194.185,1211.055,1169.775,1206.065,112233,720
2021-03-16 08:00:00+00:00,1210.025,1221.935,1198.865,1215.185,113606,1920
2021-03-17 08:00:00+00:00,1214.585,1236.885,1202.985,1214.815,93570,790
2021-03-18 08:00:00+00:00,1213.475,1219.605,1186.495,1214.295,102754,1880
2021-03-19 08:00:00+00:00,1214.295,1230.575,1204.485,1208.925,144426,2000
2021-03-20 08:00:00+00:00,1205.525,1213.445,1170.205,1196.565,115110,1600
2021-03-23 08:00:00+00:00,1190.655,1192.665,1162.175,1185.345,86150,1730
2021-03-24 08:00:00+00:00,1181.155,1194.585,1166.555,1166.875,111885,1270
2021-03-25 08:00:00+00:00,1167.055,1188.345,1159.475,1169.675,77983,1650
2021-03-26 08:00:00+00:00,1169.445,1181.815,1143.045,1150.255,91133,380
2021-03-27 08:00:00+00:00,1150.235,1184.545,1148.245,1178.345,104606,1230
2021-03-30 08:00:00+00:00,1183.865,1199.175,1161.145,1177.895,44284,610
2021-03-31 08:00:00+00:00,1177.825,1185.455,1153.155,1157.845,73045,1870
2021-04-01 08:00:00+00:00,1157.425,1194.415,1154.625,1182.965,83652,940
2021-04-02 08:00:00+00:00,1181.235,1212.485,1173.605,1212.025,78825,2020
2021-04-06 08:00:00+00:00,1209.165,1219.435,1192.725,1210.625,32467,530
2021-04-07 08:00:00+00:00,1210.615,1243.745,1199.325,1238.785,44119,530
2021-04-08 08:00:00+00:00,1235.435,1246.685,1221.715,1227.655,39180,1230
2021-04-09 08:00:00+00:00,1226.055,1237.755,1216.695,1230.115,30340,2890
2021-04-10 08:00:00+00:00,1229.175,1232.595,1189.635,1201.705,26604,1980
2021-04-13 08:00:00+00:00,1200.775,1203.705,1165.955,1172.055,29521,2970
2021-04-14 08:00:00+00:00,1171.595,1184.695,1154.545,1158.565,43464,1670
2021-04-15 08:00:00+00:00,1157.205,1185.985,1156.125,1171.695,57151,2560
2021-04-16 08:00:00+00:00,1171.005,1205.755,1171.005,1196.315,57531,1550
2021-04-17 08:00:00+00:00,1190.925,1210.525,1190.925,1202.055,23777,3080
2021-04-20 08:00:00+00:00,1200.735,1229.955,1200.735,1209.115,25461,2660
2021-04-21 08:00:00+00:00,1209.995,1212.565,1183.905,1187.455,31371,1670
2021-04-22 08:00:00+00:00,1183.375,1220.765,1183.375,1214.795,28945,1630
2021-04-23 08:00:00+00:00,1211.315,1218.905,1198.365,1205.825,28629,2460
2021-04-24 08:00:00+00:00,1202.565,1253.025,1202.455,1227.085,32022,2260
2021-04-27 08:00:00+00:00,1230.845,1248.155,1224.565,1244.085,27123,3000
2021-04-28 08:00:00+00:00,1244.255,1256.075,1227.205,1227.435,24197,3890
2021-04-29 08:00:00+00:00,1226.195,1229.085,1205.635,1219.455,49661,3060
2021-04-30 08:00:00+00:00,1218.555,1230.675,1173.635,1200.875,44206,940
2021-05-01 08:00:00+00:00,1195.975,1225.575,1195.975,1197.565,50547,1930
2021-05-04 08:00:00+00:00,1191.875,1244.475,1191.345,1230.095,37747,2510
2021-05-05 08:00:00+00:00,1230.525,1268.275,1216.975,1238.545,46246,2080
2021-05-06 08:00:00+00:00,1233.715,1240.745,1211.805,1228.615,32947,2750
2021-05-07 08:00:00+00:00,1222.185,1254.755,1215.925,1252.915,55997,2380
2021-05-08 08:00:00+00:00,1253.125,1268.835,1237.925,1253.775,71263,2440
2021-05-11 08:00:00+00:00,1253.265,1277.935,1246.965,1248.745,77025,3140
2021-05-12 08:00:00+00:00,1244.655,1252.115,1214.535,1236.105,49904,3960
2021-05-13 08:00:00+00:00,1233.925,1248.045,1211.385,1212.245,94926,3070
2021-05-14 08:00:00+00:00,1212.735,1222.485,1199.425,1208.625,81063,2420
2021-05-15 08:00:00+00:00,1204.975,1232.815,1197.145,1226.135,91520,3090
2021-05-18 08:00:00+00:00,1226.915,1244.735,1222.225,1239.565,95474,2830
2021-05-19 08:00:00+00:00,1237.785,1249.615,1211.815,1218.585,103226,2800
2021-05-20 08:00:00+00:00,1214.255,1226.345,1184.715,1192.645,117244,1650
2021-05-21 08:00:00+00:00,1192.605,1209.995,1186.635,1195.345,39091,4690
2021-05-22 08:00:00+00:00,1190.615,1205.085,1161.535,1161.535,39279,4480
2021-05-25 08:00:00+00:00,1163.715,1182.335,1161.115,1176.895,87913,2860
2021-05-26 08:00:00+00:00,1175.655,1198.025,1167.165,1193.445,95197,3370
2021-05-27 08:00:00+00:00,1187.895,1215.055,1187.895,1192.785,92178,3100
2021-05-28 08:00:00+00:00,1186.775,1198.895,1170.335,1180.805,90956,3460
2021-05-29 08:00:00+00:00,1179.605,1185.135,1168.025,1179.935,95402,3160
2021-06-01 08:00:00+00:00,1184.675,1190.725,1181.185,1188.825,34033,4040
2021-06-02 08:00:00+00:00,1186.175,1207.305,1175.525,1193.005,109012,3320
2021-06-03 08:00:00+00:00,1190.395,1196.885,1177.155,1192.125,73545,2070
2021-06-04 08:00:00+00:00,1187.685,1196.255,1149.195,1161.125,95462,2100
2021-06-05 08:00:00+00:00,1160.395,1168.755,1140.535,1166.395,102142,2670
2021-06-08 08:00:00+00:00,1168.555,1177.865,1160.825,1174.845,92208,2520
2021-06-09 08:00:00+00:00,1168.525,1178.585,1155.175,1163.145,90750,2870
2021-06-10 08:00:00+00:00,1155.935,1166.565,1150.075,1151.265,78119,1870
2021-06-11 08:00:00+00:00,1151.145,1154.715,1128.095,1154.025,108076,2770
2021-06-12 08:00:00+00:00,1143.855,1161.315,1143.855,1146.825,89924,2230
2021-06-15 08:00:00+00:00,1148.235,1173.695,1139.665,1166.215,99639,1520
2021-06-16 08:00:00+00:00,1165.455,1169.905,1146.145,1154.165,84247,2640
2021-06-17 08:00:00+00:00,1153.785,1155.195,1116.875,1122.485,93844,2170
2021-06-18 08:00:00+00:00,1121.695,1132.495,1046.985,1059.175,112240,2060
2021-06-19 08:00:00+00:00,1061.445,1086.105,1038.055,1038.465,59556,3090
2021-06-22 08:00:00+00:00,1039.745,1062.385,1025.105,1060.265,71917,2950
2021-06-23 08:00:00+00:00,1058.835,1079.705,1056.265,1076.745,55132,2820
2021-06-24 08:00:00+00:00,1070.815,1097.525,1070.815,1085.105,83509,1890
2021-06-25 08:00:00+00:00,1085.855,1097.495,1071.095,1094.175,46967,3510
2021-06-26 08:00:00+00:00,1094.055,1111.555,1092.815,1105.335,52477,3460
2021-06-29 08:00:00+00:00,1106.655,1112.925,1090.055,1090.055,41098,2730
2021-06-30 08:00:00+00:00,1088.445,1096.785,1062.315,1066.805,51518,2200
2021-07-01 08:00:00+00:00,1066.495,1077.265,1051.285,1073.225,60175,1660
2021-07-02 08:00:00+00:00,1072.835,1096.105,1061.255,1083.055,61613,2650
2021-07-03 08:00:00+00:00,1082.365,1096.945,1074.565,1089.185,63293,2780
2021-07-06 08:00:00+00:00,1088.165,1105.795,1087.335,1101.625,26416,2860
2021-07-07 08:00:00+00:00,1101.625,1118.775,1077.125,1091.495,56437,2800
2021-07-08 08:00:00+00:00,1088.815,1103.095,1073.655,1087.285,62673,2650
2021-07-09 08:00:00+00:00,1084.055,1088.835,1067.065,1076.045,59222,1240
2021-07-10 08:00:00+00:00,1074.535,1104.905,1071.315,1099.875,47048,1670
2021-07-13 08:00:00+00:00,1098.215,1126.705,1090.075,1119.795,49994,2430
2021-07-14 08:00:00+00:00,1118.495,1124.425,1097.185,1106.205,42432,2650
2021-07-15 08:00:00+00:00,1104.365,1136.565,1103.025,1132.005,68819,1280
2021-07-16 08:00:00+00:00,1131.645,1146.985,1126.475,1140.705,74234,1110
2021-07-17 08:00:00+00:00,1140.765,1142.685,1097.745,1100.515,66121,1190
2021-07-20 08:00:00+00:00,1103.305,1109.555,1065.295,1074.535,76725,1600
2021-07-21 08:00:00+00:00,1074.965,1087.455,1057.025,1066.955,52702,2370
2021-07-22 08:00:00+00:00,1062.775,1083.275,1062.775,1080.695,62817,1230
2021-07-23 08:00:00+00:00,1076.965,1095.085,1074.585,1093.505,52526,990
2021-07-24 08:00:00+00:00,1089.465,1098.275,1044.955,1061.275,63315,640
2021-07-27 08:00:00+00:00,1060.765,1075.735,1056.995,1066.595,52422,1910
2021-07-28 08:00:00+00:00,1064.545,1071.805,1046.045,1052.555,79138,790
2021-07-29 08:00:00+00:00,1050.675,1070.675,1043.445,1066.635,77830,2080
2021-07-30 08:00:00+00:00,1064.865,1082.225,1060.015,1060.685,67230,2410
2021-07-31 08:00:00+00:00,1057.055,1062.795,1037.005,1048.035,66480,1390
2021-08-03 08:00:00+00:00,1049.045,1069.055,1048.995,1056.025,67424,350
2021-08-04 08:00:00+00:00,1056.625,1059.945,1041.815,1048.955,42423,1720
2021-08-05 08:00:00+00:00,1048.245,1055.575,1021.605,1026.295,66505,620
2021-08-06 08:00:00+00:00,1025.805,1027.675,1005.605,1006.355,73403,960
2021-08-07 08:00:00+00:00,1006.115,1010.975,976.325,980.915,70529,1200
2021-08-10 08:00:00+00:00,981.715,990.215,959.085,980.985,77418,580
2021-08-11 08:00:00+00:00,980.565,1004.975,976.895,997.645,70074,1740
2021-08-12 08:00:00+00:00,998.265,1024.755,996.325,1020.445,70383,990
2021-08-13 08:00:00+00:00,1020.765,1027.995,1009.575,1020.675,62170,1870
2021-08-14 08:00:00+00:00,1020.985,1033.595,1015.825,1028.825,60068,2130
2021-08-17 08:00:00+00:00,1029.515,1030.775,1006.475,1024.185,71404,1530
2021-08-18 08:00:00+00:00,1024.365,1031.535,992.535,997.845,94380,1290
2021-08-19 08:00:00+00:00,998.115,1015.665,990.125,997.155,93240,1260
2021-08-20 08:00:00+00:00,997.275,1001.235,962.075,974.895,125467,2250
2021-08-21 08:00:00+00:00,974.845,1001.175,971.975,994.935,71430,1430
2021-08-24 08:00:00+00:00,994.505,1022.165,993.195,1015.795,88050,2250
2021-08-25 08:00:00+00:00,1013.485,1024.275,1004.545,1011.965,74538,350
2021-08-26 08:00:00+00:00,1012.085,1014.755,989.595,997.065,70614,1490
2021-08-27 08:00:00+00:00,993.045,1001.495,978.995,981.065,72996,500
2021-08-28 08:00:00+00:00,978.075,1013.255,978.075,1009.465,69188,1570
2021-08-31 08:00:00+00:00,1008.895,1019.905,999.135,1007.965,58631,510
2021-09-01 08:00:00+00:00,1004.215,1021.925,997.525,1013.615,65799,1280
2021-09-02 08:00:00+00:00,1011.075,1019.675,998.815,1003.865,66775,1750
2021-09-03 08:00:00+00:00,998.265,1012.265,991.765,1000.395,69396,690
2021-09-04 08:00:00+00:00,999.635,1030.465,991.285,1022.765,75004,1180
2021-09-07 08:00:00+00:00,1025.275,1030.665,1018.185,1023.995,32618,1750
2021-09-08 08:00:00+00:00,1022.715,1026.935,995.405,1000.995,66118,1980
2021-09-09 08:00:00+00:00,1000.845,1009.475,978.315,981.235,54600,1020
2021-09-10 08:00:00+00:00,981.115,992.215,974.555,977.385,60289,660
2021-09-11 08:00:00+00:00,975.335,988.385,950.365,955.945,51188,920
2021-09-14 08:00:00+00:00,953.645,965.665,951.005,963.125,48894,1170
2021-09-15 08:00:00+00:00,963.035,964.335,936.375,940.345,62061,1050
2021-09-16 08:00:00+00:00,939.555,949.805,924.435,944.175,48173,350
2021-09-17 08:00:00+00:00,945.035,958.855,930.155,931.905,56379,2570
2021-09-18 08:00:00+00:00,931.635,960.645,931.635,936.095,58795,2290
2021-09-21 08:00:00+00:00,941.885,943.965,902.365,911.455,54864,1510
2021-09-22 08:00:00+00:00,907.425,960.485,907.425,954.115,56903,1480
2021-09-23 08:00:00+00:00,951.945,1012.025,949.425,995.825,66395,1950
2021-09-24 08:00:00+00:00,994.355,1013.675,982.385,989.395,52815,1860
2021-09-25 08:00:00+00:00,986.335,994.675,966.815,981.935,53798,2480
2021-09-28 08:00:00+00:00,982.125,1001.655,977.355,980.425,49763,3000
2021-09-29 08:00:00+00:00,978.055,988.415,962.145,965.285,41184,2020
2021-09-30 08:00:00+00:00,962.805,974.985,941.985,950.485,51644,2340
2021-10-01 08:00:00+00:00,949.965,971.525,938.225,963.265,56934,2790
2021-10-02 08:00:00+00:00,960.045,980.745,955.055,969.745,46540,1810
2021-10-05 08:00:00+00:00,967.195,982.765,946.915,966.745,40434,2340
2021-10-06 08:00:00+00:00,964.625,968.975,942.375,962.415,54655,2990
2021-10-07 08:00:00+00:00,962.445,989.195,941.335,985.545,53021,3320
2021-10-08 08:00:00+00:00,983.875,997.965,975.705,980.085,47610,2960
2021-10-09 08:00:00+00:00,977.175,1040.865,977.175,1021.675,59827,2340
2021-10-12 08:00:00+00:00,1030.205,1038.855,1005.085,1008.305,60480,1800
2021-10-13 08:00:00+00:00,1004.535,1020.785,1001.465,1006.495,50434,2610
2021-10-14 08:00:00+00:00,1006.585,1031.795,1003.165,1019.035,53689,2760
2021-10-15 08:00:00+00:00,1017.825,1063.545,1015.065,1055.485,46774,1910
2021-10-16 08:00:00+00:00,1054.455,1061.835,1039.595,1054.805,65434,1880
2021-10-19 08:00:00+00:00,1050.735,1061.025,1033.455,1035.665,63777,2510
2021-10-20 08:00:00+00:00,1032.825,1057.735,1031.295,1039.545,61856,2610
2021-10-21 08:00:00+00:00,1039.055,1055.685,1034.075,1050.415,43096,2330
2021-10-22 08:00:00+00:00,1050.625,1065.055,1035.645,1050.025,59602,2730
2021-10-23 08:00:00+00:00,1046.915,1077.695,1037.875,1037.875,64970,1710
2021-10-26 08:00:00+00:00,1039.475,1064.265,1037.195,1059.325,45283,1450
2021-10-27 08:00:00+00:00,1056.755,1060.515,1012.095,1027.745,44539,1210
2021-10-28 08:00:00+00:00,1026.505,1032.385,1009.655,1009.655,60212,2690
2021-10-29 08:00:00+00:00,1008.385,1034.735,996.635,1018.915,64176,2470
2021-10-30 08:00:00+00:00,1016.655,1025.445,1003.275,1014.445,61563,2620
2021-11-02 08:00:00+00:00,1017.775,1066.565,1017.655,1065.505,51936,2390
2021-11-03 08:00:00+00:00,1064.125,1066.105,1037.155,1037.515,44617,2410
2021-11-04 08:00:00+00:00,1035.835,1048.325,1015.715,1028.585,58214,900
2021-11-05 08:00:00+00:00,1028.355,1049.395,1025.105,1026.615,49967,2090
2021-11-06 08:00:00+00:00,1023.005,1041.885,1015.545,1028.895,53279,3080
2021-11-09 08:00:00+00:00,1031.475,1064.335,1031.285,1054.965,35934,2120
2021-11-10 08:00:00+00:00,1054.905,1064.745,1043.735,1058.765,43449,2090
2021-11-11 08:00:00+00:00,1056.715,1093.385,1051.085,1066.455,55308,1500
2021-11-12 08:00:00+00:00,1065.015,1093.415,1064.445,1081.985,43138,1680
2021-11-13 08:00:00+00:00,1082.135,1091.485,1066.435,1077.805,42332,1330
2021-11-16 08:00:00+00:00,1082.625,1095.805,1069.325,1085.685,43648,3230
2021-11-17 08:00:00+00:00,1084.345,1104.465,1060.495,1061.835,50504,2410
2021-11-18 08:00:00+00:00,1058.705,1075.105,1053.785,1057.295,39174,2670
2021-11-19 08:00:00+00:00,1054.935,1074.325,1043.915,1048.385,44088,2730
2021-11-20 08:00:00+00:00,1044.755,1061.325,1027.285,1027.285,47107,3000
2021-11-23 08:00:00+00:00,1027.605,1041.415,1010.405,1011.105,48755,1900
2021-11-24 08:00:00+00:00,1008.535,1021.355,956.855,968.215,67142,1460
2021-11-25 08:00:00+00:00,965.725,984.925,965.725,973.835,60574,3160
2021-11-26 08:00:00+00:00,973.455,1000.665,973.455,997.145,23807,2860
2021-11-27 08:00:00+00:00,994.985,998.005,948.315,954.155,61381,2000
2021-11-30 08:00:00+00:00,973.225,981.435,961.965,961.965,62627,1860
2021-12-01 08:00:00+00:00,960.805,971.365,929.435,934.275,85171,2140
2021-12-02 08:00:00+00:00,935.515,959.225,930.545,933.845,70325,3420
2021-12-03 08:00:00+00:00,930.855,952.755,930.855,938.565,55759,1770
2021-12-04 08:00:00+00:00,935.105,956.575,923.055,929.335,48572,2590
2021-12-07 08:00:00+00:00,934.015,945.585,922.735,937.775,60102,1960
2021-12-08 08:00:00+00:00,933.445,962.885,933.445,952.765,55331,1680
2021-12-09 08:00:00+00:00,950.145,967.575,947.445,957.035,48193,2150
2021-12-10 08:00:00+00:00,956.815,960.185,933.735,935.725,47489,1640
2021-12-11 08:00:00+00:00,929.755,948.585,925.745,936.775,37550,1070
2021-12-14 08:00:00+00:00,944.715,953.975,925.195,930.115,37039,2050
2021-12-15 08:00:00+00:00,925.635,935.305,909.405,920.485,41544,3160
2021-12-16 08:00:00+00:00,916.585,925.065,893.495,918.805,54338,2700
2021-12-17 08:00:00+00:00,914.435,939.765,895.455,935.855,43427,800
2021-12-18 08:00:00+00:00,932.115,947.175,923.535,923.655,36335,3390
2021-12-21 08:00:00+00:00,931.655,935.995,917.135,933.805,53370,2600
2021-12-22 08:00:00+00:00,930.795,944.145,926.275,934.085,40435,1270
2021-12-23 08:00:00+00:00,932.005,969.925,930.785,964.315,35711,2490
2021-12-24 08:00:00+00:00,964.055,976.585,956.695,970.855,27216,2030
2021-12-25 08:00:00+00:00,970.415,970.415,970.415,970.415,1,12470
2021-12-28 08:00:00+00:00,968.145,976.945,954.235,970.335,29830,3260
2021-12-29 08:00:00+00:00,968.435,990.045,964.455,975.355,30251,2020
2021-12-30 08:00:00+00:00,973.235,977.715,959.415,967.835,32597,2370
2021-12-31 08:00:00+00:00,966.505,973.925,958.975,962.135,42902,2640
2022-01-01 08:00:00+00:00,959.255,970.075,951.025,964.745,36914,830
2022-01-04 08:00:00+00:00,972.475,982.475,932.275,955.605,48860,1500
2022-01-05 08:00:00+00:00,955.435,985.445,948.855,973.505,53125,1530
2022-01-06 08:00:00+00:00,969.165,1005.065,967.325,981.815,40463,1810
2022-01-07 08:00:00+00:00,981.345,986.735,952.565,964.715,43880,2310
2022-01-08 08:00:00+00:00,965.985,974.895,949.775,954.695,39959,1580
2022-01-11 08:00:00+00:00,957.405,965.875,925.895,939.875,39063,2350
2022-01-12 08:00:00+00:00,940.445,979.695,940.445,972.375,46861,2280
2022-01-13 08:00:00+00:00,970.575,987.315,965.725,977.335,50876,2710
2022-01-14 08:00:00+00:00,977.275,982.375,966.045,969.185,40587,1290
2022-01-15 08:00:00+00:00,969.735,986.285,966.705,969.695,43071,1760
2022-01-18 08:00:00+00:00,966.785,979.795,966.725,974.235,24930,2350
2022-01-19 08:00:00+00:00,974.235,990.745,964.775,981.945,53139,830
2022-01-20 08:00:00+00:00,982.085,1035.845,974.285,1023.405,63480,1450
2022-01-21 08:00:00+00:00,1021.425,1056.265,1017.425,1042.035,57407,740
2022-01-22 08:00:00+00:00,1041.145,1053.205,1027.405,1027.405,70767,510
2022-01-25 08:00:00+00:00,1028.835,1042.825,1005.925,1029.325,69610,1660
2022-01-26 08:00:00+00:00,1028.895,1035.995,1009.855,1026.265,79456,1410
2022-01-27 08:00:00+00:00,1024.965,1063.475,1024.965,1033.495,71718,350
2022-01-28 08:00:00+00:00,1030.435,1040.925,1013.235,1023.995,77625,350
2022-01-29 08:00:00+00:00,1023.545,1032.555,993.655,1008.775,59583,740
2022-02-01 08:00:00+00:00,1008.595,1023.805,1007.515,1019.115,58945,370
2022-02-02 08:00:00+00:00,1018.825,1047.645,1018.395,1029.375,59754,960
2022-02-03 08:00:00+00:00,1024.185,1046.825,1021.615,1034.955,53190,360
2022-02-04 08:00:00+00:00,1033.935,1039.895,1019.915,1033.645,67790,1160
2022-02-05 08:00:00+00:00,1034.295,1038.715,1011.345,1022.095,71482,350
2022-02-08 08:00:00+00:00,1024.605,1031.235,1012.225,1021.715,50383,520
2022-02-09 08:00:00+00:00,1020.255,1038.575,1007.415,1034.235,54593,350
2022-02-10 08:00:00+00:00,1033.605,1043.735,1024.235,1036.385,44760,500
2022-02-11 08:00:00+00:00,1034.315,1058.355,1016.585,1028.055,65136,490
2022-02-12 08:00:00+00:00,1027.655,1038.595,1011.515,1025.805,79213,350
2022-02-15 08:00:00+00:00,1029.885,1044.445,1021.655,1029.515,70125,350
2022-02-16 08:00:00+00:00,1023.405,1036.495,1007.245,1024.725,61010,350
2022-02-17 08:00:00+00:00,1025.165,1066.925,1021.725,1063.025,54255,380
2022-02-18 08:00:00+00:00,1061.455,1094.065,1056.695,1091.135,62606,350
2022-02-19 08:00:00+00:00,1089.925,1097.735,1058.515,1058.915,56188,810
2022-02-22 08:00:00+00:00,1072.175,1084.715,1068.955,1077.615,43370,350
2022-02-23 08:00:00+00:00,1077.815,1093.005,1072.605,1076.875,81925,350
2022-02-24 08:00:00+00:00,1072.835,1095.745,1072.835,1093.425,54497,400
2022-02-25 08:00:00+00:00,1090.195,1127.045,1039.745,1059.755,103389,350
2022-02-26 08:00:00+00:00,1059.805,1067.015,1045.355,1055.315,61310,350
2022-03-01 08:00:00+00:00,1070.945,1074.705,1035.315,1044.675,63839,350
2022-03-02 08:00:00+00:00,1039.425,1065.795,1039.425,1054.905,52558,670
2022-03-03 08:00:00+00:00,1055.485,1076.675,1050.895,1072.825,57831,1140
2022-03-04 08:00:00+00:00,1070.455,1094.455,1067.435,1081.735,72151,380
2022-03-05 08:00:00+00:00,1080.465,1126.455,1072.565,1123.555,79700,360
2022-03-08 08:00:00+00:00,1139.985,1159.025,1104.425,1125.105,86887,420
2022-03-09 08:00:00+00:00,1125.195,1181.995,1118.335,1156.045,93296,380
2022-03-10 08:00:00+00:00,1156.185,1171.755,1064.615,1077.525,55081,350
2022-03-11 08:00:00+00:00,1079.605,1101.395,1049.895,1068.715,60784,350
2022-03-12 08:00:00+00:00,1068.645,1083.055,1052.165,1069.245,54490,430
2022-03-15 08:00:00+00:00,1079.365,1081.145,1027.095,1031.555,68403,510
2022-03-16 08:00:00+00:00,1029.655,1035.705,972.905,983.925,58611,810
2022-03-17 08:00:00+00:00,984.535,1022.495,982.435,1016.285,61392,1850
2022-03-18 08:00:00+00:00,1017.095,1032.935,1006.305,1022.025,40057,970
2022-03-19 08:00:00+00:00,1022.295,1042.195,1004.705,1018.215,41706,1240
2022-03-22 08:00:00+00:00,1023.875,1044.395,1021.195,1037.465,33247,1280
2022-03-23 08:00:00+00:00,1038.015,1045.035,1013.435,1024.475,41089,350
2022-03-24 08:00:00+00:00,1023.445,1029.835,1011.615,1022.615,35853,780
2022-03-25 08:00:00+00:00,1021.165,1034.995,1010.765,1024.695,51252,380
2022-03-26 08:00:00+00:00,1022.905,1032.475,994.055,995.235,33962,1060
2022-03-29 08:00:00+00:00,1003.835,1005.985,981.235,983.405,27424,430
2022-03-30 08:00:00+00:00,981.355,991.935,957.765,984.425,31845,350
2022-03-31 08:00:00+00:00,984.385,1004.625,981.315,992.775,44916,350
2022-04-01 08:00:00+00:00,990.915,996.445,979.485,983.745,38582,1200
2022-04-02 08:00:00+00:00,981.845,1001.065,981.845,983.655,41121,1090
2022-04-05 08:00:00+00:00,987.535,998.955,980.615,987.405,36339,1070
2022-04-06 08:00:00+00:00,986.335,990.265,967.455,968.525,45297,1330
2022-04-07 08:00:00+00:00,967.945,974.815,950.745,955.525,40748,520
2022-04-08 08:00:00+00:00,951.295,967.595,944.355,964.745,45561,380
2022-04-09 08:00:00+00:00,963.885,989.705,961.145,973.305,46567,850
2022-04-12 08:00:00+00:00,978.495,997.075,973.855,977.355,46288,650
2022-04-13 08:00:00+00:00,976.225,987.985,961.755,966.495,45807,350
2022-04-14 08:00:00+00:00,966.895,991.335,963.585,988.825,33566,350
2022-04-15 08:00:00+00:00,985.245,996.525,973.225,992.925,18852,370
2022-04-19 08:00:00+00:00,995.255,1023.115,994.625,1013.625,37682,350
2022-04-20 08:00:00+00:00,1013.525,1024.725,982.925,993.535,30464,350
2022-04-21 08:00:00+00:00,992.225,994.655,973.455,988.325,34502,1070
2022-04-22 08:00:00+00:00,984.565,993.645,966.825,969.935,39350,790
2022-04-23 08:00:00+00:00,969.545,973.375,924.935,924.935,41732,370
2022-04-26 08:00:00+00:00,930.075,933.195,911.495,921.285,55467,350
2022-04-27 08:00:00+00:00,920.375,932.925,912.805,922.355,45275,350
2022-04-28 08:00:00+00:00,921.995,938.075,902.895,916.415,48515,740
2022-04-29 08:00:00+00:00,917.455,934.525,903.905,919.945,44744,640
2022-04-30 08:00:00+00:00,917.125,948.605,916.945,927.055,46681,1330
2022-05-03 08:00:00+00:00,930.205,943.355,913.815,934.445,41555,350
2022-05-04 08:00:00+00:00,933.835,971.935,931.825,964.275,42186,1180
2022-05-05 08:00:00+00:00,960.105,996.785,959.865,992.555,32530,1420
2022-05-06 08:00:00+00:00,991.975,1003.995,970.855,983.365,50800,350
2022-05-07 08:00:00+00:00,981.695,985.375,944.235,959.525,56582,530
2022-05-10 08:00:00+00:00,957.285,967.125,930.195,954.345,56028,350
2022-05-11 08:00:00+00:00,954.585,991.175,946.995,964.245,48234,350
2022-05-12 08:00:00+00:00,964.045,1001.575,963.505,991.925,44775,250
2022-05-13 08:00:00+00:00,992.225,994.355,941.495,945.395,51590,1190
2022-05-14 08:00:00+00:00,942.525,964.655,934.525,941.235,33778,350
2022-05-17 08:00:00+00:00,938.695,955.905,931.785,942.765,35175,350
2022-05-18 08:00:00+00:00,942.075,964.285,935.245,952.025,42816,350
2022-05-19 08:00:00+00:00,952.125,968.305,932.535,934.485,37760,350
2022-05-20 08:00:00+00:00,931.025,967.455,918.725,962.515,39543,350
2022-05-21 08:00:00+00:00,962.025,970.065,947.025,955.925,22090,350
2022-05-24 08:00:00+00:00,952.715,979.905,952.715,959.525,30382,450
2022-05-25 08:00:00+00:00,959.695,967.995,947.725,955.225,44851,350
2022-05-26 08:00:00+00:00,955.425,958.755,937.285,950.525,33659,350
2022-05-27 08:00:00+00:00,950.125,954.925,939.075,951.615,28059,350
2022-05-28 08:00:00+00:00,949.955,960.815,946.825,956.925,35922,350
2022-05-31 08:00:00+00:00,950.305,965.525,950.105,959.425,13777,350
2022-06-01 08:00:00+00:00,959.625,978.325,951.375,968.425,33502,350
2022-06-02 08:00:00+00:00,969.225,1009.625,960.005,998.025,25715,350
2022-06-03 08:00:00+00:00,998.425,1027.425,984.625,1022.025,38336,350
2022-06-04 08:00:00+00:00,1022.025,1033.785,1008.025,1019.825,34468,350
2022-06-07 08:00:00+00:00,1003.925,1035.825,1003.925,1022.025,14280,350
2022-06-08 08:00:00+00:00,1022.125,1022.575,1001.725,1012.065,17593,350
2022-06-09 08:00:00+00:00,1011.925,1015.925,998.185,1008.125,28319,350
2022-06-10 08:00:00+00:00,1008.225,1009.335,971.855,974.225,29039,630
2022-06-11 08:00:00+00:00,974.425,981.275,950.825,977.125,50935,350
2022-06-14 08:00:00+00:00,975.325,977.935,931.825,934.545,46103,350
2022-06-15 08:00:00+00:00,933.225,948.935,918.295,923.445,54244,350
2022-06-16 08:00:00+00:00,921.725,952.425,903.605,942.485,48940,350
2022-06-17 08:00:00+00:00,942.105,955.745,927.045,952.425,61071,350
2022-06-18 08:00:00+00:00,952.545,954.335,928.635,935.625,46140,510
2022-06-21 08:00:00+00:00,931.445,947.325,927.825,932.325,28928,360
2022-06-22 08:00:00+00:00,930.205,956.925,929.955,941.925,23300,350
2022-06-23 08:00:00+00:00,942.025,943.315,925.125,927.765,67231,350
2022-06-24 08:00:00+00:00,928.425,933.065,907.765,908.795,59066,350
2022-06-25 08:00:00+00:00,908.125,925.475,903.895,910.125,53769,350
2022-06-28 08:00:00+00:00,913.535,918.465,898.295,909.185,44036,350
2022-06-29 08:00:00+00:00,905.795,929.925,902.795,913.115,32146,350
2022-06-30 08:00:00+00:00,913.125,939.025,904.665,918.845,36480,350
2022-07-01 08:00:00+00:00,918.725,927.035,889.135,895.125,50449,360
2022-07-02 08:00:00+00:00,895.325,903.825,864.325,887.43,53000,350
2022-07-05 08:00:00+00:00,886.18,893.765,881.295,881.97,26732,390
2022-07-06 08:00:00+00:00,884.08,889.945,856.325,865.69,49327,350
2022-07-07 08:00:00+00:00,864.82,872.645,848.025,857.15,56262,350
2022-07-08 08:00:00+00:00,857.725,881.825,848.205,873.75,45154,350
2022-07-09 08:00:00+00:00,869.88,900.225,866.605,889.99,46767,350
2022-07-12 08:00:00+00:00,889.28,893.835,868.76,871.42,40605,350
2022-07-13 08:00:00+00:00,866.43,872.715,840.485,846.85,48121,350
2022-07-14 08:00:00+00:00,839.85,865.035,838.485,856.08,65309,350
2022-07-15 08:00:00+00:00,853.425,856.725,827.025,844.75,56204,780
2022-07-16 08:00:00+00:00,838.11,855.865,836.305,843.28,51651,350
2022-07-19 08:00:00+00:00,845.8,880.325,845.8,864.21,32401,350
2022-07-20 08:00:00+00:00,862.28,889.435,859.135,875.33,36366,350
2022-07-21 08:00:00+00:00,873.57,887.385,858.465,858.76,38794,350
2022-07-22 08:00:00+00:00,858.925,878.885,849.695,873.39,46927,350
2022-07-23 08:00:00+00:00,871.65,890.725,869.67,869.71,35573,350
2022-07-26 08:00:00+00:00,871.46,887.745,867.175,880.42,34506,360
2022-07-27 08:00:00+00:00,876.32,892.825,853.615,874.43,30141,350
2022-07-28 08:00:00+00:00,869.88,892.625,869.88,887.46,27263,350
2022-07-29 08:00:00+00:00,889.825,898.625,879.475,889.29,39197,350
2022-07-30 08:00:00+00:00,889.725,908.975,883.785,893.7,41094,350
2022-08-02 08:00:00+00:00,890.59,917.035,889.34,908.03,21074,360
2022-08-03 08:00:00+00:00,910.125,921.825,895.36,895.78,39815,350
2022-08-04 08:00:00+00:00,886.39,905.595,886.39,899.46,32984,350
2022-08-05 08:00:00+00:00,895.66,934.335,894.78,928.08,31193,350
2022-08-06 08:00:00+00:00,929.825,945.105,922.625,931.83,32470,350
2022-08-09 08:00:00+00:00,928.76,950.225,922.44,941.18,23741,350
2022-08-10 08:00:00+00:00,937.99,945.745,933.195,934.75,34249,540
2022-08-11 08:00:00+00:00,935.975,950.725,927.725,941.94,37829,350
2022-08-12 08:00:00+00:00,940.64,977.105,940.64,957.84,32336,350
2022-08-13 08:00:00+00:00,953.3,965.175,946.815,962.55,40375,350
2022-08-16 08:00:00+00:00,960.62,966.635,924.625,934.11,38048,350
2022-08-17 08:00:00+00:00,929.2,944.825,925.12,936.17,30942,350
2022-08-18 08:00:00+00:00,937.035,940.885,919.5,925.5,37334,400
2022-08-19 08:00:00+00:00,919.02,935.015,912.805,913.15,29518,350
2022-08-20 08:00:00+00:00,908.64,915.035,887.965,893.13,32645,350
2022-08-23 08:00:00+00:00,889.45,901.895,866.725,876.21,37761,350
2022-08-24 08:00:00+00:00,876.825,892.005,866.425,882.72,33527,350
2022-08-25 08:00:00+00:00,879.52,888.025,868.655,877.67,28846,360
2022-08-26 08:00:00+00:00,873.64,889.075,873.64,884.9,26622,350
2022-08-27 08:00:00+00:00,885.025,888.775,859.1,859.27,36573,350
2022-08-30 08:00:00+00:00,860.31,875.145,850.315,865.36,35139,350
2022-08-31 08:00:00+00:00,866.225,868.295,846.775,849.98,33188,350
2022-09-01 08:00:00+00:00,844.0,858.125,840.825,845.69,32954,350
2022-09-02 08:00:00+00:00,839.12,849.245,820.025,827.51,31888,350
2022-09-03 08:00:00+00:00,829.325,846.125,822.29,830.97,27164,350
2022-09-06 08:00:00+00:00,834.84,851.725,831.43,847.99,18111,420
2022-09-07 08:00:00+00:00,848.435,864.505,844.91,854.17,40993,350
2022-09-08 08:00:00+00:00,854.425,871.04,843.315,870.38,34851,350
2022-09-09 08:00:00+00:00,865.59,885.815,861.735,880.45,36835,350
2022-09-10 08:00:00+00:00,875.11,891.105,874.355,880.54,39048,460
2022-09-13 08:00:00+00:00,877.58,910.205,875.235,907.37,42455,350
2022-09-14 08:00:00+00:00,904.85,918.835,878.905,882.83,47797,350
2022-09-15 08:00:00+00:00,877.24,915.015,876.445,908.18,47453,210
2022-09-16 08:00:00+00:00,908.615,923.445,901.215,905.48,40631,350
2022-09-17 08:00:00+00:00,905.825,909.905,885.72,901.6,40939,350
2022-09-20 08:00:00+00:00,904.78,924.515,897.425,920.93,31412,350
2022-09-21 08:00:00+00:00,918.33,932.215,917.305,920.55,39465,350
2022-09-22 08:00:00+00:00,922.725,938.435,906.825,908.88,53079,350
2022-09-23 08:00:00+00:00,908.025,917.035,894.465,904.18,49266,350
2022-09-24 08:00:00+00:00,897.16,907.715,855.29,857.72,46979,350
2022-09-27 08:00:00+00:00,850.73,872.025,848.725,850.52,43020,350
2022-09-28 08:00:00+00:00,848.71,866.335,848.32,850.71,41577,350
2022-09-29 08:00:00+00:00,851.085,868.705,837.535,863.55,53231,350
2022-09-30 08:00:00+00:00,866.925,873.165,845.325,865.86,40798,350
2022-10-01 08:00:00+00:00,857.51,880.225,856.85,856.89,31350,350
2022-10-04 08:00:00+00:00,857.48,906.165,855.95,903.0,50633,350
2022-10-05 08:00:00+00:00,899.625,940.065,899.625,934.35,44863,360
2022-10-06 08:00:00+00:00,930.66,934.945,901.82,919.53,46280,350
2022-10-07 08:00:00+00:00,913.22,931.865,912.8,922.09,41566,500
2022-10-08 08:00:00+00:00,922.725,939.015,910.84,910.84,47889,350
2022-10-11 08:00:00+00:00,908.64,914.985,893.725,901.1,43721,350
2022-10-12 08:00:00+00:00,897.07,907.345,886.005,892.58,47353,350
2022-10-13 08:00:00+00:00,888.27,900.805,882.095,887.3,51947,350
2022-10-14 08:00:00+00:00,885.825,906.795,866.835,902.16,54057,350
2022-10-15 08:00:00+00:00,899.24,913.315,893.385,900.18,62912,350
2022-10-18 08:00:00+00:00,897.52,923.665,897.05,915.65,51891,350
2022-10-19 08:00:00+00:00,916.135,925.205,905.36,910.12,43084,350
2022-10-20 08:00:00+00:00,910.655,913.565,884.325,886.16,40193,350
2022-10-21 08:00:00+00:00,882.16,919.125,879.965,914.45,50580,350
2022-10-22 08:00:00+00:00,915.325,936.885,892.635,929.87,71027,350
2022-10-25 08:00:00+00:00,932.39,949.525,920.535,925.9,71143,350
2022-10-26 08:00:00+00:00,925.93,930.415,906.675,917.7,48427,360
2022-10-27 08:00:00+00:00,915.32,961.065,914.105,954.31,50950,360
2022-10-28 08:00:00+00:00,953.845,967.595,943.105,960.09,51958,360
2022-10-29 08:00:00+00:00,958.2,967.695,941.925,944.19,45301,380
2022-11-01 08:00:00+00:00,939.1,949.675,925.305,929.36,35743,350
2022-11-02 08:00:00+00:00,926.29,956.315,925.075,946.31,41837,350
2022-11-03 08:00:00+00:00,946.155,959.385,934.9,935.59,47224,470
2022-11-04 08:00:00+00:00,930.52,941.945,911.115,920.51,37786,360
2022-11-05 08:00:00+00:00,919.48,964.635,914.295,959.56,42222,350
2022-11-08 08:00:00+00:00,951.35,985.265,947.745,983.49,39889,350
2022-11-09 08:00:00+00:00,982.6,1003.83,969.155,999.83,41245,460
2022-11-10 08:00:00+00:00,1000.295,1010.825,982.305,988.15,56297,360
2022-11-11 08:00:00+00:00,988.745,1044.135,982.98,1032.93,62528,350
2022-11-12 08:00:00+00:00,1030.11,1059.365,1022.805,1025.21,65411,350
2022-11-15 08:00:00+00:00,1028.7,1034.745,1003.235,1019.68,54484,350
2022-11-16 08:00:00+00:00,1016.9,1040.115,1007.85,1015.37,56735,350
2022-11-17 08:00:00+00:00,1014.655,1025.915,1002.645,1006.75,45900,350
2022-11-18 08:00:00+00:00,1006.125,1012.355,979.405,982.77,41363,350
2022-11-19 08:00:00+00:00,979.84,992.165,974.675,975.05,36361,360
2022-11-22 08:00:00+00:00,977.99,990.295,965.325,982.43,33337,350
2022-11-23 08:00:00+00:00,983.225,1001.315,981.995,992.1,46086,350
2022-11-24 08:00:00+00:00,990.14,1001.855,978.545,997.68,42854,350
2022-11-25 08:00:00+00:00,991.84,1002.865,986.755,987.17,20686,350
2022-11-26 08:00:00+00:00,990.455,995.605,977.125,979.38,40432,370
2022-11-29 08:00:00+00:00,978.3,1005.115,974.045,989.91,40684,350
2022-11-30 08:00:00+00:00,987.36,1010.845,987.115,1003.82,39633,350
2022-12-01 08:00:00+00:00,1003.525,1041.585,1000.17,1033.82,46030,350
2022-12-02 08:00:00+00:00,1031.67,1055.475,1027.475,1043.1,40658,370
2022-12-03 08:00:00+00:00,1038.95,1047.765,1002.755,1017.26,48947,350
2022-12-06 08:00:00+00:00,1011.44,1031.405,993.29,1001.22,35142,499
2022-12-07 08:00:00+00:00,1000.645,1008.495,986.845,989.87,34350,319
2022-12-08 08:00:00+00:00,984.62,1018.635,981.15,1004.85,35837,309
2022-12-09 08:00:00+00:00,1000.46,1015.745,998.48,1006.16,28065,79
2022-12-10 08:00:00+00:00,1005.755,1031.465,993.005,1026.59,37487,240
2022-12-13 08:00:00+00:00,1018.56,1025.415,996.755,1002.38,31262,309
2022-12-14 08:00:00+00:00,999.66,1046.935,993.525,1034.16,43148,309
2022-12-15 08:00:00+00:00,1032.735,1038.505,1019.125,1030.5,40214,409
2022-12-16 08:00:00+00:00,1025.9,1031.56,1003.245,1007.52,37676,309
2022-12-17 08:00:00+00:00,1006.08,1014.595,989.41,992.6,41344,309
2022-12-20 08:00:00+00:00,990.02,1008.835,980.025,982.5,28525,319
2022-12-21 08:00:00+00:00,978.29,1017.455,977.935,1009.45,45262,309
2022-12-22 08:00:00+00:00,1007.7,1015.385,994.73,998.23,30995,649
2022-12-23 08:00:00+00:00,996.835,1008.215,969.385,979.71,25313,309
2022-12-24 08:00:00+00:00,979.875,1027.415,970.895,1024.34,38307,309
2022-12-28 08:00:00+00:00,1025.21,1034.395,1003.915,1022.13,32617,309
2022-12-29 08:00:00+00:00,1022.35,1034.025,1006.035,1009.87,30753,359
2022-12-30 08:00:00+00:00,1004.99,1062.535,1001.635,1055.96,39103,309
2022-12-31 08:00:00+00:00,1056.565,1073.15,1048.43,1071.32,40817,309
2023-01-04 08:00:00+00:00,1059.58,1091.065,1059.58,1084.66,34722,349
2023-01-05 08:00:00+00:00,1077.85,1097.795,1073.335,1079.23,39092,319
2023-01-06 08:00:00+00:00,1079.665,1086.685,1057.505,1060.04,32668,309
2023-01-07 08:00:00+00:00,1056.42,1095.665,1047.715,1092.0,33618,309
2023-01-10 08:00:00+00:00,1088.37,1103.075,1078.225,1080.0,31164,309
2023-01-11 08:00:00+00:00,1073.83,1088.135,1072.795,1081.68,31835,309
2023-01-12 08:00:00+00:00,1075.53,1104.315,1067.745,1071.6,34640,309
2023-01-13 08:00:00+00:00,1068.395,1083.645,1056.495,1069.67,37670,309
2023-01-14 08:00:00+00:00,1066.6,1077.545,1050.045,1067.12,37842,309
2023-01-17 08:00:00+00:00,1064.99,1076.375,1055.535,1062.87,23289,759
2023-01-18 08:00:00+00:00,1064.945,1068.455,1040.015,1041.32,31742,309
2023-01-19 08:00:00+00:00,1038.23,1078.615,1032.32,1040.3,35524,309
2023-01-20 08:00:00+00:00,1036.895,1047.925,1011.425,1034.5,39339,309
2023-01-21 08:00:00+00:00,1033.675,1054.445,1022.135,1039.51,30115,300
2023-01-24 08:00:00+00:00,1043.18,1052.555,1029.105,1049.0,28672,309
2023-01-25 08:00:00+00:00,1049.88,1061.945,1043.015,1058.8,21897,309
2023-01-26 08:00:00+00:00,1059.445,1061.155,1033.065,1040.1,29175,200
2023-01-27 08:00:00+00:00,1037.14,1045.345,1017.055,1020.1,27516,309
2023-01-28 08:00:00+00:00,1016.79,1025.065,1000.375,1014.01,26634,469
2023-01-31 08:00:00+00:00,1010.77,1021.925,1007.025,1011.51,25936,699
2023-02-01 08:00:00+00:00,1010.96,1021.335,992.755,1012.32,30741,300
2023-02-02 08:00:00+00:00,1010.245,1017.525,991.345,1005.56,33600,319
2023-02-03 08:00:00+00:00,1004.25,1038.725,1004.25,1021.36,35258,309
2023-02-04 08:00:00+00:00,1019.72,1033.875,973.595,977.8,36269,0
2023-02-07 08:00:00+00:00,968.94,986.685,968.1,973.35,32591,239
2023-02-08 08:00:00+00:00,970.14,983.885,964.685,975.76,35683,250
2023-02-09 08:00:00+00:00,974.785,991.895,968.86,972.47,25896,309
2023-02-10 08:00:00+00:00,969.915,988.365,954.405,957.05,29362,309
2023-02-11 08:00:00+00:00,954.54,969.045,945.35,947.02,23903,309
2023-02-14 08:00:00+00:00,944.05,959.065,937.2,956.25,26532,309
2023-02-15 08:00:00+00:00,952.92,961.385,930.645,932.76,33104,270
2023-02-16 08:00:00+00:00,931.645,937.145,914.2,915.34,24541,309
2023-02-17 08:00:00+00:00,915.1,932.845,909.655,920.48,29786,309
2023-02-18 08:00:00+00:00,918.28,924.765,908.595,919.31,26933,309
2023-02-21 08:00:00+00:00,916.44,942.795,916.09,926.83,16404,339
2023-02-22 08:00:00+00:00,925.385,949.745,921.76,944.25,27072,9
2023-02-23 08:00:00+00:00,939.495,964.205,936.69,951.5,26112,309
2023-02-24 08:00:00+00:00,947.9,964.405,941.095,949.0,24513,309
2023-02-25 08:00:00+00:00,944.7,952.535,908.73,910.11,27323,309
2023-02-28 08:00:00+00:00,904.93,954.375,904.93,941.06,25082,309
2023-03-01 08:00:00+00:00,939.25,962.315,932.44,952.86,24807,309
2023-03-02 08:00:00+00:00,952.85,971.695,949.56,957.65,30958,309
2023-03-03 08:00:00+00:00,956.555,967.735,948.19,962.8,22176,309
2023-03-04 08:00:00+00:00,961.01,983.805,960.09,979.42,26928,309
2023-03-07 08:00:00+00:00,976.27,981.415,962.34,976.35,25667,309
2023-03-08 08:00:00+00:00,972.52,981.505,931.1,931.1,29411,309
2023-03-09 08:00:00+00:00,931.335,950.595,931.18,937.15,23847,309
2023-03-10 08:00:00+00:00,935.99,962.725,934.81,945.25,29873,309
2023-03-11 08:00:00+00:00,943.14,975.035,933.345,958.58,34206,309
2023-03-14 08:00:00+00:00,960.36,1005.985,959.05,998.5,47687,309
2023-03-15 08:00:00+00:00,1000.165,1001.335,973.775,983.45,36269,309
2023-03-16 08:00:00+00:00,984.915,993.025,949.275,960.6,46163,309
2023-03-17 08:00:00+00:00,960.845,979.125,957.09,973.5,25011,369
2023-03-18 08:00:00+00:00,972.235,998.845,961.65,976.73,24572,959
2023-03-21 08:00:00+00:00,975.905,1003.485,964.695,989.55,38591,1709
2023-03-22 08:00:00+00:00,988.345,996.745,962.675,970.45,32310,309
2023-03-23 08:00:00+00:00,969.455,998.6,969.145,983.5,24475,1219
2023-03-24 08:00:00+00:00,983.725,993.605,973.65,986.1,36023,779
2023-03-25 08:00:00+00:00,987.975,990.295,959.705,982.74,45535,309
2023-03-28 08:00:00+00:00,978.335,981.525,960.0,974.56,35244,309
2023-03-29 08:00:00+00:00,972.325,979.915,959.465,961.52,27841,309
2023-03-30 08:00:00+00:00,965.255,973.735,952.945,968.5,30880,309
2023-03-31 08:00:00+00:00,968.205,990.625,962.66,987.7,29117,1029
2023-04-01 08:00:00+00:00,983.695,998.645,976.175,989.86,26756,309
2023-04-04 08:00:00+00:00,989.365,1001.045,978.305,987.87,30870,309
2023-04-05 08:00:00+00:00,987.875,1024.125,981.1,1017.6,30233,469
2023-04-06 08:00:00+00:00,1017.345,1028.765,992.725,999.7,31783,389
2023-04-07 08:00:00+00:00,997.295,1012.515,996.165,1007.01,22578,1759
2023-04-11 08:00:00+00:00,1000.655,1017.535,986.9,992.4,27507,459
2023-04-12 08:00:00+00:00,989.425,1010.585,989.425,994.3,27807,629
2023-04-13 08:00:00+00:00,993.145,1026.205,992.305,1017.95,28943,309
2023-04-14 08:00:00+00:00,1015.265,1057.745,1013.625,1048.9,26179,309
2023-04-15 08:00:00+00:00,1047.785,1058.235,1034.625,1044.71,28443,309
2023-04-18 08:00:00+00:00,1044.565,1058.495,1037.195,1049.55,34420,319
2023-04-19 08:00:00+00:00,1048.905,1087.365,1042.035,1079.2,39766,309
2023-04-20 08:00:00+00:00,1077.565,1095.835,1058.9,1088.25,34307,679
2023-04-21 08:00:00+00:00,1084.595,1099.605,1079.845,1094.45,39544,309
2023-04-22 08:00:00+00:00,1092.065,1133.125,1086.7,1121.45,27479,309
2023-04-25 08:00:00+00:00,1123.075,1125.025,1082.325,1085.55,33458,329
2023-04-26 08:00:00+00:00,1084.475,1094.665,1064.6,1089.4,33348,729
2023-04-27 08:00:00+00:00,1088.845,1108.505,1081.885,1086.7,44241,319
2023-04-28 08:00:00+00:00,1079.595,1100.495,1072.545,1081.4,37929,329
2023-04-29 08:00:00+00:00,1078.355,1085.315,1063.455,1074.4,30244,319
2023-05-02 08:00:00+00:00,1073.745,1091.405,1048.9,1050.9,29196,309
2023-05-03 08:00:00+00:00,1050.015,1069.965,1041.735,1063.4,31862,309
2023-05-04 08:00:00+00:00,1062.715,1075.855,1047.8,1055.43,31870,879
2023-05-05 08:00:00+00:00,1054.065,1064.915,1035.735,1045.8,46230,639
2023-05-06 08:00:00+00:00,1044.665,1063.665,1034.315,1060.1,21354,309
2023-05-09 08:00:00+00:00,1059.495,1088.975,1057.04,1072.9,20723,309
2023-05-10 08:00:00+00:00,1071.4,1109.775,1066.4,1105.45,25558,309
2023-05-11 08:00:00+00:00,1104.425,1126.945,1098.9,1114.585,30181,309
2023-05-12 08:00:00+00:00,1112.715,1121.355,1084.79,1093.0,24284,479
2023-05-13 08:00:00+00:00,1095.305,1102.685,1047.54,1047.61,37518,309
2023-05-16 08:00:00+00:00,1048.45,1074.065,1048.45,1062.9,9626,309
2023-05-17 08:00:00+00:00,1058.66,1073.945,1054.5,1059.85,9646,359
2023-05-18 08:00:00+00:00,1059.83,1081.385,1058.805,1068.4,8972,799
2023-05-19 08:00:00+00:00,1063.89,1075.155,1046.9,1052.7,9428,319
2023-05-20 08:00:00+00:00,1050.97,1078.365,1047.9,1061.4,10577,339
2023-05-23 08:00:00+00:00,1063.655,1082.855,1056.0,1067.0,9241,419
2023-05-24 08:00:00+00:00,1062.08,1072.565,1050.5,1053.6,9772,849
2023-05-25 08:00:00+00:00,1050.04,1058.015,1021.345,1025.35,10879,579
2023-05-26 08:00:00+00:00,1020.51,1033.575,1015.95,1022.05,10427,599
2023-05-27 08:00:00+00:00,1018.28,1035.995,1018.14,1022.86,9204,1899
2023-05-30 08:00:00+00:00,1022.195,1036.355,1020.1,1024.74,6085,1029
2023-05-31 08:00:00+00:00,1023.615,1041.595,1015.6,1020.8,10467,849
2023-06-01 08:00:00+00:00,1020.355,1025.495,994.7,994.9,30342,629
2023-06-02 08:00:00+00:00,990.82,1013.285,990.76,1006.9,23128,1419
2023-06-03 08:00:00+00:00,1005.8,1020.495,999.15,1004.65,18968,869
2023-06-06 08:00:00+00:00,1004.915,1040.245,1003.6,1030.65,24413,309
2023-06-07 08:00:00+00:00,1027.7,1040.715,1023.505,1033.6,25536,1489
2023-06-08 08:00:00+00:00,1033.69,1048.755,1017.7,1019.6,18966,899
2023-06-09 08:00:00+00:00,1015.63,1029.265,1009.045,1010.7,25943,459
2023-06-10 08:00:00+00:00,1007.91,1022.825,999.935,1005.39,23532,389
2023-06-13 08:00:00+00:00,1008.13,1011.495,989.45,991.85,20526,309
2023-06-14 08:00:00+00:00,987.34,1001.305,975.95,978.55,16570,319
2023-06-15 08:00:00+00:00,976.34,984.705,969.165,978.2,19987,1459
2023-06-16 08:00:00+00:00,972.42,993.1,963.5,990.9,18144,970
2023-06-17 08:00:00+00:00,987.65,1000.735,976.415,985.12,21568,300
2023-06-20 08:00:00+00:00,985.38,986.2,975.15,977.8,13147,309
2023-06-21 08:00:00+00:00,976.72,979.515,954.925,962.85,28097,220
2023-06-22 08:00:00+00:00,962.0,965.165,941.155,944.33,27165,200
2023-06-23 08:00:00+00:00,943.32,950.785,922.375,923.42,27242,250
2023-06-24 08:00:00+00:00,921.05,930.6,916.96,918.21,29461,309
2023-06-27 08:00:00+00:00,918.22,938.385,917.6,926.75,22998,200
2023-06-28 08:00:00+00:00,925.31,936.7,917.045,926.42,30595,319
2023-06-29 08:00:00+00:00,922.8,927.3,903.255,912.98,33767,200
2023-06-30 08:00:00+00:00,914.06,923.195,891.445,897.93,34326,309
2023-07-01 08:00:00+00:00,895.49,911.935,889.205,903.92,23879,550
2023-07-04 08:00:00+00:00,902.48,918.045,896.095,913.49,22919,309
2023-07-05 08:00:00+00:00,908.225,930.8,906.38,916.15,13077,220
2023-07-06 08:00:00+00:00,917.37,924.1,910.235,919.17,27937,230
2023-07-07 08:00:00+00:00,917.3,925.645,894.835,904.41,34414,220
2023-07-08 08:00:00+00:00,902.32,920.485,898.945,911.49,28436,310
2023-07-11 08:00:00+00:00,909.85,932.015,906.565,928.97,33078,309
2023-07-12 08:00:00+00:00,928.18,938.675,924.235,927.65,24958,309
2023-07-13 08:00:00+00:00,925.4,957.725,925.37,952.26,33374,309
2023-07-14 08:00:00+00:00,950.28,979.095,950.28,974.58,31899,309
2023-07-15 08:00:00+00:00,973.5,979.035,964.305,974.56,37059,309
2023-07-18 08:00:00+00:00,967.29,983.555,965.245,978.8,28806,309
2023-07-19 08:00:00+00:00,977.36,995.155,973.455,985.43,34142,419
2023-07-20 08:00:00+00:00,983.67,989.905,972.365,973.81,25615,329
2023-07-21 08:00:00+00:00,972.54,978.945,954.595,958.51,35190,359
2023-07-22 08:00:00+00:00,955.98,968.195,954.525,963.33,24859,309
2023-07-25 08:00:00+00:00,961.59,969.395,956.045,959.53,26388,309
2023-07-26 08:00:00+00:00,958.18,978.055,958.18,970.19,28289,309
2023-07-27 08:00:00+00:00,968.57,971.725,953.425,966.73,29083,309
2023-07-28 08:00:00+00:00,965.73,975.805,934.525,936.64,29577,309
2023-07-29 08:00:00+00:00,932.48,944.135,930.565,937.55,25057,309
2023-08-01 08:00:00+00:00,936.48,960.985,926.075,954.06,22461,309
2023-08-02 08:00:00+00:00,951.62,955.92,924.115,933.96,26558,309
2023-08-03 08:00:00+00:00,932.71,938.635,921.215,923.31,27432,309
2023-08-04 08:00:00+00:00,920.33,926.925,914.915,917.0,29538,309
2023-08-05 08:00:00+00:00,913.69,928.285,907.825,924.4,21501,409
2023-08-08 08:00:00+00:00,922.55,930.85,914.015,923.46,21307,930
2023-08-09 08:00:00+00:00,920.23,923.84,898.305,904.16,20393,329
2023-08-10 08:00:00+00:00,900.46,909.255,890.765,892.2,24228,309
2023-08-11 08:00:00+00:00,888.39,915.745,888.37,910.93,30604,599
2023-08-12 08:00:00+00:00,907.83,921.815,906.745,915.38,21722,379
2023-08-15 08:00:00+00:00,911.61,918.18,892.995,904.5,34840,860
2023-08-16 08:00:00+00:00,901.19,905.305,884.285,891.34,28511,379
2023-08-17 08:00:00+00:00,890.13,898.885,885.445,886.88,19070,339
2023-08-18 08:00:00+00:00,884.14,912.605,884.14,896.66,23287,309
2023-08-19 08:00:00+00:00,893.59,915.305,893.245,913.78,26698,539
2023-08-22 08:00:00+00:00,909.93,917.135,903.425,913.36,27161,829
2023-08-23 08:00:00+00:00,910.53,929.875,910.53,924.06,24850,319
2023-08-24 08:00:00+00:00,921.31,939.635,921.21,933.1,31294,479
2023-08-25 08:00:00+00:00,929.68,943.975,927.465,937.8,30036,309
2023-08-26 08:00:00+00:00,934.54,951.485,932.705,947.15,39652,339
2023-08-29 08:00:00+00:00,942.44,971.345,938.335,970.5,32713,309
2023-08-30 08:00:00+00:00,967.39,983.915,964.945,982.12,34412,419
2023-08-31 08:00:00+00:00,979.76,987.385,973.395,979.1,35055,309
2023-09-01 08:00:00+00:00,975.78,982.755,967.645,972.1,27043,309
2023-09-02 08:00:00+00:00,969.14,988.175,962.065,963.83,35704,319
2023-09-05 08:00:00+00:00,961.08,967.175,951.245,956.09,27635,309
2023-09-06 08:00:00+00:00,946.47,955.2,929.055,929.8,28693,309
2023-09-07 08:00:00+00:00,927.29,932.225,907.325,913.37,27783,309
2023-09-08 08:00:00+00:00,909.61,916.625,900.455,907.86,23752,589
2023-09-09 08:00:00+00:00,904.86,913.095,891.965,895.18,42243,309
2023-09-12 08:00:00+00:00,891.38,908.075,891.38,902.99,34861,759
2023-09-13 08:00:00+00:00,899.41,915.475,894.055,912.14,28400,659
2023-09-14 08:00:00+00:00,910.4,912.72,894.855,902.91,43545,309
2023-09-15 08:00:00+00:00,900.99,913.365,893.705,910.07,48592,309
2023-09-16 08:00:00+00:00,908.07,931.865,907.445,928.24,36324,379
2023-09-19 08:00:00+00:00,924.85,938.555,924.63,935.62,28954,389
2023-09-20 08:00:00+00:00,933.81,952.145,930.445,942.78,34827,319
2023-09-21 08:00:00+00:00,940.43,945.825,926.905,929.66,44003,309
2023-09-22 08:00:00+00:00,928.51,929.645,914.025,919.74,29399,309
2023-09-23 08:00:00+00:00,918.82,942.945,918.79,928.33,23516,529
2023-09-26 08:00:00+00:00,921.87,930.095,911.95,912.03,41369,309
2023-09-27 08:00:00+00:00,910.69,914.145,900.965,905.69,42260,1139
2023-09-28 08:00:00+00:00,901.79,911.905,885.565,889.81,46572,309
2023-09-29 08:00:00+00:00,887.73,911.525,887.585,909.11,40513,309
2023-09-30 08:00:00+00:00,906.43,927.095,904.445,905.81,28543,309
2023-10-03 08:00:00+00:00,905.32,913.75,879.165,879.9,53658,509
2023-10-04 08:00:00+00:00,878.09,886.475,870.045,870.65,40515,709
2023-10-05 08:00:00+00:00,869.06,880.975,862.425,867.97,47518,319
2023-10-06 08:00:00+00:00,867.03,875.105,857.125,863.09,19729,880
2023-10-07 08:00:00+00:00,861.68,885.105,851.845,878.64,26829,329
2023-10-10 08:00:00+00:00,880.36,892.965,872.75,888.92,32676,749
2023-10-11 08:00:00+00:00,887.05,895.26,882.005,884.14,36807,529
2023-10-12 08:00:00+00:00,881.77,892.495,874.095,889.86,42594,309
2023-10-13 08:00:00+00:00,887.85,897.555,866.975,868.52,42085,309
2023-10-14 08:00:00+00:00,865.62,888.245,862.445,883.56,29565,839
2023-10-17 08:00:00+00:00,880.01,895.845,876.075,894.22,26513,619
2023-10-18 08:00:00+00:00,892.39,904.095,889.645,899.57,29537,339
2023-10-19 08:00:00+00:00,895.54,909.42,880.205,885.82,46350,309
2023-10-20 08:00:00+00:00,884.34,898.645,877.98,893.26,40741,349
2023-10-21 08:00:00+00:00,890.34,907.005,888.015,897.15,24917,309
2023-10-24 08:00:00+00:00,893.24,903.64,889.635,897.44,31009,459
2023-10-25 08:00:00+00:00,895.84,903.86,880.015,889.24,40507,309
2023-10-26 08:00:00+00:00,885.54,910.355,880.415,906.43,39089,369
2023-10-27 08:00:00+00:00,904.78,913.645,895.505,904.59,46147,349
2023-10-28 08:00:00+00:00,902.97,912.585,898.245,905.74,39143,309
2023-10-31 08:00:00+00:00,902.19,937.0,901.865,934.48,36266,820
2023-11-01 08:00:00+00:00,935.44,943.885,930.425,935.36,40449,699
2023-11-02 08:00:00+00:00,933.49,937.0,919.265,925.56,42654,309
2023-11-03 08:00:00+00:00,925.86,935.4,913.325,923.94,18461,739
2023-11-04 08:00:00+00:00,922.08,939.525,921.255,932.08,15890,429
2023-11-07 08:00:00+00:00,928.81,936.37,907.045,908.74,26429,439
2023-11-08 08:00:00+00:00,904.34,911.12,892.745,894.25,18704,329
2023-11-09 08:00:00+00:00,889.65,897.345,865.905,870.5,38559,179
2023-11-10 08:00:00+00:00,866.39,876.695,858.195,861.44,41437,750
2023-11-11 08:00:00+00:00,858.59,863.93,839.66,839.69,37474,309
2023-11-14 08:00:00+00:00,837.45,868.845,837.45,867.23,24294,309
2023-11-15 08:00:00+00:00,860.45,894.055,860.45,888.45,33859,309
2023-11-16 08:00:00+00:00,884.2,905.255,884.085,898.9,37234,119
2023-11-17 08:00:00+00:00,893.49,906.205,890.665,895.96,50150,309
2023-11-18 08:00:00+00:00,892.03,910.5,892.03,900.75,16489,509
2023-11-21 08:00:00+00:00,896.78,924.245,894.055,921.81,22143,379
2023-11-22 08:00:00+00:00,916.2,942.8,916.2,936.55,44975,309
2023-11-23 08:00:00+00:00,931.59,943.005,919.075,922.9,35055,609
2023-11-24 08:00:00+00:00,922.2,931.185,915.495,917.4,10827,760
2023-11-25 08:00:00+00:00,912.73,938.065,902.445,927.9,19515,399
2023-11-28 08:00:00+00:00,923.29,941.3,913.795,921.34,55566,309
2023-11-29 08:00:00+00:00,916.85,949.825,916.85,943.0,38652,309
2023-11-30 08:00:00+00:00,936.66,949.275,925.125,933.14,25620,469
2023-12-01 08:00:00+00:00,931.1,942.675,923.925,927.95,42882,309
2023-12-02 08:00:00+00:00,925.94,938.795,919.605,936.03,44021,840
2023-12-05 08:00:00+00:00,929.82,944.585,909.005,919.82,85739,629
2023-12-06 08:00:00+00:00,916.34,923.37,895.355,901.41,36580,519
2023-12-07 08:00:00+00:00,897.86,914.085,889.215,890.89,39006,329
2023-12-08 08:00:00+00:00,888.26,917.615,887.265,907.75,38035,309
2023-12-09 08:00:00+00:00,905.94,927.355,905.475,917.13,30808,1119
2023-12-12 08:00:00+00:00,915.46,929.255,910.23,911.48,20466,859
2023-12-13 08:00:00+00:00,908.92,932.765,908.92,930.73,20638,1500
2023-12-14 08:00:00+00:00,929.69,939.875,908.175,936.6,21871,909
2023-12-15 08:00:00+00:00,936.26,966.315,934.235,958.73,28285,1299
2023-12-16 08:00:00+00:00,957.64,967.325,937.815,938.88,35456,309
2023-12-19 08:00:00+00:00,940.07,959.275,937.775,947.48,22862,539
2023-12-20 08:00:00+00:00,945.74,963.195,939.7,953.87,19406,1439
2023-12-21 08:00:00+00:00,954.46,971.185,948.94,960.71,30610,969
2023-12-22 08:00:00+00:00,959.81,971.445,951.195,965.4,40118,639
2023-12-23 08:00:00+00:00,965.0,983.005,961.96,974.15,33296,839
2023-12-27 08:00:00+00:00,970.35,982.845,968.88,976.79,28285,879
2023-12-28 08:00:00+00:00,976.97,999.895,971.05,991.67,22495,379
2023-12-29 08:00:00+00:00,991.59,1013.555,985.51,1002.31,14781,339
2023-12-30 08:00:00+00:00,1002.56,1008.445,980.69,981.33,8801,329
2024-01-03 08:00:00+00:00,987.22,1001.745,980.885,982.46,27521,309
2024-01-04 08:00:00+00:00,981.72,989.355,965.545,971.83,33407,309
2024-01-05 08:00:00+00:00,971.21,978.245,954.25,955.06,27701,659
2024-01-06 08:00:00+00:00,954.11,970.545,943.515,961.32,38568,309
2024-01-09 08:00:00+00:00,959.3,969.045,943.95,944.57,29572,309
2024-01-10 08:00:00+00:00,945.15,955.945,931.74,931.85,25700,1389
2024-01-11 08:00:00+00:00,930.44,939.8,917.9,920.54,34089,959
2024-01-12 08:00:00+00:00,918.64,933.195,909.7,916.7,31465,339
2024-01-13 08:00:00+00:00,914.49,938.655,906.4,908.3,42505,629
2024-01-16 08:00:00+00:00,907.38,919.745,905.38,913.99,28930,409
2024-01-17 08:00:00+00:00,912.99,915.895,895.95,897.99,53455,379
2024-01-18 08:00:00+00:00,895.91,901.235,878.785,884.36,39192,739
2024-01-19 08:00:00+00:00,882.37,911.035,879.715,906.99,30750,309
2024-01-20 08:00:00+00:00,908.07,917.325,894.41,902.27,28065,309
2024-01-23 08:00:00+00:00,898.54,907.515,893.23,894.55,39108,309
2024-01-24 08:00:00+00:00,894.53,911.345,892.735,902.72,38091,309
2024-01-25 08:00:00+00:00,899.72,915.465,899.72,902.09,41241,309
2024-01-26 08:00:00+00:00,898.39,906.635,886.665,892.84,51742,309
2024-01-27 08:00:00+00:00,890.7,918.855,888.575,914.96,25813,309
2024-01-30 08:00:00+00:00,909.01,933.415,908.52,931.52,34414,909
2024-01-31 08:00:00+00:00,929.45,932.445,915.685,925.35,31020,639
2024-02-01 08:00:00+00:00,922.69,936.165,917.39,920.31,47220,719
2024-02-02 08:00:00+00:00,917.11,924.985,904.085,916.06,36948,309
2024-02-03 08:00:00+00:00,907.95,926.945,892.735,894.11,24207,639
2024-02-06 08:00:00+00:00,892.44,904.975,889.135,898.27,25176,679
2024-02-07 08:00:00+00:00,897.14,909.305,893.83,904.57,23538,459
2024-02-08 08:00:00+00:00,900.21,909.145,879.245,881.59,23468,649
2024-02-09 08:00:00+00:00,878.8,890.485,872.915,888.32,30815,1049
2024-02-10 08:00:00+00:00,882.03,894.245,868.66,875.43,31447,879
2024-02-13 08:00:00+00:00,872.92,896.085,872.83,891.47,23990,599
2024-02-14 08:00:00+00:00,884.61,901.345,869.49,873.48,33621,169
2024-02-15 08:00:00+00:00,869.79,897.915,869.79,891.38,20175,639
2024-02-16 08:00:00+00:00,887.83,904.375,887.08,899.85,17749,679
2024-02-17 08:00:00+00:00,896.23,911.355,887.42,907.86,25538,509
2024-02-20 08:00:00+00:00,906.13,911.845,898.72,901.68,15810,319
2024-02-21 08:00:00+00:00,893.62,915.275,893.62,904.67,29263,409
2024-02-22 08:00:00+00:00,901.23,910.225,882.185,885.59,36799,409
2024-02-23 08:00:00+00:00,875.98,904.445,875.98,898.61,28189,419
2024-02-24 08:00:00+00:00,896.7,906.855,879.745,892.43,15821,569
2024-02-27 08:00:00+00:00,899.29,901.995,875.14,879.11,31847,309
2024-02-28 08:00:00+00:00,873.03,897.395,873.03,890.57,37857,599
2024-02-29 08:00:00+00:00,884.71,892.395,877.18,879.01,40011,339
2024-03-01 08:00:00+00:00,878.82,890.095,876.135,879.11,32936,619
2024-03-02 08:00:00+00:00,880.52,888.905,867.005,885.87,31600,309
2024-03-05 08:00:00+00:00,886.3,903.485,882.92,898.29,27392,309
2024-03-06 08:00:00+00:00,896.68,899.745,880.61,882.64,32019,329
2024-03-07 08:00:00+00:00,882.13,911.405,880.555,908.0,38243,429
2024-03-08 08:00:00+00:00,901.36,925.625,901.36,920.04,32909,519
2024-03-09 08:00:00+00:00,917.78,927.875,904.75,904.75,45363,499
2024-03-12 08:00:00+00:00,912.56,940.435,912.23,938.0,35978,499
2024-03-13 08:00:00+00:00,935.78,939.755,912.655,924.09,41458,189
2024-03-14 08:00:00+00:00,922.03,942.335,919.705,941.27,46226,729
2024-03-15 08:00:00+00:00,938.99,944.435,923.68,927.04,47831,309
2024-03-16 08:00:00+00:00,924.63,953.435,924.05,937.09,41626,339
2024-03-19 08:00:00+00:00,937.15,937.835,915.375,916.91,25955,769
2024-03-20 08:00:00+00:00,917.22,917.385,893.435,895.84,23203,559
2024-03-21 08:00:00+00:00,895.64,911.015,889.16,908.48,29453,389
2024-03-22 08:00:00+00:00,906.91,919.155,905.55,907.51,47366,309
2024-03-23 08:00:00+00:00,906.62,910.895,893.96,896.31,36625,379
2024-03-26 08:00:00+00:00,896.57,912.805,895.56,904.28,36638,309
2024-03-27 08:00:00+00:00,903.59,910.095,900.36,903.83,32786,319
2024-03-28 08:00:00+00:00,902.66,907.245,889.835,898.93,38681,309
2024-03-29 08:00:00+00:00,895.96,911.345,892.7,909.64,41821,309
2024-04-02 08:00:00+00:00,907.35,915.885,892.735,903.87,40540,309
2024-04-03 08:00:00+00:00,901.33,929.705,901.32,923.74,50565,309
2024-04-04 08:00:00+00:00,924.18,939.655,916.265,938.07,52915,309
2024-04-05 08:00:00+00:00,939.16,945.985,930.035,933.18,42440,349
2024-04-06 08:00:00+00:00,932.79,935.035,916.285,929.14,38153,309
2024-04-09 08:00:00+00:00,928.89,968.235,921.535,964.23,43643,309
2024-04-10 08:00:00+00:00,964.26,988.455,963.99,978.54,44984,309
2024-04-11 08:00:00+00:00,977.24,984.615,959.185,963.73,63985,199
2024-04-12 08:00:00+00:00,963.51,982.945,961.605,981.94,46087,309
2024-04-13 08:00:00+00:00,982.45,1007.16,973.32,974.79,64938,859
2024-04-16 08:00:00+00:00,979.73,985.015,960.515,972.22,39313,359
2024-04-17 08:00:00+00:00,971.57,975.735,956.34,958.4,98718,309
2024-04-18 08:00:00+00:00,957.93,962.685,941.385,942.02,59162,309
2024-04-19 08:00:00+00:00,940.92,951.385,934.635,938.01,30844,359
2024-04-20 08:00:00+00:00,938.11,950.545,926.4,934.42,40786,569
2024-04-23 08:00:00+00:00,935.58,937.395,916.375,921.67,32414,789
2024-04-24 08:00:00+00:00,920.88,923.545,901.66,911.78,34114,309
2024-04-25 08:00:00+00:00,910.79,920.785,901.8,903.84,25291,369
2024-04-26 08:00:00+00:00,903.85,918.755,898.025,916.95,43000,309
2024-04-27 08:00:00+00:00,917.17,926.565,911.085,915.91,36537,599
2024-04-30 08:00:00+00:00,916.44,955.165,913.26,949.98,21894,1140
2024-05-01 08:00:00+00:00,949.49,953.815,931.385,936.62,25414,1100
2024-05-02 08:00:00+00:00,937.52,958.795,933.05,952.97,33993,579
2024-05-03 08:00:00+00:00,956.155,961.835,943.495,954.35,49603,629
2024-05-04 08:00:00+00:00,953.19,971.305,948.985,956.555,68433,759
2024-05-07 08:00:00+00:00,953.19,969.175,947.235,958.24,31415,309
2024-05-08 08:00:00+00:00,958.03,982.57,952.11,976.61,16633,449
2024-05-09 08:00:00+00:00,974.285,981.6,963.425,974.38,18907,1020
2024-05-10 08:00:00+00:00,972.83,988.935,969.625,983.4,35536,969
2024-05-11 08:00:00+00:00,984.12,999.365,982.83,995.39,45103,459
2024-05-14 08:00:00+00:00,996.36,1016.635,991.88,1000.06,34236,529
2024-05-15 08:00:00+00:00,1000.41,1038.855,1000.295,1036.31,52638,689
2024-05-16 08:00:00+00:00,1036.07,1067.44,1035.33,1066.77,49102,629
2024-05-17 08:00:00+00:00,1064.49,1082.175,1048.715,1061.59,24206,949
2024-05-18 08:00:00+00:00,1062.42,1090.065,1052.645,1079.155,21917,1300
2024-05-21 08:00:00+00:00,1078.72,1095.235,1048.345,1050.83,42305,319
2024-05-22 08:00:00+00:00,1051.77,1062.195,1030.06,1053.0,44974,729
2024-05-23 08:00:00+00:00,1053.66,1060.765,1035.725,1038.33,40810,309
2024-05-24 08:00:00+00:00,1038.34,1045.715,1013.725,1017.07,52604,309
2024-05-25 08:00:00+00:00,1017.61,1036.115,1015.345,1026.2,30502,329
2024-05-28 08:00:00+00:00,1028.12,1059.335,1027.93,1055.1,18681,309
2024-05-29 08:00:00+00:00,1054.52,1067.645,1045.36,1062.46,32906,349
2024-05-30 08:00:00+00:00,1059.49,1063.535,1035.945,1038.13,26637,429
2024-05-31 08:00:00+00:00,1038.06,1042.425,1022.55,1028.14,33038,429
2024-06-01 08:00:00+00:00,1027.59,1051.335,1019.935,1036.36,36489,309
2024-06-04 08:00:00+00:00,1033.26,1048.955,1014.585,1017.54,39226,309
2024-06-05 08:00:00+00:00,1016.35,1024.515,989.555,991.42,35230,309
2024-06-06 08:00:00+00:00,988.37,1002.075,984.725,998.14,38939,609
2024-06-07 08:00:00+00:00,996.21,1012.155,992.675,1006.23,31979,589
2024-06-08 08:00:00+00:00,1007.0,1012.275,964.445,965.78,35304,309
2024-06-11 08:00:00+00:00,968.47,978.335,964.34,973.23,26974,419
2024-06-12 08:00:00+00:00,970.95,973.645,950.36,956.36,32819,309
2024-06-13 08:00:00+00:00,956.7,975.535,948.25,960.75,45283,549
2024-06-14 08:00:00+00:00,961.26,961.26,942.92,951.61,37829,309
2024-06-15 08:00:00+00:00,951.44,959.855,945.245,958.99,33803,709
2024-06-18 08:00:00+00:00,957.75,972.855,946.74,971.05,27274,399
2024-06-19 08:00:00+00:00,969.52,978.885,958.96,974.7,49055,309
2024-06-20 08:00:00+00:00,970.2,985.635,969.885,977.7,29224,349
2024-06-21 08:00:00+00:00,977.68,989.885,969.875,982.19,35038,309
2024-06-22 08:00:00+00:00,981.81,1003.375,976.095,990.94,39229,359
2024-06-25 08:00:00+00:00,991.88,1010.795,986.27,997.59,28041,419
2024-06-26 08:00:00+00:00,997.66,1006.525,982.09,986.79,35648,979
2024-06-27 08:00:00+00:00,986.45,1021.915,980.705,1013.13,48184,699
2024-06-28 08:00:00+00:00,1011.11,1016.495,986.07,989.24,29307,369
2024-06-29 08:00:00+00:00,989.53,1017.075,984.835,995.71,33938,309
2024-07-02 08:00:00+00:00,994.22,1000.355,973.91,980.39,26625,309
2024-07-03 08:00:00+00:00,981.33,1005.085,975.33,997.62,37068,309
2024-07-04 08:00:00+00:00,993.99,1010.905,991.745,998.27,39117,309
2024-07-05 08:00:00+00:00,997.39,1016.325,995.495,997.39,14903,319
2024-07-06 08:00:00+00:00,1001.76,1035.545,998.08,1024.4,46011,309
2024-07-09 08:00:00+00:00,1029.13,1029.18,998.95,1002.13,27971,309
2024-07-10 08:00:00+00:00,1003.55,1011.575,980.775,987.7,27633,529
2024-07-11 08:00:00+00:00,988.68,1001.275,982.03,994.84,28276,309
2024-07-12 08:00:00+00:00,993.84,1012.495,982.97,1005.83,47100,459
2024-07-13 08:00:00+00:00,1006.12,1008.135,986.845,1000.99,26324,819
2024-07-16 08:00:00+00:00,1002.78,1014.355,984.595,998.05,28376,309
2024-07-17 08:00:00+00:00,998.59,1003.785,979.645,1002.69,46588,319
2024-07-18 08:00:00+00:00,1000.07,1029.605,994.025,997.34,51220,329
2024-07-19 08:00:00+00:00,996.17,1010.755,964.5,970.71,38402,319
2024-07-20 08:00:00+00:00,970.44,972.775,954.315,963.73,40633,349
2024-07-23 08:00:00+00:00,965.24,974.335,942.215,949.04,33569,479
2024-07-24 08:00:00+00:00,947.51,959.845,943.25,947.44,34999,319
2024-07-25 08:00:00+00:00,945.55,964.055,942.85,949.82,33369,659
2024-07-26 08:00:00+00:00,951.14,951.725,929.315,936.1,45121,309
2024-07-27 08:00:00+00:00,934.04,942.885,927.415,937.64,29917,309
2024-07-30 08:00:00+00:00,933.18,955.165,933.18,951.19,45044,309
2024-07-31 08:00:00+00:00,950.18,965.265,946.95,960.69,21866,1099
2024-08-01 08:00:00+00:00,953.07,980.325,953.02,977.31,26535,709
2024-08-02 08:00:00+00:00,974.23,980.135,959.685,962.13,71986,359
2024-08-03 08:00:00+00:00,961.39,976.135,952.845,956.39,51188,309
2024-08-06 08:00:00+00:00,954.73,959.005,906.885,911.74,101318,309
2024-08-07 08:00:00+00:00,912.76,926.475,908.185,913.48,97149,309
2024-08-08 08:00:00+00:00,913.64,932.405,909.22,916.68,68305,419
2024-08-09 08:00:00+00:00,915.95,938.345,913.715,935.79,80413,419
2024-08-10 08:00:00+00:00,935.4,942.895,920.73,923.79,37243,479
2024-08-13 08:00:00+00:00,924.6,949.405,920.365,942.18,33927,309
2024-08-14 08:00:00+00:00,939.47,943.335,932.545,940.09,21969,569
2024-08-15 08:00:00+00:00,939.48,945.915,922.72,926.33,43668,319
2024-08-16 08:00:00+00:00,925.62,963.495,922.445,954.84,35871,309
2024-08-17 08:00:00+00:00,954.03,958.785,943.635,956.39,22707,309
2024-08-20 08:00:00+00:00,950.25,961.805,945.045,959.07,19734,889
2024-08-21 08:00:00+00:00,958.43,966.215,948.345,950.85,25909,329
2024-08-22 08:00:00+00:00,950.82,974.445,949.46,967.64,30842,389
2024-08-23 08:00:00+00:00,966.23,969.565,940.175,948.03,43404,309
2024-08-24 08:00:00+00:00,948.88,965.595,942.025,963.55,32132,459
2024-08-27 08:00:00+00:00,962.95,981.165,959.01,961.14,31417,739
2024-08-28 08:00:00+00:00,961.3,963.835,951.91,960.61,30057,579
2024-08-29 08:00:00+00:00,959.25,962.695,930.485,933.81,31042,609
2024-08-30 08:00:00+00:00,933.92,949.265,931.28,940.12,37904,719
2024-08-31 08:00:00+00:00,939.6,950.235,926.45,928.51,51549,179
2024-09-03 08:00:00+00:00,927.24,931.475,922.645,927.88,34701,739
2024-09-04 08:00:00+00:00,927.5,929.865,900.345,907.71,51662,309
2024-09-05 08:00:00+00:00,907.12,915.785,899.935,909.0,54098,329
2024-09-06 08:00:00+00:00,907.38,936.135,905.795,927.9,38619,309
2024-09-07 08:00:00+00:00,926.37,940.135,913.71,923.6,83858,489
2024-09-10 08:00:00+00:00,916.42,945.755,916.11,942.44,51816,659
2024-09-11 08:00:00+00:00,941.96,950.025,937.075,942.83,36127,979
2024-09-12 08:00:00+00:00,941.33,958.555,930.585,955.33,64695,689
2024-09-13 08:00:00+00:00,955.3,982.665,953.815,981.5,63188,489
2024-09-14 08:00:00+00:00,980.5,1005.455,980.125,998.53,59920,339
2024-09-17 08:00:00+00:00,996.86,1005.165,982.3,986.52,45504,519
2024-09-18 08:00:00+00:00,985.61,992.735,977.52,986.19,40493,849
2024-09-19 08:00:00+00:00,983.05,987.225,966.335,971.41,55219,539
2024-09-20 08:00:00+00:00,971.95,993.66,964.935,986.49,29713,459
2024-09-21 08:00:00+00:00,984.72,995.905,973.76,977.12,20845,329
2024-09-24 08:00:00+00:00,976.37,977.765,954.26,958.33,34418,309
2024-09-25 08:00:00+00:00,959.07,990.735,957.585,989.62,29400,309
2024-09-26 08:00:00+00:00,989.39,998.725,978.75,989.75,17797,309
2024-09-27 08:00:00+00:00,988.2,1018.145,987.71,1009.18,39787,309
2024-09-28 08:00:00+00:00,1010.3,1018.275,997.035,1001.18,52623,339
2024-10-01 08:00:00+00:00,1004.24,1008.345,972.145,981.74,61697,309
2024-10-02 08:00:00+00:00,979.8,1002.635,977.735,992.31,47806,309
2024-10-03 08:00:00+00:00,992.05,1014.585,986.03,1008.03,34292,309
2024-10-04 08:00:00+00:00,1008.45,1011.295,980.345,993.53,37787,569
2024-10-05 08:00:00+00:00,993.89,1008.525,988.16,990.79,38426,929
2024-10-08 08:00:00+00:00,990.79,996.385,971.915,976.01,50539,309
2024-10-09 08:00:00+00:00,975.42,977.965,952.445,957.47,91344,309
2024-10-10 08:00:00+00:00,956.75,962.285,944.745,951.7,54354,309
2024-10-11 08:00:00+00:00,951.71,974.285,950.335,970.19,66103,709
2024-10-12 08:00:00+00:00,971.57,987.555,966.305,985.44,32692,1169
2024-10-15 08:00:00+00:00,977.99,1000.705,967.785,995.16,42081,429
2024-10-16 08:00:00+00:00,995.18,1001.075,975.045,986.52,86706,439
2024-10-17 08:00:00+00:00,986.47,1002.815,984.315,996.6,67965,1010
2024-10-18 08:00:00+00:00,996.24,1012.695,989.965,994.71,29262,439
2024-10-19 08:00:00+00:00,994.92,1017.545,989.615,1014.01,46534,309
2024-10-22 08:00:00+00:00,1014.76,1025.385,1004.445,1006.36,36492,900
2024-10-23 08:00:00+00:00,1006.33,1032.575,1003.865,1029.64,32763,309
2024-10-24 08:00:00+00:00,1029.96,1038.545,1013.615,1020.71,43996,309
2024-10-25 08:00:00+00:00,1020.7,1043.735,1017.325,1028.24,68013,309
2024-10-26 08:00:00+00:00,1028.19,1029.575,1003.465,1024.2,78269,309
2024-10-29 08:00:00+00:00,1018.14,1040.325,1016.205,1032.81,134484,659
2024-10-30 08:00:00+00:00,1032.82,1053.615,1032.345,1049.71,86289,659
2024-10-31 08:00:00+00:00,1049.7,1054.735,1010.005,1013.26,36999,479
2024-11-01 08:00:00+00:00,1013.26,1014.335,985.545,992.83,46395,309
2024-11-02 08:00:00+00:00,992.25,1006.435,987.015,993.04,30075,309
2024-11-05 08:00:00+00:00,993.25,1003.545,979.745,983.65,46478,309
2024-11-06 08:00:00+00:00,983.06,1005.035,978.435,999.08,59016,309
2024-11-07 08:00:00+00:00,998.61,1001.625,964.415,986.32,60047,309
2024-11-08 08:00:00+00:00,986.29,997.935,974.935,996.75,73686,749
2024-11-09 08:00:00+00:00,996.77,1000.235,965.785,971.5,89187,309
2024-11-12 08:00:00+00:00,970.45,988.055,961.065,964.64,81165,719
2024-11-13 08:00:00+00:00,963.79,965.465,939.955,947.68,81296,309
2024-11-14 08:00:00+00:00,947.7,956.335,936.26,936.66,86055,309
2024-11-15 08:00:00+00:00,936.65,943.945,928.065,938.97,92105,309
2024-11-16 08:00:00+00:00,939.02,952.935,933.735,941.26,98325,309
2024-11-19 08:00:00+00:00,941.26,970.465,939.785,967.06,42022,639
2024-11-20 08:00:00+00:00,966.85,976.745,961.915,973.44,79871,829
2024-11-21 08:00:00+00:00,972.62,976.255,958.945,961.49,44110,309
2024-11-22 08:00:00+00:00,961.56,969.44,955.435,962.96,91570,309
2024-11-23 08:00:00+00:00,962.91,972.525,956.725,964.84,90757,309
2024-11-26 08:00:00+00:00,965.29,971.145,938.395,939.85,72102,309
2024-11-27 08:00:00+00:00,938.67,942.805,925.005,928.65,66335,309
2024-11-28 08:00:00+00:00,927.27,940.535,924.565,928.89,48095,309
2024-11-29 08:00:00+00:00,928.99,938.985,922.395,933.4,166657,309
2024-11-30 08:00:00+00:00,932.17,952.495,932.05,947.48,170545,309
2024-12-03 08:00:00+00:00,948.52,949.435,937.505,945.74,42700,309
2024-12-04 08:00:00+00:00,945.04,960.435,939.055,952.14,30134,629
2024-12-05 08:00:00+00:00,952.14,954.365,930.635,939.97,42534,309
2024-12-06 08:00:00+00:00,938.94,950.315,934.135,939.1,36966,309
2024-12-07 08:00:00+00:00,937.76,946.925,926.805,931.15,37502,309
2024-12-10 08:00:00+00:00,930.93,956.405,928.07,940.72,51252,309
2024-12-11 08:00:00+00:00,940.91,944.955,932.735,940.53,75128,309
2024-12-12 08:00:00+00:00,940.51,948.195,929.435,938.63,65557,309
2024-12-13 08:00:00+00:00,938.64,951.315,923.145,932.98,91948,309
2024-12-14 08:00:00+00:00,933.03,940.235,916.345,922.95,57306,309
2024-12-17 08:00:00+00:00,920.27,945.065,918.03,937.92,35909,309
2024-12-18 08:00:00+00:00,936.87,944.065,924.095,939.36,47630,309
2024-12-19 08:00:00+00:00,938.7,942.735,919.145,919.98,35692,579
2024-12-20 08:00:00+00:00,921.68,932.845,915.355,924.27,45134,349
2024-12-21 08:00:00+00:00,923.66,933.695,915.905,925.13,43814,309
2024-12-24 08:00:00+00:00,924.47,945.895,924.47,939.2,28041,309
2024-12-25 08:00:00+00:00,933.73,946.26,933.73,940.29,66835,309
2024-12-27 08:00:00+00:00,933.07,946.04,931.425,934.61,2372801,949
2024-12-28 08:00:00+00:00,934.98,942.245,916.845,922.15,37010,309
2024-12-31 08:00:00+00:00,903.675,928.645,899.995,903.12,24266,2220
2025-01-01 08:00:00+00:00,902.79,916.24,898.585,904.8,11142,1179
2025-01-03 08:00:00+00:00,904.99,925.595,904.53,921.92,44676,309
2025-01-04 08:00:00+00:00,921.92,941.755,914.925,934.77,11970,579
2025-01-07 08:00:00+00:00,929.625,951.365,929.565,935.87,36720,459
2025-01-08 08:00:00+00:00,935.56,956.655,933.425,947.93,38647,389
2025-01-09 08:00:00+00:00,950.69,961.335,945.355,952.6,66246,309
2025-01-10 08:00:00+00:00,952.55,963.845,948.535,958.88,73276,309
2025-01-11 08:00:00+00:00,958.56,968.475,949.985,962.86,64019,309
2025-01-14 08:00:00+00:00,959.81,969.005,952.13,954.35,60464,309
2025-01-15 08:00:00+00:00,954.3,962.295,937.035,941.06,69651,309
2025-01-16 08:00:00+00:00,941.07,948.435,932.245,940.24,85604,309
2025-01-17 08:00:00+00:00,939.99,949.475,933.405,936.95,70735,309
2025-01-18 08:00:00+00:00,936.93,948.145,929.745,929.765,75633,309
2025-01-21 08:00:00+00:00,941.61,946.135,932.035,944.64,137951,309
2025-01-22 08:00:00+00:00,943.7,951.035,934.425,945.08,83131,309
2025-01-23 08:00:00+00:00,944.87,954.105,941.775,947.9,40465,309
2025-01-24 08:00:00+00:00,947.82,951.245,938.415,943.93,66635,309
2025-01-25 08:00:00+00:00,943.83,959.59,942.995,948.44,34196,309
2025-01-28 08:00:00+00:00,950.14,951.195,936.535,947.5,39230,309
2025-01-29 08:00:00+00:00,946.78,949.215,937.055,943.29,34471,309
2025-01-30 08:00:00+00:00,943.34,954.235,938.605,947.65,84136,1099
2025-01-31 08:00:00+00:00,952.74,972.115,945.905,967.19,34627,309
2025-02-01 08:00:00+00:00,969.3,985.545,964.985,981.0,56425,309
2025-02-04 08:00:00+00:00,976.16,979.415,949.545,965.81,63251,309
2025-02-05 08:00:00+00:00,965.81,976.435,957.845,966.09,47665,309
2025-02-06 08:00:00+00:00,966.26,990.015,964.365,983.47,45718,309
2025-02-07 08:00:00+00:00,983.54,992.985,974.815,986.73,123687,309
2025-02-08 08:00:00+00:00,986.75,999.455,970.84,971.14,102047,309
2025-02-11 08:00:00+00:00,975.43,994.415,961.615,986.85,39057,309
2025-02-12 08:00:00+00:00,988.45,995.905,975.575,984.57,52485,309
2025-02-13 08:00:00+00:00,988.86,1000.015,969.335,993.65,50260,309
2025-02-14 08:00:00+00:00,994.15,1004.745,987.495,998.24,44143,309
2025-02-15 08:00:00+00:00,1001.16,1009.085,971.175,971.245,52466,309
2025-02-18 08:00:00+00:00,977.78,990.765,973.425,981.63,138296,309
2025-02-19 08:00:00+00:00,979.89,990.945,975.915,983.07,70169,379
2025-02-20 08:00:00+00:00,983.17,985.775,966.16,971.98,63918,309
2025-02-21 08:00:00+00:00,967.62,982.295,964.105,978.32,20831,309
2025-02-22 08:00:00+00:00,978.32,985.175,964.415,968.755,33137,309
2025-02-25 08:00:00+00:00,968.83,978.885,960.125,967.43,38366,709
2025-02-26 08:00:00+00:00,968.48,974.275,957.855,971.09,24967,309
2025-02-27 08:00:00+00:00,970.8,979.985,962.115,966.29,17358,389
2025-02-28 08:00:00+00:00,966.17,974.655,945.77,946.53,28017,309
2025-03-01 08:00:00+00:00,941.62,953.465,936.54,946.66,41098,309
2025-03-04 08:00:00+00:00,947.62,966.005,946.58,953.68,48241,309
2025-03-05 08:00:00+00:00,954.22,965.551,948.17,962.0,36596,309
2025-03-06 08:00:00+00:00,962.55,975.071,955.501,964.53,34268,847
2025-03-07 08:00:00+00:00,964.41,976.961,957.361,967.17,99286,397
2025-03-08 08:00:00+00:00,967.27,977.651,958.591,967.15,80833,397
2025-03-11 08:00:00+00:00,965.26,975.941,957.141,961.28,44382,1187
2025-03-12 08:00:00+00:00,958.82,985.031,952.441,978.41,53280,397
2025-03-13 08:00:00+00:00,972.66,991.461,972.66,982.91,43320,1307
2025-03-14 08:00:00+00:00,980.55,996.65,969.581,993.64,48728,397
2025-03-15 08:00:00+00:00,989.31,1000.441,987.191,993.96,45179,397
2025-03-18 08:00:00+00:00,994.59,1004.801,988.87,999.33,29761,397
2025-03-19 08:00:00+00:00,999.33,1009.411,997.901,1002.39,67675,397
2025-03-20 08:00:00+00:00,1002.42,1003.26,982.841,994.97,32491,557
2025-03-21 08:00:00+00:00,994.13,1000.091,982.881,986.46,45191,397
2025-03-22 08:00:00+00:00,978.37,988.67,973.541,974.09,34509,397
2025-03-25 08:00:00+00:00,972.42,985.771,970.201,974.1,44301,487
2025-03-26 08:00:00+00:00,974.15,987.631,967.101,977.33,66741,727
2025-03-27 08:00:00+00:00,978.92,984.101,968.62,968.95,55748,397
2025-03-28 08:00:00+00:00,976.3,989.511,968.946,982.67,53237,0
2025-03-29 08:00:00+00:00,988.31,992.2,977.381,981.32,43572,397
2025-04-01 08:00:00+00:00,978.03,1000.591,978.03,993.85,64980,397
2025-04-02 08:00:00+00:00,987.7,999.151,983.071,985.53,59437,397
2025-04-03 08:00:00+00:00,986.25,990.211,967.201,967.99,63125,397
2025-04-04 08:00:00+00:00,968.58,985.331,946.36,946.69,63927,397
2025-04-05 08:00:00+00:00,943.32,959.941,916.601,916.621,70133,397
2025-04-08 08:00:00+00:00,908.83,938.401,886.431,914.33,83735,397
2025-04-09 08:00:00+00:00,915.97,932.471,912.0,920.01,108564,1427
2025-04-10 08:00:00+00:00,920.39,934.301,909.811,931.5,103960,397
2025-04-11 08:00:00+00:00,931.5,943.281,929.601,933.05,60243,397
2025-04-12 08:00:00+00:00,932.75,950.261,925.761,940.44,121719,737
2025-04-15 08:00:00+00:00,936.78,958.591,936.78,950.35,78099,397
2025-04-16 08:00:00+00:00,949.17,964.061,947.131,958.01,61303,397
2025-04-17 08:00:00+00:00,953.25,973.561,953.25,968.4,58802,397
2025-04-18 08:00:00+00:00,964.4,974.151,953.901,961.09,72880,527
2025-04-22 08:00:00+00:00,968.35,978.501,958.361,962.34,82778,397
2025-04-23 08:00:00+00:00,962.55,974.801,943.511,954.79,502044,397
2025-04-24 08:00:00+00:00,954.78,979.151,947.531,973.77,474104,397
2025-04-25 08:00:00+00:00,972.12,980.931,968.411,975.57,92843,577
2025-04-26 08:00:00+00:00,975.32,977.961,958.54,972.02,570495,747
2025-04-29 08:00:00+00:00,975.95,993.911,966.17,987.08,95195,397
2025-04-30 08:00:00+00:00,987.96,993.47,976.16,979.24,73151,557
2025-05-01 08:00:00+00:00,979.19,982.001,963.301,968.05,57270,397
2025-05-02 08:00:00+00:00,967.07,971.366,956.801,964.25,20029,397
2025-05-03 08:00:00+00:00,964.35,975.381,960.901,962.95,74022,397
2025-05-06 08:00:00+00:00,961.38,971.611,956.63,961.75,28794,397
2025-05-07 08:00:00+00:00,962.64,988.241,956.561,985.35,45069,397
2025-05-08 08:00:00+00:00,984.89,991.101,975.2,975.73,36132,397
2025-05-09 08:00:00+00:00,976.65,990.761,969.061,982.75,67138,417
2025-05-10 08:00:00+00:00,983.96,1001.541,977.59,997.75,38043,397
2025-05-13 08:00:00+00:00,995.42,1005.811,976.901,981.23,71356,827
2025-05-14 08:00:00+00:00,981.66,993.291,976.051,990.15,38832,997
2025-05-15 08:00:00+00:00,981.55,999.491,979.56,984.13,40396,1367
2025-05-16 08:00:00+00:00,983.75,994.791,972.291,992.15,72027,867
2025-05-17 08:00:00+00:00,991.93,994.61,982.601,988.55,30599,1157
2025-05-20 08:00:00+00:00,982.01,1004.841,982.01,998.67,30535,437
2025-05-21 08:00:00+00:00,998.84,1058.311,994.431,1056.85,45765,667
2025-05-22 08:00:00+00:00,1056.85,1084.511,1037.44,1074.85,51564,397
2025-05-23 08:00:00+00:00,1074.75,1084.391,1062.631,1080.45,74616,397
2025-05-24 08:00:00+00:00,1080.43,1096.631,1072.831,1093.15,90121,1587
2025-05-27 08:00:00+00:00,1083.95,1102.141,1083.57,1084.8,149520,1467
2025-05-28 08:00:00+00:00,1087.04,1089.87,1071.401,1084.15,65744,1367
2025-05-29 08:00:00+00:00,1084.45,1095.781,1074.24,1080.87,90083,1780
2025-05-30 08:00:00+00:00,1080.18,1093.821,1066.571,1085.56,28719,1347
2025-05-31 08:00:00+00:00,1087.34,1087.7,1052.941,1056.31,30804,967
2025-06-03 08:00:00+00:00,1048.21,1070.891,1042.721,1067.45,43574,797
2025-06-04 08:00:00+00:00,1067.01,1079.501,1054.251,1077.65,56655,747
2025-06-05 08:00:00+00:00,1074.35,1096.511,1072.901,1089.61,39939,397
2025-06-06 08:00:00+00:00,1089.62,1145.401,1084.271,1137.25,77606,1707
2025-06-07 08:00:00+00:00,1134.59,1173.491,1131.931,1167.65,24910,397
2025-06-10 08:00:00+00:00,1156.25,1222.051,1156.25,1216.77,57348,587
2025-06-11 08:00:00+00:00,1216.67,1226.791,1201.911,1217.13,95647,637
2025-06-12 08:00:00+00:00,1215.97,1285.611,1213.9,1260.48,45572,397
2025-06-13 08:00:00+00:00,1259.66,1298.121,1241.111,1297.3,43595,397
2025-06-14 08:00:00+00:00,1297.34,1305.851,1212.261,1226.17,108011,397
2025-06-17 08:00:00+00:00,1221.15,1274.491,1214.541,1247.46,38228,397
2025-06-18 08:00:00+00:00,1248.25,1275.101,1234.651,1261.47,31193,397
2025-06-19 08:00:00+00:00,1260.74,1327.901,1247.84,1321.44,36492,587
2025-06-20 08:00:00+00:00,1321.49,1350.801,1265.001,1296.44,304542,397
2025-06-21 08:00:00+00:00,1294.14,1321.651,1260.371,1263.15,106623,397
2025-06-24 08:00:00+00:00,1247.69,1303.721,1243.961,1293.34,50274,397
2025-06-25 08:00:00+00:00,1293.44,1324.691,1277.541,1315.51,81641,397
2025-06-26 08:00:00+00:00,1317.21,1367.951,1297.801,1352.95,30949,437
2025-06-27 08:00:00+00:00,1353.19,1434.111,1350.291,1420.71,73868,417
2025-06-28 08:00:00+00:00,1426.78,1435.281,1322.281,1338.15,40600,707
2025-07-01 08:00:00+00:00,1338.2,1378.791,1322.991,1357.25,43640,397
2025-07-02 08:00:00+00:00,1359.72,1371.991,1328.701,1354.95,37223,397
2025-07-03 08:00:00+00:00,1359.53,1433.851,1346.171,1421.55,52174,397
2025-07-04 08:00:00+00:00,1422.83,1424.65,1356.391,1374.62,42798,1157
2025-07-05 08:00:00+00:00,1374.29,1396.601,1361.861,1395.301,43935,397
2025-07-08 08:00:00+00:00,1379.59,1400.301,1345.731,1368.29,38271,1047
2025-07-09 08:00:00+00:00,1368.69,1391.161,1344.901,1370.0,88033,397
2025-07-10 08:00:00+00:00,1369.9,1373.511,1341.201,1348.32,68588,1417
2025-07-11 08:00:00+00:00,1348.42,1371.521,1338.871,1362.82,69636,397
2025-07-12 08:00:00+00:00,1362.57,1403.351,1341.021,1364.65,85163,397
2025-07-15 08:00:00+00:00,1372.82,1400.34,1357.061,1360.36,46213,1507
2025-07-16 08:00:00+00:00,1356.19,1395.581,1354.171,1359.75,51995,397
2025-07-17 08:00:00+00:00,1359.75,1425.701,1350.301,1418.401,60895,397
2025-07-18 08:00:00+00:00,1417.931,1467.031,1402.061,1463.351,42856,897
2025-07-19 08:00:00+00:00,1462.951,1482.041,1418.261,1425.721,43791,397
2025-07-22 08:00:00+00:00,1420.651,1465.791,1416.451,1448.661,33147,397
2025-07-23 08:00:00+00:00,1448.271,1458.001,1426.821,1440.691,41093,1657
2025-07-24 08:00:00+00:00,1441.061,1460.271,1412.821,1416.141,46940,487
2025-07-25 08:00:00+00:00,1417.691,1424.491,1378.341,1410.461,39122,467
2025-07-26 08:00:00+00:00,1413.731,1420.641,1382.591,1399.861,29701,397
2025-07-29 08:00:00+00:00,1403.871,1426.291,1381.101,1391.941,52423,397
2025-07-30 08:00:00+00:00,1388.991,1406.531,1372.661,1388.281,38180,977
2025-07-31 08:00:00+00:00,1389.051,1407.851,1279.611,1314.411,40645,877
2025-08-01 08:00:00+00:00,1311.191,1338.001,1286.201,1291.941,39583,397
2025-08-02 08:00:00+00:00,1292.071,1319.791,1260.121,1315.901,55567,0
2025-08-05 08:00:00+00:00,1313.671,1356.301,1302.221,1327.601,58510,667
2025-08-06 08:00:00+00:00,1327.591,1339.131,1303.171,1319.441,47616,1707
2025-08-07 08:00:00+00:00,1319.491,1344.471,1309.541,1334.541,51181,1307
2025-08-08 08:00:00+00:00,1334.151,1345.231,1309.791,1336.881,44309,747
2025-08-09 08:00:00+00:00,1338.071,1350.341,1305.551,1326.631,50292,397
2025-08-12 08:00:00+00:00,1329.071,1337.571,1303.911,1326.421,45799,397
2025-08-13 08:00:00+00:00,1331.581,1347.161,1316.881,1340.681,39922,397
2025-08-14 08:00:00+00:00,1342.001,1359.171,1328.381,1343.121,32481,397
2025-08-15 08:00:00+00:00,1343.231,1359.491,1325.241,1356.401,36433,997
2025-08-16 08:00:00+00:00,1355.081,1370.751,1328.291,1338.401,53562,1567
2025-08-19 08:00:00+00:00,1320.181,1350.951,1320.181,1330.101,28407,817
2025-08-20 08:00:00+00:00,1330.451,1348.901,1303.361,1311.501,46155,1037
2025-08-21 08:00:00+00:00,1308.811,1342.881,1287.721,1337.501,35257,397
2025-08-22 08:00:00+00:00,1334.701,1358.551,1314.88,1352.6,17646,777
2025-08-23 08:00:00+00:00,1339.431,1384.681,1328.571,1358.101,19373,2767
2025-08-26 08:00:00+00:00,1355.051,1366.341,1337.981,1341.401,32329,667
2025-08-27 08:00:00+00:00,1343.721,1353.331,1326.271,1350.181,36981,937
2025-08-28 08:00:00+00:00,1351.851,1358.161,1335.701,1347.601,33379,1127
2025-08-29 08:00:00+00:00,1346.091,1363.901,1317.951,1360.991,36265,1387
2025-08-30 08:00:00+00:00,1359.591,1373.401,1341.501,1367.901,33669,1507
2025-09-02 08:00:00+00:00,1353.141,1424.861,1353.141,1406.47,39638,737
2025-09-03 08:00:00+00:00,1394.061,1423.761,1371.581,1406.691,60876,917
2025-09-04 08:00:00+00:00,1407.781,1439.831,1385.451,1421.501,68301,1077
2025-09-05 08:00:00+00:00,1420.181,1424.231,1362.881,1372.971,59185,397
2025-09-06 08:00:00+00:00,1373.151,1400.461,1365.271,1373.111,57698,397
2025-09-09 08:00:00+00:00,1362.871,1406.171,1362.791,1382.461,49336,397
2025-09-10 08:00:00+00:00,1383.481,1399.221,1358.431,1373.89,62422,477
2025-09-11 08:00:00+00:00,1372.43,1404.111,1367.6,1390.75,42015,397
2025-09-12 08:00:00+00:00,1390.86,1396.321,1367.711,1383.6,69569,747
2025-09-13 08:00:00+00:00,1382.43,1407.261,1365.621,1393.89,34735,517
2025-09-16 08:00:00+00:00,1381.95,1409.791,1381.081,1405.45,35267,637
2025-09-17 08:00:00+00:00,1403.48,1411.091,1382.601,1393.49,41138,937
2025-09-18 08:00:00+00:00,1393.38,1400.491,1352.071,1364.96,119045,397
2025-09-19 08:00:00+00:00,1364.91,1399.631,1356.69,1383.32,139291,707
2025-09-20 08:00:00+00:00,1378.1,1410.301,1374.611,1401.75,49549,397
2025-09-23 08:00:00+00:00,1391.47,1426.901,1391.47,1414.57,57379,497
2025-09-24 08:00:00+00:00,1414.57,1498.221,1406.9,1475.9,87845,397
2025-09-25 08:00:00+00:00,1473.91,1487.801,1464.141,1471.9,50733,547
2025-09-26 08:00:00+00:00,1471.9,1533.101,1454.591,1520.9,65141,437
2025-09-27 08:00:00+00:00,1520.87,1586.371,1490.701,1573.86,91167,397
2025-09-30 08:00:00+00:00,1556.95,1627.681,1556.95,1600.47,73936,397
2025-10-01 08:00:00+00:00,1600.91,1612.101,1526.411,1573.3,60624,397
2025-10-02 08:00:00+00:00,1573.37,1596.931,1539.101,1563.71,175380,467
2025-10-03 08:00:00+00:00,1563.6,1598.241,1528.391,1569.61,128968,987
2025-10-04 08:00:00+00:00,1569.72,1616.611,1547.381,1602.0,129776,507
2025-10-07 08:00:00+00:00,1574.23,1646.851,1574.23,1623.96,78517,617
2025-10-08 08:00:00+00:00,1623.86,1641.061,1602.411,1623.48,127283,927
2025-10-09 08:00:00+00:00,1622.2,1676.761,1600.401,1658.52,59699,1057
2025-10-10 08:00:00+00:00,1658.86,1687.311,1611.681,1620.73,103702,397
2025-10-11 08:00:00+00:00,1612.02,1655.831,1584.651,1586.93,112647,397
2025-10-14 08:00:00+00:00,1592.15,1667.411,1592.15,1628.38,75365,397
2025-10-15 08:00:00+00:00,1628.33,1681.301,1608.271,1631.28,259256,397
2025-10-16 08:00:00+00:00,1631.66,1672.101,1624.131,1662.1,116428,397
2025-10-17 08:00:00+00:00,1653.94,1731.231,1645.031,1715.96,103271,397
2025-10-18 08:00:00+00:00,1711.61,1724.751,1599.3,1601.21,155736,397
2025-10-21 08:00:00+00:00,1602.23,1648.751,1559.541,1628.39,112045,397
2025-10-22 08:00:00+00:00,1628.43,1652.941,1515.581,1544.05,150950,397
2025-10-23 08:00:00+00:00,1533.08,1635.636,1488.061,1621.5,119725,397
2025-10-24 08:00:00+00:00,1614.65,1662.301,1580.271,1626.57,91216,397
2025-10-25 08:00:00+00:00,1618.94,1660.301,1579.541,1600.34,79925,397
2025-10-28 08:00:00+00:00,1595.66,1624.501,1574.791,1584.3,84217,397
2025-10-29 08:00:00+00:00,1578.81,1596.781,1523.181,1584.4,102265,397
2025-10-30 08:00:00+00:00,1585.26,1620.511,1550.851,1591.79,61898,397
2025-10-31 08:00:00+00:00,1581.71,1618.011,1578.291,1602.7,66299,397
2025-11-01 08:00:00+00:00,1594.23,1628.221,1565.501,1566.04,60667,397
2025-11-04 08:00:00+00:00,1534.48,1612.901,1534.48,1566.95,81511,397
2025-11-05 08:00:00+00:00,1569.08,1572.951,1533.531,1537.86,64506,397
2025-11-06 08:00:00+00:00,1530.78,1563.301,1516.141,1555.07,67612,397
2025-11-07 08:00:00+00:00,1554.87,1582.091,1519.691,1527.05,567577,397
2025-11-08 08:00:00+00:00,1528.03,1568.481,1497.471,1539.35,88445,397
2025-11-11 08:00:00+00:00,1540.03,1592.531,1540.03,1572.91,98819,397
2025-11-12 08:00:00+00:00,1573.01,1602.371,1557.061,1582.61,141387,1007
2025-11-13 08:00:00+00:00,1582.5,1622.421,1574.401,1615.95,145505,737
2025-11-14 08:00:00+00:00,1616.0,1632.281,1566.701,1582.09,129938,397
2025-11-15 08:00:00+00:00,1582.19,1612.471,1526.061,1535.33,259761,747
2025-11-18 08:00:00+00:00,1550.06,1563.621,1521.481,1534.34,71057,397
2025-11-19 08:00:00+00:00,1533.71,1552.071,1508.081,1530.82,63030,397
2025-11-20 08:00:00+00:00,1533.26,1579.021,1500.741,1544.47,82475,397
2025-11-21 08:00:00+00:00,1544.23,1569.411,1508.581,1513.72,110855,397
2025-11-22 08:00:00+00:00,1514.0,1534.891,1492.241,1507.77,130131,397
2025-11-25 08:00:00+00:00,1519.36,1552.581,1515.841,1548.97,48264,397
2025-11-26 08:00:00+00:00,1549.03,1568.721,1535.441,1551.75,94084,397
2025-11-27 08:00:00+00:00,1551.76,1594.541,1533.221,1580.72,178090,397
2025-11-28 08:00:00+00:00,1580.7,1649.881,1554.421,1610.42,214157,397
2025-11-29 08:00:00+00:00,1611.93,1679.296,1595.621,1659.001,48511,397
2025-12-02 08:00:00+00:00,1669.04,1725.081,1653.871,1659.45,148544,397
2025-12-03 08:00:00+00:00,1659.5,1673.611,1605.901,1639.8,131902,957
2025-12-04 08:00:00+00:00,1639.53,1675.001,1610.711,1671.35,85146,717
2025-12-05 08:00:00+00:00,1668.5,1675.061,1627.431,1646.81,85244,1017
2025-12-06 08:00:00+00:00,1646.51,1671.261,1629.311,1635.41,161105,397
2025-12-09 08:00:00+00:00,1636.83,1669.321,1635.061,1647.95,94718,397
2025-12-10 08:00:00+00:00,1647.04,1699.891,1630.821,1689.2,136983,397
2025-12-11 08:00:00+00:00,1689.2,1697.701,1624.571,1659.09,99256,717
2025-12-12 08:00:00+00:00,1659.41,1703.231,1634.911,1695.84,159759,397
2025-12-13 08:00:00+00:00,1685.72,1778.811,1676.151,1737.38,133919,397
2025-12-16 08:00:00+00:00,1734.37,1815.221,1715.341,1788.53,146727,397
2025-12-17 08:00:00+00:00,1788.64,1858.651,1777.081,1842.83,191172,397
2025-12-18 08:00:00+00:00,1842.72,1931.921,1825.851,1896.35,258860,397
2025-12-19 08:00:00+00:00,1896.2,1978.991,1865.441,1926.42,171479,397
2025-12-20 08:00:00+00:00,1926.54,1982.281,1874.191,1964.98,157249,397
2025-12-23 08:00:00+00:00,1949.93,2125.41,1949.93,2125.27,127291,397
2025-12-24 08:00:00+00:00,2125.41,2294.901,2106.311,2289.71,176494,397
2025-12-25 08:00:00+00:00,2289.71,2376.571,2140.641,2250.83,597197,397
2025-12-26 08:00:00+00:00,2250.93,2250.93,2248.09,2250.93,2764786,7840
2025-12-27 08:00:00+00:00,2311.77,2471.111,2311.13,2442.29,461478,397
2025-12-30 08:00:00+00:00,2478.68,2480.241,2067.171,2106.75,214547,397
2025-12-31 08:00:00+00:00,2106.35,2247.241,2044.161,2172.21,597359,2467
2026-01-01 08:00:00+00:00,2164.64,2186.181,1908.401,2041.5,347594,3867
2026-01-02 08:00:00+00:00,2046.3,2046.3,2041.5,2046.3,12002427,16150
2026-01-03 08:00:00+00:00,2041.5,2169.571,2041.5,2141.87,841024,827
2026-01-06 08:00:00+00:00,2166.52,2306.631,2148.191,2269.9,129609,397
2026-01-07 08:00:00+00:00,2265.94,2454.931,2217.951,2433.57,117806,397
2026-01-08 08:00:00+00:00,2433.67,2466.651,2243.501,2293.73,140952,397
2026-01-09 08:00:00+00:00,2293.73,2328.911,2168.171,2260.5,104199,397
2026-01-10 08:00:00+00:00,2260.5,2320.711,2196.861,2259.92,103127,737
2026-01-13 08:00:00+00:00,2287.91,2381.281,2269.351,2334.42,122938,1717
2026-01-14 08:00:00+00:00,2322.06,2399.361,2270.421,2330.41,98707,1317
2026-01-15 08:00:00+00:00,2312.52,2452.281,2312.52,2394.16,137259,397
2026-01-16 08:00:00+00:00,2394.01,2435.791,2242.741,2407.0,621249,397
2026-01-17 08:00:00+00:00,2407.0,2416.211,2262.131,2327.32,106861,867
2026-01-20 08:00:00+00:00,2347.63,2384.471,2328.711,2371.5,130905,1087
2026-01-21 08:00:00+00:00,2372.18,2481.951,2311.301,2471.61,135626,397
2026-01-22 08:00:00+00:00,2471.57,2550.051,2401.691,2485.46,693281,397
2026-01-23 08:00:00+00:00,2485.63,2647.381,2361.691,2633.53,157829,427
2026-01-24 08:00:00+00:00,2634.54,2782.091,2598.851,2773.01,137738,397
2026-01-27 08:00:00+00:00,2767.68,2919.341,2548.971,2593.63,216803,397
2026-01-28 08:00:00+00:00,2564.641,2760.151,2516.661,2627.0,226360,1557
2026-01-29 08:00:00+00:00,2624.77,2714.241,2577.521,2697.85,181714,397
2026-01-30 08:00:00+00:00,2716.69,2817.161,2475.851,2624.08,205982,397
2026-01-31 08:00:00+00:00,2627.97,2674.831,2005.611,2168.66,208083,397
2026-02-03 08:00:00+00:00,2161.4,2174.721,1888.941,2115.64,153467,397
2026-02-04 08:00:00+00:00,2087.6,2280.901,2087.38,2202.19,185072,397
2026-02-05 08:00:00+00:00,2157.71,2337.831,2157.71,2225.56,129370,1427
2026-02-06 08:00:00+00:00,2224.66,2281.981,1976.041,1986.61,199012,397
2026-02-07 08:00:00+00:00,1929.24,2115.301,1821.881,2097.36,148741,397
2026-02-10 08:00:00+00:00,2121.42,2151.981,2038.911,2121.21,130416,417
2026-02-11 08:00:00+00:00,2126.62,2137.471,2060.711,2087.01,99739,927
2026-02-12 08:00:00+00:00,2085.63,2191.581,2058.911,2134.44,134280,1627
2026-02-13 08:00:00+00:00,2138.14,2147.151,1990.391,1999.21,134527,647
2026-02-14 08:00:00+00:00,1994.48,2097.021,1977.721,2060.19,123874,877
2026-02-17 08:00:00+00:00,2061.32,2078.001,2010.791,2041.96,48354,467
2026-02-18 08:00:00+00:00,2011.84,2045.131,1984.051,2005.41,139782,1887
2026-02-19 08:00:00+00:00,2014.44,2109.271,1973.601,2074.38,108932,2357
2026-02-20 08:00:00+00:00,2077.28,2110.821,2050.171,2073.66,115585,857
2026-02-21 08:00:00+00:00,2073.52,2172.651,2053.601,2151.1,110012,397
2026-02-24 08:00:00+00:00,2152.18,2201.231,2105.791,2153.62,161345,1687
2026-02-25 08:00:00+00:00,2156.83,2202.031,2093.171,2173.87,149085,1227
2026-02-26 08:00:00+00:00,2169.47,2349.721,2140.591,2287.13,147574,547
2026-02-27 08:00:00+00:00,2274.19,2319.241,2206.071,2261.891,125281,2007
2026-02-28 08:00:00+00:00,2280.681,2409.211,2263.481,2359.81,192612,1737
2026-03-03 08:00:00+00:00,2403.56,2434.211,2256.891,2305.5,157577,1567
2026-03-04 08:00:00+00:00,2274.82,2339.421,2010.431,2090.5,243709,397
2026-03-05 08:00:00+00:00,2093.7,2199.561,2046.261,2160.06,185565,1797
2026-03-06 08:00:00+00:00,2134.53,2223.931,2097.341,2118.65,210717,1547
2026-03-07 08:00:00+00:00,2107.22,2174.551,2090.49,2137.37,119100,2817
2026-03-10 08:00:00+00:00,2078.12,2189.15,2024.37,2181.65,106705,2940
2026-03-11 08:00:00+00:00,2176.32,2246.0,2149.2,2204.57,83593,2950
2026-03-12 08:00:00+00:00,2191.49,2231.73,2161.75,2167.75,81919,2390
2026-03-13 08:00:00+00:00,2157.01,2202.52,2119.6,2131.66,87015,1920
2026-03-14 08:00:00+00:00,2108.9,2168.61,2015.36,2019.86,81828,1800
2026-03-17 08:00:00+00:00,2009.94,2127.76,2005.12,2115.98,98169,1510
2026-03-18 08:00:00+00:00,2095.19,2172.65,2067.421,2125.06,66269,1740
2026-03-19 08:00:00+00:00,2111.04,2143.94,2007.83,2024.26,78920,1930
2026-03-20 08:00:00+00:00,2001.54,2054.0,1874.8,1971.83,122302,1290
2026-03-21 08:00:00+00:00,1974.14,2021.78,1916.18,1923.05,121486,1000
2026-03-24 08:00:00+00:00,1906.99,1945.27,1736.9,1880.3,163736,1000
2026-03-25 08:00:00+00:00,1840.62,1934.06,1832.65,1929.81,133902,1000
2026-03-26 08:00:00+00:00,1928.98,2000.49,1888.001,1926.55,132477,2130
2026-03-27 08:00:00+00:00,1929.8,1948.51,1815.2,1821.98,105993,1080
2026-03-28 08:00:00+00:00,1824.8,1911.02,1811.96,1862.31,87420,1000
2026-03-31 08:00:00+00:00,1810.51,1942.34,1810.51,1894.34,103867,1350
2026-04-01 08:00:00+00:00,1831.33,1971.18,1831.33,1964.49,141325,1580
2026-04-02 08:00:00+00:00,1931.291,1990.2,1931.291,1965.51,113028,1830
2026-04-03 08:00:00+00:00,1921.42,1999.62,1878.81,1997.38,114292,1420
2026-04-07 08:00:00+00:00,1980.13,2008.95,1945.05,1982.93,97374,3640
2026-04-08 08:00:00+00:00,1956.39,1994.07,1905.92,1958.12,126850,2150
2026-04-09 08:00:00+00:00,1910.79,2094.97,1910.79,2043.35,144472,2160
2026-04-10 08:00:00+00:00,2027.581,2122.61,2000.35,2109.16,109123,2710
2026-04-11 08:00:00+00:00,2068.32,2106.63,2041.59,2049.99,97578,2810
2026-04-14 08:00:00+00:00,2014.18,2073.41,1972.831,2070.09,140675,2160
2026-04-15 08:00:00+00:00,2047.79,2107.15,2035.061,2107.15,95809,2740
2026-04-16 08:00:00+00:00,2069.62,2147.35,2069.62,2126.29,147640,1820
2026-04-17 08:00:00+00:00,2088.82,2155.66,2075.15,2096.64,131712,1490
2026-04-18 08:00:00+00:00,2045.78,2158.86,2045.78,2119.77,123728,2160
2026-04-21 08:00:00+00:00,2068.03,2108.38,2044.511,2088.72,158330,2020
2026-04-22 08:00:00+00:00,2075.98,2096.03,2008.71,2014.61,153799,1000
2026-04-23 08:00:00+00:00,1992.92,2094.92,1992.92,2079.06,147017,2230
2026-04-24 08:00:00+00:00,2051.83,2086.9,1997.9,2008.79,175656,1780
2026-04-25 08:00:00+00:00,1971.28,2029.26,1970.24,2014.19,168033,2110
2026-04-28 08:00:00+00:00,1960.44,2039.02,1960.44,1983.76,140612,2290
2026-04-29 08:00:00+00:00,1944.65,2005.9,1916.7,1941.0,153802,1990
2026-04-30 08:00:00+00:00,1937.931,1950.16,1873.47,1878.34,117220,2530
2026-05-01 08:00:00+00:00,1845.97,1993.95,1845.97,1985.64,163368,1720
2026-05-02 08:00:00+00:00,1977.01,2018.69,1957.78,1982.83,85901,1870
2026-05-05 08:00:00+00:00,1942.2,2013.62,1928.76,1946.89,130279,2680
2026-05-06 08:00:00+00:00,1909.91,1997.29,1909.91,1950.61,127104,1170
2026-05-07 08:00:00+00:00,1913.02,2061.56,1913.02,2059.38,142338,2290
2026-05-08 08:00:00+00:00,2016.87,2099.54,2016.87,2032.89,129308,1920
2026-05-09 08:00:00+00:00,2010.89,2065.5,1995.991,2052.63,121541,1090
2026-05-12 08:00:00+00:00,2028.24,2134.5,2019.68,2131.56,140849,3510
2026-05-13 08:00:00+00:00,2115.09,2146.41,2055.11,2130.61,156290,2090
2026-05-14 08:00:00+00:00,2123.84,2192.19,2097.0,2151.05,139710,3710
2026-05-15 08:00:00+00:00,2106.36,2159.71,2051.83,2059.79,128633,2030
2026-05-16 08:00:00+00:00,2015.04,2068.56,1965.721,1976.481,140340,1457
2026-05-19 08:00:00+00:00,1941.59,1996.391,1941.59,1972.681,193149,1067
2026-05-20 08:00:00+00:00,1948.2,1997.101,1922.111,1923.951,196651,397
2026-05-21 08:00:00+00:00,1897.54,1963.101,1897.54,1956.491,172684,1287
2026-05-22 08:00:00+00:00,1949.771,1973.081,1919.481,1969.191,198014,397
2026-05-23 08:00:00+00:00,1944.96,1968.961,1911.501,1928.931,347924,2217
2026-05-26 08:00:00+00:00,1909.05,1978.081,1909.05,1962.89,79003,1237
2026-05-27 08:00:00+00:00,1947.36,1974.941,1933.451,1956.921,140922,857
2026-05-28 08:00:00+00:00,1921.53,1968.391,1906.411,1923.931,183901,1847
2026-05-29 08:00:00+00:00,1898.04,1933.511,1859.711,1924.061,173932,937
2026-05-30 08:00:00+00:00,1904.64,1945.991,1901.531,1925.821,150302,1947
2026-06-02 08:00:00+00:00,1921.35,1951.091,1902.501,1924.681,138349,1857
2026-06-03 08:00:00+00:00,1883.23,1979.921,1883.23,1936.161,110246,1617
2026-06-04 08:00:00+00:00,1932.261,1939.701,1856.691,1860.571,143229,397
2026-06-05 08:00:00+00:00,1835.65,1903.981,1835.65,1898.661,139782,1177
2026-06-06 08:00:00+00:00,1873.05,1904.031,1774.251,1787.521,167956,537
2026-06-09 08:00:00+00:00,1765.25,1796.841,1734.421,1753.861,210805,707
2026-06-10 08:00:00+00:00,1708.03,1786.271,1704.061,1724.621,213347,1717
2026-06-11 08:00:00+00:00,1678.2,1728.291,1648.151,1672.041,243182,397
2026-06-12 08:00:00+00:00,1625.29,1732.261,1625.29,1724.691,272143,397
2026-06-13 08:00:00+00:00,1713.4,1743.071,1693.131,1712.891,249858,647
2026-06-16 08:00:00+00:00,1706.4,1820.791,1706.4,1775.791,135075,397
2026-06-17 08:00:00+00:00,1743.67,1827.051,1743.67,1812.891,136882,1057
2026-06-18 08:00:00+00:00,1796.07,1820.611,1723.181,1731.941,185350,887
2026-06-19 08:00:00+00:00,1737.081,1772.891,1688.531,1698.231,193442,1007
2026-06-20 08:00:00+00:00,1690.58,1698.65,1650.091,1664.89,1630039,397
2026-06-23 08:00:00+00:00,1650.26,1707.171,1646.351,1680.651,176296,397
2026-06-24 08:00:00+00:00,1656.49,1683.441,1624.611,1653.221,198014,397
2026-06-25 08:00:00+00:00,1614.03,1659.381,1553.411,1571.771,247441,637
2026-06-26 08:00:00+00:00,1563.17,1616.971,1545.921,1599.421,206525,397
2026-06-27 08:00:00+00:00,1591.08,1640.891,1559.901,1628.211,147586,1527
2026-06-30 08:00:00+00:00,1597.45,1637.841,1567.231,1581.771,174126,397
2026-07-01 08:00:00+00:00,1575.18,1597.651,1551.261,1558.241,166164,397
2026-07-02 08:00:00+00:00,1527.57,1608.991,1527.57,1577.521,146454,777
2026-07-03 08:00:00+00:00,1539.3,1636.401,1539.3,1622.481,199877,1017
2026-07-04 08:00:00+00:00,1586.76,1667.311,1586.76,1642.62,1595581,2157
2026-07-07 08:00:00+00:00,1613.63,1663.141,1611.851,1637.141,153658,1597
2026-07-08 08:00:00+00:00,1614.38,1665.411,1602.611,1639.841,144356,1787
2026-07-09 08:00:00+00:00,1602.83,1644.191,1567.891,1587.211,173201,1717
2026-07-10 08:00:00+00:00,1555.86,1636.031,1555.86,1616.401,112594,1257
2026-07-11 08:00:00+00:00,1590.83,1644.601,1590.83,1630.121,105315,1127
2026-07-14 08:00:00+00:00,1598.87,1634.441,1592.981,1601.441,167178,1437
2026-07-15 08:00:00+00:00,1579.31,1664.351,1579.31,1631.321,170187,1517
2026-07-16 08:00:00+00:00,1608.03,1690.991,1608.03,1677.121,138004,1117
2026-07-17 08:00:00+00:00,1636.72,1678.311,1616.151,1620.911,128517,947
2026-07-18 08:00:00+00:00,1590.1,1623.521,1560.371,1598.411,163234,1627
2026-07-21 08:00:00+00:00,1560.33,1612.591,1560.33,1594.921,161906,1577
2026-07-22 08:00:00+00:00,1591.84,1638.891,1573.051,1633.031,156553,1977
2026-07-23 08:00:00+00:00,1587.79,1671.111,1587.79,1639.891,147998,1927
2026-07-24 08:00:00+00:00,1594.56,1660.841,1588.171,1593.851,191318,1537
2026-07-25 08:00:00+00:00,1557.84,1609.431,1557.84,1591.441,160214,1497
2026-07-28 08:00:00+00:00,1553.66,1644.921,1553.66,1625.551,140723,1637
2026-07-29 08:00:00+00:00,1592.19,1623.121,1582.851,1605.401,169516,1507
2026-07-30 08:00:00+00:00,1584.43,1641.761,1576.691,1609.581,246790,1657
2026-07-31 08:00:00+00:00,1610.791,1662.971,1583.321,1660.291,212593,1787
2026-08-01 08:00:00+00:00,1646.58,1660.491,1615.361,1653.341,174849,1817
2026-08-04 08:00:00+00:00,1624.67,1663.021,1610.721,1627.171,156853,1867
2026-08-05 08:00:00+00:00,1618.23,1750.151,1608.991,1735.611,139666,1517
2026-08-06 08:00:00+00:00,1703.12,1786.751,1703.12,1735.771,181257,1087
2026-08-07 08:00:00+00:00,1729.5,1787.441,1711.761,1726.911,186105,877
2026-08-08 08:00:00+00:00,1680.47,1782.521,1680.47,1749.861,222139,1197
2026-08-11 08:00:00+00:00,1706.56,1766.541,1706.56,1754.641,106387,717
2026-08-12 08:00:00+00:00,1734.3,1779.341,1732.401,1741.161,90392,397
2026-08-13 08:00:00+00:00,1739.741,1795.821,1708.331,1758.711,75163,817
2026-08-14 08:00:00+00:00,1748.94,1768.431,1712.281,1715.011,101072,397
2026-08-15 08:00:00+00:00,1689.4,1756.911,1689.4,1752.571,115998,797
2026-08-18 08:00:00+00:00,1727.24,1786.341,1727.24,1774.501,71970,1457
2026-08-19 08:00:00+00:00,1768.84,1782.691,1715.981,1717.941,158846,397
2026-08-20 08:00:00+00:00,1682.91,1821.681,1682.131,1819.211,63818,397
2026-08-21 08:00:00+00:00,1778.37,1841.811,1778.37,1841.811,105003,527
2026-08-22 08:00:00+00:00,1813.82,1909.471,1813.82,1880.871,128695,717
2026-08-25 08:00:00+00:00,1853.13,1904.201,1853.13,1876.071,166953,417
2026-08-26 08:00:00+00:00,1846.95,1897.731,1829.021,1861.891,136732,1357
2026-08-27 08:00:00+00:00,1833.68,1883.391,1830.091,1831.891,96389,1027
2026-08-28 08:00:00+00:00,1831.13,1859.041,1815.251,1849.441,35425,3277
2026-08-29 08:00:00+00:00,1849.531,1898.271,1816.911,1818.661,53146,2530
2026-09-01 08:00:00+00:00,1788.24,1835.921,1773.931,1794.781,188570,397
2026-09-02 08:00:00+00:00,1755.79,1814.621,1740.961,1743.081,230555,447
2026-09-03 08:00:00+00:00,1710.52,1776.161,1710.52,1763.391,230266,1057
2026-09-04 08:00:00+00:00,1738.29,1836.651,1737.221,1821.571,213749,1367
2026-09-05 08:00:00+00:00,1798.64,1827.501,1772.711,1823.711,195695,397
2026-09-08 08:00:00+00:00,1797.92,1832.381,1795.211,1826.38,902222,397
2026-09-09 08:00:00+00:00,1827.64,1852.911,1816.781,1819.421,210769,727
2026-09-10 08:00:00+00:00,1813.38,1927.321,1813.38,1895.171,155150,397
2026-09-11 08:00:00+00:00,1874.93,1907.171,1778.831,1781.271,144662,397
2026-09-12 08:00:00+00:00,1767.74,1818.111,1761.121,1796.681,186244,427
2026-09-15 08:00:00+00:00,1772.72,1803.891,1747.111,1757.031,224029,1507
2026-09-16 08:00:00+00:00,1743.56,1784.671,1740.041,1777.251,223725,1647
2026-09-17 08:00:00+00:00,1741.72,1798.451,1733.471,1751.131,265034,697
2026-09-18 08:00:00+00:00,1729.08,1806.431,1729.08,1773.731,141564,617
